symbol,gap_fill_rate,gap_go_rate,trend_1d,trend_3d,reversal_tendency,vol_move_corr,up_vol_ratio,avg_atr_pct,avg_range_pct,return_skew,vol_clustering,intraday_revert_rate,val_gap_fill,val_gap_go,val_trend_1d,drift,fvg_density,fvg_fill_rate,orb_breakout_rate,orb_hold_1h,vwap_reclaim_rate,morning_continuation,catalyst_wr,catalyst_avg,data_years,cluster,cluster_raw,cluster_dist,bt_n,bt_wr,bt_ev,bt_ann,bt_total,bt_prof_yr,bt_n_yr,bt_avg_w,bt_avg_l,passed
CAR,0.59375,0.6766304347826086,0.5506607929515418,0.5682819383259912,0.49254080759481406,0.34326041297030163,1.140289835196691,6.687322048673856,6.25930868424274,5.405812054468477,0.24211547387088297,0.5168986083499006,0.6526946107784432,0.6586826347305389,0.6233766233766234,0.03844620541525645,26.30365888792855,0.683461117196057,0.5370741482965932,0.5232067510548524,0.6452905811623246,0.0,0.5705882352941176,1.8771219160052073,6.0,HIGH_VOL,0,5.177,67,92.53731343283582,123.44970149253734,1378.5216666666668,8271.130000000001,6,6,136.87306451612906,-43.0,True
TGTX,0.6964285714285714,0.6577380952380952,0.5019762845849802,0.4901185770750988,0.5139942322759172,0.5694835252770276,1.1827507276869096,7.639648764561407,7.16666104027459,0.7962046922896554,0.15348125590415185,0.5079522862823062,0.725925925925926,0.6555555555555556,0.4788732394366197,0.015839947089947126,23.97003745318352,0.6814903846153846,0.5410821643286573,0.5,0.5891783567134269,0.0,0.556390977443609,2.176708746146057,6.0,HIGH_VOL,0,3.38,61,88.52459016393442,117.24983606557377,1192.04,7152.24,6,6,138.74685185185186,-48.58428571428572,True
CVNA,0.6787096774193548,0.6593548387096774,0.5375494071146245,0.48221343873517786,0.44987210508123054,0.4849572660916968,1.2676974363772926,9.878939796738996,9.033879522238264,1.1010607609988388,0.2832572868591623,0.5188866799204771,0.6197183098591549,0.6845070422535211,0.53,0.042071785552021845,26.801152737752158,0.6978494623655914,0.533066132264529,0.510548523206751,0.5731462925851704,0.0,0.563953488372093,3.937413098018862,6.0,HIGH_VOL,0,3.202,69,92.7536231884058,117.01739130434784,1345.7,8074.200000000001,6,6,129.90765625,-47.978,True
VSAT,0.5844594594594594,0.706081081081081,0.5414012738853503,0.5414012738853503,0.4582067817765758,0.3445076637877789,1.0331989428445607,4.843931926026525,4.439810012518939,0.08125464002640631,0.13193072376538556,0.4821073558648111,0.6714285714285714,0.6485714285714286,0.4230769230769231,0.0722393822393822,26.361279170267935,0.6939890710382514,0.5070140280561122,0.46956521739130436,0.5731462925851704,0.0,0.5578231292517006,1.232030700338854,6.0,INSTITUTIONAL,2,3.408,47,95.74468085106383,111.27446808510638,871.65,5229.9,6,6,116.25066666666666,-0.69,True
CENX,0.5932415519399249,0.7021276595744681,0.4763779527559055,0.4763779527559055,0.5211440329218107,0.36081339811377683,1.0234729835337537,7.005867155727924,6.407152078862411,0.09356811075311888,0.10420844767225296,0.46421471172962225,0.5916230366492147,0.6727748691099477,0.5283018867924528,0.01548565287761533,27.571305099394987,0.6739811912225705,0.48296593186372744,0.48878923766816146,0.593186372745491,0.0,0.5816326530612245,1.271682691121514,6.0,MOMENTUM,1,3.209,80,96.25,107.75974999999998,1436.7966666666669,8620.78,6,6,112.50272727272726,-13.976666666666667,True
CYTK,0.7441077441077442,0.6430976430976431,0.5051020408163265,0.5204081632653061,0.520884520884521,0.37564316948252996,1.1989726244346832,5.801585191948103,5.629251789583298,4.559939249642252,0.025922280035424565,0.4860834990059642,0.706766917293233,0.6390977443609023,0.53125,0.02067036277562595,24.099164024214474,0.7284688995215312,0.5050100200400801,0.4660633484162896,0.6212424849699398,0.0,0.5594405594405595,1.481523353643289,6.0,HIGH_VOL,0,4.551,57,92.98245614035088,94.11105263157897,894.055,5364.33,6,6,107.76811320754719,-86.845,True
CDE,0.5891276864728192,0.7041719342604298,0.4557522123893805,0.4646017699115044,0.5540824915824916,0.3737635881296802,1.0787330557759276,6.636085804329881,6.0979543569778505,0.5245758643891844,0.09848838838720614,0.4592445328031809,0.5707317073170731,0.697560975609756,0.4336283185840708,0.012503468903209913,27.636887608069163,0.6673618352450469,0.4589178356713427,0.4218009478672986,0.5751503006012024,0.0,0.5806451612903226,1.646259960109223,6.0,MOMENTUM,1,4.009,37,89.1891891891892,92.16216216216216,568.3333333333334,3410.0,4,6,110.3978787878788,-58.2825,True
LQDA,0.7892074198988196,0.6003372681281619,0.49107142857142855,0.5223214285714286,0.4766833270463976,0.45555647423806517,1.2132407833109538,7.817501130301573,7.596723224850796,0.6032209748386909,0.21668879797944182,0.5188866799204771,0.75,0.63671875,0.5555555555555556,0.037794450885328845,23.50907519446845,0.7009803921568627,0.5551102204408818,0.46808510638297873,0.6513026052104208,0.0,0.608,1.24535995870408,6.0,HIGH_VOL,0,4.616,55,87.27272727272727,89.49799999999999,820.3983333333334,4922.39,5,6,113.75604166666666,-76.84285714285714,True
PI,0.6274509803921569,0.7086834733893558,0.5240384615384616,0.5721153846153846,0.5147093592731449,0.425233891488956,0.9370574725696893,5.8020425346739595,5.355107820548354,-0.07055099013036689,0.007100125399534367,0.48111332007952284,0.6226993865030674,0.6932515337423313,0.4939759036144578,0.010091766768056953,28.032267358110055,0.6752312435765673,0.503006012024048,0.5217391304347826,0.6132264529058116,0.0,0.5584415584415584,0.8510108654353291,6.0,MOMENTUM,1,3.647,67,92.53731343283582,89.4,998.3000000000002,5989.800000000001,6,6,102.22725806451614,-69.65799999999999,True
TPL,0.5583596214511041,0.7066246056782335,0.4413793103448276,0.5172413793103449,0.4903620433129443,0.3606265318089621,0.9985696787109575,4.350493829599114,4.043220370148206,0.09087536745108991,0.2772230809906269,0.5019880715705766,0.5857142857142857,0.6535714285714286,0.6170212765957447,0.04020392068499329,34.01556644566158,0.7067796610169491,0.5490981963927856,0.562753036437247,0.6472945891783567,0.0,0.5163398692810458,0.4633807414227714,6.0,INSTITUTIONAL,2,5.737,64,98.4375,88.19015624999997,940.695,5644.17,6,6,89.66555555555553,-4.76,True
RUN,0.6142857142857143,0.6805194805194805,0.5370370370370371,0.5518518518518518,0.47114465128139743,0.41898872434473494,1.0571607606991682,7.649102390076523,7.017738459002275,0.5658107911418844,0.04638727514813171,0.5099403578528827,0.6058981233243967,0.6997319034852547,0.4566929133858268,0.013800006963545886,26.79343128781331,0.7129032258064516,0.46693386773547096,0.4694835680751174,0.5851703406813628,0.0,0.5698924731182796,0.8497269676218241,6.0,HIGH_VOL,0,3.579,54,87.03703703703704,87.1151851851852,784.0366666666669,4704.220000000001,6,6,113.12319148936172,-87.50999999999999,True
UCTT,0.574792243767313,0.7229916897506925,0.49238578680203043,0.5126903553299492,0.5010452961672474,0.32293582328596804,1.016472661328366,5.080158260794073,4.666265721276546,0.2916349473406034,0.1401646932334903,0.46222664015904574,0.516042780748663,0.7540106951871658,0.42168674698795183,0.044884234227561604,30.50993949870354,0.6525023607176582,0.46693386773547096,0.543778801843318,0.5711422845691383,0.0,0.5359116022099447,-0.0010696730828423312,6.0,MOMENTUM,1,3.309,50,96.0,86.759,722.9916666666667,4337.95,6,6,92.11125,-41.695,True
PTGX,0.7652892561983471,0.6429752066115703,0.47465437788018433,0.5253456221198156,0.5181623931623932,0.38212888806509415,1.2756658741535634,6.6952146953157925,6.226303652737762,4.113745893145262,0.09912017666746975,0.4990059642147117,0.6666666666666666,0.6590038314176245,0.5079365079365079,0.057325607168867365,23.94122731201383,0.7424789410348978,0.5190380761523046,0.48497854077253216,0.6232464929859719,0.0,0.5983606557377049,2.2438870565420643,6.0,HIGH_VOL,0,4.579,63,93.65079365079364,86.46349206349204,907.8666666666667,5447.2,6,6,96.27999999999999,-58.33,True
CLF,0.5849297573435505,0.685823754789272,0.5462962962962963,0.49074074074074076,0.5017102181683718,0.4695768705133239,0.9776796059129238,5.575768694572565,5.0837424617189235,0.03475959386508822,0.17713745360424663,0.474155069582505,0.5654761904761905,0.7142857142857143,0.49295774647887325,0.023957763181901126,28.242074927953887,0.65,0.4789579158316633,0.5096153846153846,0.5951903807615231,0.0,0.526595744680851,0.5942096684317003,6.0,MOMENTUM,1,2.566,62,95.16129032258065,83.87967741935482,866.7566666666665,5200.539999999999,6,6,92.71559322033896,-89.89333333333333,True
VICR,0.5858267716535434,0.7133858267716535,0.5298013245033113,0.5496688741721855,0.4683760683760684,0.36952699707052056,0.9584855677683213,4.833203266619361,4.40636315825474,1.908244855647234,0.1361895592790186,0.4840954274353877,0.5623188405797102,0.6898550724637681,0.47435897435897434,0.023519342690859313,29.47277441659464,0.6832844574780058,0.5270541082164328,0.5194805194805194,0.6372745490981964,0.0,0.554140127388535,0.8210802585857943,6.0,INSTITUTIONAL,2,4.526,56,94.64285714285714,83.24464285714286,776.9500000000002,4661.700000000001,6,6,92.31547169811321,-77.00666666666666,True
MIR,0.7042889390519187,0.6681715575620768,0.5365853658536586,0.45121951219512196,0.4466748768472907,0.2697106694864098,1.0564640732661443,3.6792815509918726,3.498718280364558,0.2705373783667965,0.28726070121918784,0.5378250591016549,0.6134751773049646,0.6808510638297872,0.5,0.05174663400733226,25.763688760806915,0.6946308724832215,0.48697394789579157,0.5321100917431193,0.6412825651302605,0.0,0.5803571428571429,0.5948399193557476,5.3,HIGH_VOL,0,4.876,42,95.23809523809523,81.99904761904759,573.9933333333333,3443.96,6,6,89.13974999999999,-60.815,True
ALGT,0.5674891146589259,0.7111756168359942,0.4057971014492754,0.42028985507246375,0.5286175979983319,0.2568170220071586,1.0336314523318961,4.821962549600053,4.333803572775082,0.3129553847689547,0.21215720247749395,0.5159045725646123,0.640625,0.6625,0.5172413793103449,0.06090575108853413,29.29991356957649,0.688298918387414,0.4909819639278557,0.5162790697674419,0.5591182364729459,0.0,0.5029239766081871,0.27078907166850474,6.0,INSTITUTIONAL,2,3.302,41,90.2439024390244,81.37926829268294,556.0916666666667,3336.55,5,6,96.39324324324325,-57.5,True
CC,0.533715925394548,0.7345767575322812,0.49673202614379086,0.49673202614379086,0.5079140089770848,0.357941894463264,1.054845057845683,4.677862071158931,4.229093421467771,0.5577696972212485,0.25757900636876707,0.47713717693836977,0.54858934169279,0.7554858934169278,0.4852941176470588,0.017891276091444253,27.0028818443804,0.6787620064034151,0.46893787575150303,0.4433497536945813,0.6152304609218436,0.0,0.5384615384615384,0.30293602744552867,6.0,INSTITUTIONAL,2,3.404,38,97.36842105263158,81.19447368421052,514.2316666666667,3085.3900000000003,6,6,83.58837837837838,-7.38,True
AMKR,0.5262390670553936,0.7026239067055393,0.4658385093167702,0.5652173913043478,0.5065147136774789,0.3414745589412472,1.0900846771218664,4.363887266734242,3.9619261430921267,-0.2509351089925629,0.20383963278733078,0.4860834990059642,0.48044692737430167,0.7849162011173184,0.4264705882352941,0.0640422170464355,28.867761452031115,0.6497005988023952,0.4709418837675351,0.5164319248826291,0.5591182364729459,0.0,0.5414012738853503,0.5617522910107148,6.0,MOMENTUM,1,2.497,62,93.54838709677419,79.61516129032258,822.6899999999999,4936.139999999999,6,6,87.75844827586207,-38.4625,True
MXL,0.570054945054945,0.75,0.44385026737967914,0.48663101604278075,0.5274553895256058,0.38781156792792526,0.9307181056332413,5.012308319574106,4.540948561148878,-0.10351008049035293,0.16561458120454528,0.4691848906560636,0.5683060109289617,0.7240437158469946,0.4909090909090909,0.013852609139494376,29.904926534140017,0.6666666666666666,0.5270541082164328,0.5371900826446281,0.5731462925851704,0.0,0.5266272189349113,0.12578766657509774,6.0,INSTITUTIONAL,2,2.972,66,96.96969696969697,78.77909090909091,866.5699999999998,5199.419999999999,6,6,84.8346875,-115.0,True
RMBS,0.5642633228840125,0.713166144200627,0.5267857142857143,0.5625,0.5128045404208195,0.3827037631167883,0.9690809190909446,3.5592194792056207,3.3389643932493693,0.22077918132088808,0.20690634716272274,0.48807157057654077,0.5,0.7668539325842697,0.38461538461538464,0.058975555633827614,28.925381734370497,0.6583665338645418,0.49298597194388777,0.5486725663716814,0.5991983967935872,0.0,0.5131578947368421,0.4280813421619303,6.0,INSTITUTIONAL,2,3.101,69,97.10144927536231,78.34855072463768,901.0083333333333,5406.05,6,6,81.39731343283583,-23.785,True
AVAV,0.5846994535519126,0.7158469945355191,0.45454545454545453,0.5,0.4545775892541534,0.4520798064152728,0.9942712395270104,4.059145313734249,3.810107490273817,0.6019933553362775,0.128234082786073,0.5178926441351889,0.6026490066225165,0.7086092715231788,0.421875,0.012593638041472177,27.657735522904062,0.6791666666666667,0.4529058116232465,0.4803921568627451,0.5851703406813628,0.0,0.5384615384615384,1.0199468021303775,6.0,MOMENTUM,1,2.708,54,94.44444444444444,78.1425925925926,703.2833333333333,4219.7,6,6,84.74372549019608,-34.07666666666666,True
P,0.5559006211180124,0.7375776397515528,0.4642857142857143,0.5,0.45739393843775145,0.3958152029776696,1.0624292318449158,3.979131045737043,3.6443477833158684,0.19954481524853154,0.09417106778878805,0.49801192842942343,0.5161290322580645,0.7565982404692082,0.5373134328358209,0.029396094788801674,26.077097505668934,0.6434782608695652,0.5555555555555556,0.3939393939393939,0.5555555555555556,0.0,0.5174418604651163,0.1260992553733997,6.0,INSTITUTIONAL,2,4.604,54,98.14814814814815,77.95648148148149,701.6083333333332,4209.65,6,6,81.59716981132075,-115.0,True
PATH,0.627254509018036,0.6813627254509018,0.41911764705882354,0.4117647058823529,0.4835125448028674,0.45234991267662383,1.138084475895804,6.09231874559494,5.56104752143402,0.35985143832051086,0.05970389370450864,0.5051546391752577,0.5848484848484848,0.7090909090909091,0.45454545454545453,0.03506710390477924,25.475504322766568,0.6957013574660633,0.46292585170340683,0.47619047619047616,0.5430861723446894,0.0,0.6086956521739131,1.3334581249296007,4.7,HIGH_VOL,0,2.786,51,88.23529411764706,77.29274509803923,788.386,3941.93,5,5,92.20866666666669,-34.57666666666667,True
UAL,0.5105782792665726,0.7334273624823695,0.5263157894736842,0.4868421052631579,0.5002983156638671,0.48780222877089136,1.0026236183856632,5.0820351581663585,4.426103559682231,0.060454691973896794,0.29981181445565125,0.4990059642147117,0.5017543859649123,0.7228070175438597,0.42424242424242425,0.009722119120085082,28.60847018150389,0.6686807653575025,0.5090180360721442,0.49783549783549785,0.5110220440881763,0.0,0.5621890547263682,0.640961298128136,6.0,MOMENTUM,1,2.911,47,95.74468085106383,77.21808510638299,604.875,3629.25,6,6,83.20555555555555,-57.5,True
STRL,0.6338028169014085,0.7059859154929577,0.5486111111111112,0.5208333333333334,0.4672334339742571,0.39667783589713057,1.107737661651338,4.289267427499443,4.0596028819361445,0.21805483716756138,0.16304892292124015,0.4860834990059642,0.5636363636363636,0.7121212121212122,0.504950495049505,0.03815087494664965,28.11869778161913,0.6905737704918032,0.5070140280561122,0.5574468085106383,0.5971943887775552,0.0,0.6078431372549019,1.3372430898804473,6.0,MOMENTUM,1,3.602,77,97.40259740259741,77.00415584415586,988.2199999999998,5929.319999999999,6,6,80.27693333333333,-45.724999999999994,True
VSEC,0.6335504885993485,0.6889250814332247,0.42592592592592593,0.5,0.526468747941777,0.3124461288647791,0.9621339027763598,4.233006513513041,3.926270924573779,0.14442000494104631,0.26380015023897013,0.5228628230616302,0.7011494252873564,0.6551724137931034,0.5416666666666666,0.05067580216406459,27.97464707577067,0.7229660144181257,0.5470941883767535,0.5390946502057613,0.5991983967935872,0.0,0.5149253731343284,0.3913725682307345,6.0,INSTITUTIONAL,2,3.95,53,96.22641509433963,75.47490566037735,666.695,4000.17,6,6,80.39549019607843,-50.0,True
POWL,0.6345811051693404,0.714795008912656,0.44642857142857145,0.5714285714285714,0.5076696165191741,0.2972963790247057,1.05703862755057,4.301065441970095,4.057704342480052,2.2653287644697877,0.11949189753900137,0.49105367793240556,0.5585585585585585,0.7267267267267268,0.5752212389380531,0.04397713221242633,28.810141169691732,0.681,0.5370741482965932,0.4777327935222672,0.591182364729459,0.0,0.5857142857142857,1.9361280927449513,6.0,INSTITUTIONAL,2,3.76,52,92.3076923076923,74.64980769230768,646.965,3881.79,6,6,85.95604166666665,-61.025,True
CEG,0.6079295154185022,0.6960352422907489,0.5306122448979592,0.5918367346938775,0.4951779935275081,0.3722079791076358,0.9471359322530982,3.26481328165402,3.2283548431087676,0.6935593045008174,0.08368674796872681,0.5448979591836735,0.6094276094276094,0.6835016835016835,0.5526315789473685,0.007015826399086322,25.61221549985595,0.655793025871766,0.48296593186372744,0.5114155251141552,0.5370741482965932,0.0,0.5520833333333334,1.0946221376051073,3.9,MOMENTUM,1,2.721,39,97.43589743589743,74.46871794871792,726.0699999999998,2904.2799999999993,4,4,76.6565789473684,-8.67,True
NWL,0.5140350877192983,0.756140350877193,0.5,0.4431818181818182,0.5259388308168795,0.29025388485168485,0.8655892602085766,3.625589590338379,3.322025867470438,0.10893498395009876,0.23506761853649244,0.47514910536779326,0.5855263157894737,0.7072368421052632,0.4696969696969697,0.06019736842105261,24.51743013540766,0.699177438307873,0.4729458917835671,0.47619047619047616,0.6132264529058116,0.0,0.5069444444444444,0.022322021953470033,6.0,INSTITUTIONAL,2,3.716,35,94.28571428571428,74.23942857142856,433.0633333333333,2598.3799999999997,6,6,79.00393939393939,-4.375,True
EXTR,0.6009463722397477,0.7050473186119873,0.48066298342541436,0.5524861878453039,0.4885174418604651,0.4042362841290043,0.9981874013896315,4.895539117441938,4.5241187236224985,0.0712639520047166,0.2941995449475288,0.4860834990059642,0.597864768683274,0.6690391459074733,0.4166666666666667,0.019544888130493876,27.052722558340534,0.6826411075612353,0.5190380761523046,0.47280334728033474,0.6032064128256514,0.0,0.5098039215686274,0.6796152680533611,6.0,INSTITUTIONAL,2,2.837,54,90.74074074074075,71.92537037037036,647.3283333333333,3883.97,6,6,85.29367346938774,-59.084,True
PLAB,0.5517241379310345,0.7445141065830722,0.5,0.5076923076923077,0.4815966386554622,0.40173918027821076,0.9977336076861663,4.02138361421524,3.698690024904489,0.3862193094558519,0.18876701883524827,0.4831013916500994,0.5015384615384615,0.7661538461538462,0.45,0.03591270798167351,28.377989052146354,0.6741116751269035,0.48096192384769537,0.5117370892018779,0.5871743486973948,0.0,0.5228758169934641,0.8609468484317258,6.0,INSTITUTIONAL,2,2.357,55,92.72727272727272,70.72781818181818,648.3383333333334,3890.03,6,6,77.4205882352941,-14.605,True
THC,0.5981735159817352,0.7077625570776256,0.5234899328859061,0.5906040268456376,0.534047034047034,0.39615917811367063,1.0602442096068425,5.009324683204214,4.590568281772666,0.399054290648786,0.2631675911088593,0.5089463220675944,0.5889830508474576,0.6694915254237288,0.6842105263157895,0.023730748394087176,24.899135446685875,0.6967592592592593,0.48096192384769537,0.5251141552511416,0.6072144288577155,0.0,0.56875,0.6856300775673084,6.0,INSTITUTIONAL,2,3.518,60,93.33333333333333,69.25583333333333,692.5583333333333,4155.349999999999,6,6,76.68910714285714,-34.81,True
GVA,0.5670103092783505,0.7096219931271478,0.5428571428571428,0.5333333333333333,0.503405572755418,0.2478218720768979,1.0338850223174527,3.9269667787166966,3.6789542312208683,0.8378050190874092,0.33516523137480303,0.4990059642147117,0.6032388663967612,0.7246963562753036,0.6111111111111112,0.025651460133283233,25.561959654178672,0.7531003382187148,0.5110220440881763,0.4686192468619247,0.6753507014028056,0.0,0.5185185185185185,0.7044340375014476,6.0,INSTITUTIONAL,2,6.442,60,100.0,66.5035,665.035,3990.21,6,6,66.5035,0.0,True
NTNX,0.5906902086677368,0.7110754414125201,0.45985401459854014,0.5401459854014599,0.47352722465504415,0.4398497214701792,1.0926223830979322,4.5144688277057625,4.075246388561621,0.6683828503857265,0.08240499852817341,0.49204771371769385,0.5387453874538746,0.7232472324723247,0.6222222222222222,0.032058306136833414,26.418899452607317,0.6772082878953108,0.48296593186372744,0.4590909090909091,0.5991983967935872,0.0,0.6074074074074074,1.0043165657092272,6.0,MOMENTUM,1,2.991,50,92.0,66.22380000000003,551.8650000000001,3311.1900000000005,6,6,77.2117391304348,-60.1375,True
ALK,0.5359195402298851,0.7140804597701149,0.5371900826446281,0.5206611570247934,0.5252415458937199,0.354123232065522,1.0221757645660428,4.213180127888003,3.7187967783953093,-0.11643449109943971,0.1905832192222309,0.5238568588469185,0.539568345323741,0.697841726618705,0.4,0.009943769122632895,27.11815561959654,0.6737513283740701,0.46292585170340683,0.48826291079812206,0.5751503006012024,0.0,0.5340909090909091,0.2178538387700291,6.0,MOMENTUM,1,2.481,48,93.75,65.92333333333333,527.3866666666667,3164.32,6,6,70.88577777777778,-8.513333333333334,True
IRDM,0.572744014732965,0.7384898710865562,0.41509433962264153,0.49056603773584906,0.5238848547717843,0.36732157184060954,0.9708537140698487,3.7936230130817585,3.5360518964335586,-0.16688448788833368,0.24541649699131493,0.48807157057654077,0.5966386554621849,0.7100840336134454,0.41025641025641024,0.026150239101165318,26.390089311437624,0.665938864628821,0.4729458917835671,0.4838709677419355,0.6012024048096193,0.0,0.5384615384615384,0.13259831543526165,6.0,INSTITUTIONAL,2,2.469,50,96.0,65.86139999999999,548.845,3293.07,6,6,69.22791666666667,-14.935,True
SMTC,0.5640287769784172,0.7007194244604317,0.46774193548387094,0.5080645161290323,0.5447361149488809,0.31711900562830303,0.8996417529769328,4.215036435965969,3.7514999526459163,-0.8473737683003081,0.21267612447805212,0.4840954274353877,0.574468085106383,0.7180851063829787,0.5486725663716814,0.013902495025256423,28.262748487467587,0.6768603465851172,0.5110220440881763,0.5520361990950227,0.5811623246492986,0.0,0.5031847133757962,0.17319364628813488,6.0,INSTITUTIONAL,2,2.803,54,92.5925925925926,65.62092592592593,590.5883333333335,3543.5300000000007,6,6,77.7222,-85.64500000000001,True
MTRN,0.5473515248796148,0.7191011235955056,0.45098039215686275,0.5,0.522298960069858,0.263040284223809,1.0031453868202571,3.433283786051177,3.1593720915777688,0.413121349315767,0.19504001944827698,0.49204771371769385,0.5431309904153354,0.7220447284345048,0.43478260869565216,0.003582069651639319,32.59365994236311,0.7011494252873564,0.5470941883767535,0.5654008438818565,0.6432865731462926,0.0,0.5223880597014925,0.8053226191298588,6.0,INSTITUTIONAL,2,5.391,42,97.61904761904762,65.58690476190476,459.10833333333335,2754.65,6,6,67.27707317073171,-3.71,True
HLIT,0.6354166666666666,0.6961805555555556,0.36,0.432,0.513014675524528,0.4395457079224962,1.0299463838441554,4.07937621204908,3.790351804557316,0.7498682899282322,0.11723068469065397,0.46222664015904574,0.5783132530120482,0.6987951807228916,0.55,0.02985901941097724,27.225583405358684,0.6952380952380952,0.531062124248497,0.4831932773109244,0.6172344689378757,0.0,0.5196850393700787,0.1720029421037744,6.0,INSTITUTIONAL,2,4.426,49,87.75510204081633,65.21122448979592,532.5583333333333,3195.35,6,6,74.8339534883721,-3.751666666666667,True
AAL,0.5632022471910112,0.7120786516853933,0.512987012987013,0.5064935064935064,0.474001210653753,0.49656188693427283,1.1349196741177223,5.268538526294053,4.670168073860439,1.513469251976167,0.24152717073502372,0.5039761431411531,0.5205479452054794,0.7328767123287672,0.38596491228070173,0.03172618131445282,25.410544511668107,0.6791383219954649,0.4969939879759519,0.5066666666666667,0.5551102204408818,0.0,0.5567010309278351,1.1535788911421576,6.0,MOMENTUM,1,2.333,49,79.59183673469387,65.17775510204082,532.285,3193.7099999999996,6,6,94.29384615384618,-48.375,True
UTI,0.735144312393888,0.6213921901528013,0.4649122807017544,0.4649122807017544,0.5044250667013731,0.3171753179164063,0.9436981099078497,4.709181231886237,4.524430489210381,-0.08373181173896722,0.30563501166953994,0.532803180914513,0.6743295019157088,0.6551724137931034,0.5081967213114754,0.047297517059240624,26.541786743515846,0.6851248642779587,0.531062124248497,0.5720164609053497,0.6112224448897795,0.0,0.5428571428571428,0.5154753508682354,6.0,INSTITUTIONAL,2,4.651,73,93.15068493150685,64.54301369863013,785.2733333333334,4711.64,6,6,74.8460294117647,-75.578,True
ATI,0.5905292479108635,0.7075208913649025,0.43333333333333335,0.5,0.5062212539336722,0.3568957457879175,1.0133415484455714,4.899547243665461,4.497851150620385,0.36024883816604364,0.2777707897436339,0.5248508946322068,0.6192170818505338,0.6903914590747331,0.4883720930232558,0.022908633114919863,24.610951008645532,0.6721311475409836,0.5070140280561122,0.45689655172413796,0.6152304609218436,0.0,0.5402298850574713,0.8061900898327037,6.0,INSTITUTIONAL,2,3.262,58,87.93103448275862,64.4387931034483,622.9083333333334,3737.4500000000003,6,6,74.77000000000002,-10.831428571428571,True
AGX,0.6172566371681416,0.7035398230088495,0.44,0.42,0.4947257383966245,0.2855813420057664,1.0464456939768756,2.9893440509181737,2.808010467733333,0.17590860212496337,0.19356623515397953,0.48807157057654077,0.5723905723905723,0.6801346801346801,0.5168539325842697,0.03413560382586933,27.86743515850144,0.6783867631851086,0.5190380761523046,0.5191489361702127,0.6152304609218436,0.0,0.5367647058823529,0.46807631780225206,6.0,INSTITUTIONAL,2,3.557,56,96.42857142857143,63.92232142857143,596.6083333333333,3579.65,6,6,68.47277777777778,-58.94,True
COHU,0.5754437869822485,0.727810650887574,0.5584415584415584,0.5584415584415584,0.5196283045120255,0.283000268770342,1.0419655889587558,4.648497976698984,4.299000985907255,-0.16931869298451072,0.21176542786496508,0.5139165009940357,0.5512048192771084,0.7319277108433735,0.43548387096774194,0.014178013830469793,30.567559781042927,0.6927426955702167,0.47695390781563124,0.5476190476190477,0.5991983967935872,0.0,0.524822695035461,0.3255828488484515,6.0,INSTITUTIONAL,2,4.05,46,95.65217391304348,63.26478260869566,485.03000000000003,2910.1800000000003,6,6,69.10727272727273,-65.27,True
EZPW,0.6882591093117408,0.6396761133603239,0.4854368932038835,0.4174757281553398,0.47099567099567097,0.36143604815989094,1.0572977914514248,3.9030213035249095,3.716833663372058,-0.7202795690900698,0.23029865356894927,0.4990059642147117,0.6783625730994152,0.6842105263157895,0.4666666666666667,0.027215474583895616,26.188418323249785,0.7304730473047305,0.5070140280561122,0.504424778761062,0.6112224448897795,0.0,0.616822429906542,0.8918850000072885,6.0,HIGH_VOL,0,4.116,52,96.15384615384616,63.11288461538462,546.9783333333334,3281.87,6,6,66.518,-22.015,True
FIX,0.5333333333333333,0.736936936936937,0.5232558139534884,0.4418604651162791,0.5162356601205522,0.2571977859257758,0.9610182031550486,3.346690832865575,3.098920789652784,0.17861369725177062,0.31297946968764606,0.5168986083499006,0.5466237942122186,0.729903536977492,0.5970149253731343,0.010161930419165133,27.636887608069163,0.6986444212721585,0.5070140280561122,0.5378151260504201,0.6232464929859719,0.0,0.5857142857142857,1.0545931455424695,6.0,INSTITUTIONAL,2,3.828,49,95.91836734693877,62.09081632653061,507.075,3042.45,6,6,65.33063829787234,-14.045,True
UFPT,0.6914498141263941,0.6914498141263941,0.49019607843137253,0.45098039215686275,0.5256928771327977,0.2588862212670845,1.136565370706089,3.7273416162844337,3.6138095008345394,0.0017772824219358873,0.16741351764726503,0.5208747514910537,0.7138157894736842,0.6381578947368421,0.47619047619047616,0.03782894736842102,36.529548088064885,0.7581284694686756,0.5831663326653307,0.5287356321839081,0.6192384769539078,0.0,0.5971223021582733,0.7872439974600974,6.0,INSTITUTIONAL,2,7.937,50,98.0,61.76440000000001,514.7033333333334,3088.2200000000003,6,6,65.0657142857143,-100.0,True
SANM,0.5638686131386861,0.7536496350364964,0.4857142857142857,0.5142857142857142,0.5381859387758503,0.2740142777188446,0.9850387120083277,3.1541366825767865,2.9180224560011405,-0.17875093797486896,0.18761646730395215,0.5099403578528827,0.5653710247349824,0.7561837455830389,0.4358974358974359,0.0020182610714193916,27.830596369922212,0.6884057971014492,0.533066132264529,0.5061728395061729,0.591182364729459,0.0,0.5074626865671642,0.5923488345010167,6.0,INSTITUTIONAL,2,2.813,42,95.23809523809523,61.343333333333305,429.40333333333336,2576.42,6,6,70.1605,-115.0,True
OLLI,0.6802325581395349,0.6414728682170543,0.4855072463768116,0.5289855072463768,0.49410206155632985,0.41368466651252594,1.0333598832282729,4.424638167918482,4.200414333749464,-0.47139142758215163,0.27724136879834754,0.49801192842942343,0.6396396396396397,0.6891891891891891,0.5918367346938775,0.04415461973601503,25.900316911552867,0.6941045606229144,0.46292585170340683,0.48,0.6072144288577155,0.0,0.5608108108108109,0.4147166614923746,6.0,HIGH_VOL,0,3.39,41,90.2439024390244,61.1539024390244,417.88500000000005,2507.3100000000004,6,6,70.85864864864865,-28.615000000000002,True
BLDR,0.5552193645990923,0.7291981845688351,0.5474452554744526,0.5401459854014599,0.49327523392235223,0.2910379601729189,0.9699660846700243,4.451458963283245,4.083503223986753,0.07529719546687166,0.25338958176953064,0.48807157057654077,0.5167173252279635,0.7173252279635258,0.44642857142857145,0.02518749798821901,26.94524495677233,0.6598930481283423,0.46292585170340683,0.42857142857142855,0.5490981963927856,0.0,0.569620253164557,0.5079249141419192,6.0,INSTITUTIONAL,2,3.56,53,88.67924528301887,60.503396226415106,534.4466666666667,3206.6800000000003,6,6,74.11340425531915,-46.10833333333333,True
FICO,0.575984990619137,0.701688555347092,0.4805194805194805,0.5454545454545454,0.4955642615466805,0.2810959484444384,0.9472817688193627,3.278585164232825,3.083849065620063,1.5013736109939402,0.20078921812185693,0.5397614314115308,0.5701754385964912,0.7017543859649122,0.6341463414634146,0.002937691320233027,29.518593254540214,0.689453125,0.5090180360721442,0.5065502183406113,0.5991983967935872,0.0,0.5285714285714286,0.08105968006115005,6.0,INSTITUTIONAL,2,3.507,36,97.22222222222221,60.427714285714295,352.49500000000006,2114.9700000000003,6,6,60.427714285714295,0.0,True
TYL,0.5668662674650699,0.7105788423153693,0.49230769230769234,0.4461538461538462,0.5320236906442616,0.23318635862768874,0.9429949978460374,2.8254551856698553,2.6234361320096737,-0.048603805176627025,0.2112902107277224,0.5019880715705766,0.5231788079470199,0.7615894039735099,0.2727272727272727,0.04734901058809532,26.57060518731988,0.7071583514099783,0.5070140280561122,0.4841628959276018,0.6232464929859719,0.0,0.5043478260869565,0.5379468590212295,6.0,INSTITUTIONAL,2,4.053,33,100.0,60.332424242424246,331.8283333333333,1990.97,6,6,60.332424242424246,0.0,True
CRS,0.5421853388658368,0.6998616874135546,0.4327485380116959,0.4502923976608187,0.530883025773982,0.2892990512350247,1.0026687058489605,4.951684537585991,4.480196930695188,0.016898301964475074,0.2129803692615068,0.49801192842942343,0.6258503401360545,0.6802721088435374,0.5079365079365079,0.05162728992011745,25.273775216138326,0.7058152793614595,0.5190380761523046,0.5,0.6152304609218436,0.0,0.6081871345029239,0.9636087745702094,6.0,INSTITUTIONAL,2,3.512,56,96.42857142857143,60.25785714285715,562.4066666666668,3374.4400000000005,6,6,64.38407407407408,-51.15,True
VIRT,0.62,0.6714285714285714,0.43283582089552236,0.5671641791044776,0.5020155038759689,0.4553739680052164,0.9626847770402926,3.091298750103738,2.974564000000008,-0.42271314529652004,0.18333472347851046,0.5059642147117296,0.6329787234042553,0.6702127659574468,0.6086956521739131,0.007097264437689932,25.878962536023053,0.678173719376392,0.4649298597194389,0.5396039603960396,0.6633266533066132,0.0,0.5826086956521739,0.01570014145597215,6.0,INSTITUTIONAL,2,4.925,38,94.73684210526315,60.18263157894737,381.1566666666667,2286.94,6,6,64.40305555555557,-15.785,True
FN,0.5625,0.7621527777777778,0.5,0.4883720930232558,0.5190605239385727,0.34150376348452033,1.010181390407217,3.263279013480516,3.0187506551655234,2.0790805144287794,0.09803783947638886,0.49204771371769385,0.543859649122807,0.716374269005848,0.5730337078651685,0.032209429824561375,29.971181556195962,0.6788461538461539,0.49498997995991983,0.6171171171171171,0.5791583166332666,0.0,0.5033112582781457,-0.007239825807627025,6.0,INSTITUTIONAL,2,4.365,48,93.75,59.69312500000001,477.5449999999999,2865.2699999999995,6,6,68.908,-78.53,True
VECO,0.6050295857988166,0.6923076923076923,0.460431654676259,0.49640287769784175,0.4919846577498033,0.2879989045665288,1.057412591633353,4.296309428683224,3.9762583055207825,-0.26804046529834863,0.3031726530679395,0.47813121272365805,0.5542168674698795,0.7771084337349398,0.5081967213114754,0.06780672987809228,28.723710746182654,0.6800401203610833,0.48296593186372744,0.514018691588785,0.6032064128256514,0.0,0.5231788079470199,0.915976589710055,6.0,INSTITUTIONAL,2,3.148,56,92.85714285714286,58.7925,548.73,3292.38,6,6,69.0525,-74.5875,True
NRG,0.5352112676056338,0.7112676056338029,0.43478260869565216,0.5072463768115942,0.5062872975277067,0.34238522503122787,0.9497502621443821,3.0787194211270874,2.872020154439607,-0.5587443922041064,0.24810046695385454,0.47912524850894633,0.6174242424242424,0.6439393939393939,0.5084745762711864,0.07477059325650881,27.291066282420747,0.706441393875396,0.5110220440881763,0.5407725321888412,0.5691382765531062,0.0,0.5539568345323741,0.26549907318367794,6.0,INSTITUTIONAL,2,2.239,46,97.82608695652173,58.303043478260854,446.98999999999995,2681.9399999999996,6,6,61.57111111111111,-88.76,True
TTMI,0.592436974789916,0.7415966386554622,0.4507042253521127,0.4225352112676056,0.47967056042058764,0.2925756980722646,0.9564252956611364,3.195756583510656,2.953052276270104,0.19087196405304976,0.25192371082148673,0.5188866799204771,0.5062893081761006,0.7327044025157232,0.4189189189189189,0.04751995137677717,28.60847018150389,0.6656596173212488,0.49298597194388777,0.5296803652968036,0.5791583166332666,0.0,0.5460992907801419,0.6794230974472414,6.0,INSTITUTIONAL,2,2.857,56,92.85714285714286,58.03767857142857,541.6850000000001,3250.11,6,6,71.04903846153846,-111.11,True
STX,0.4957698815566836,0.7563451776649747,0.42857142857142855,0.4725274725274725,0.5041310541310542,0.4277346889780578,0.9976344271456007,3.3372267372666844,3.049736136283928,-0.12151321089653436,0.18576571187974036,0.4711729622266402,0.5368421052631579,0.6736842105263158,0.5932203389830508,0.06186659542256659,26.1307980409104,0.6262403528114664,0.5170340681362725,0.510548523206751,0.5390781563126252,0.0,0.5060240963855421,0.08139823389966919,6.0,INSTITUTIONAL,2,2.935,55,94.54545454545455,57.903272727272736,530.7800000000001,3184.6800000000003,6,6,63.672692307692316,-42.1,True
DY,0.6130500758725341,0.7132018209408194,0.5238095238095238,0.48299319727891155,0.5127289870689655,0.37091354869417736,0.9948677599979949,4.602581047591856,4.232619936099196,-0.12681258097829654,0.24541240377633206,0.49403578528827036,0.5957446808510638,0.7127659574468085,0.5526315789473685,0.008870629257740625,26.772334293948123,0.7179763186221744,0.533066132264529,0.4897119341563786,0.627254509018036,0.0,0.5534591194968553,0.5559822418737417,6.0,INSTITUTIONAL,2,3.987,56,94.64285714285714,57.17928571428572,533.6733333333333,3202.04,6,6,62.92320754716982,-44.296666666666674,True
AAON,0.6217303822937625,0.7082494969818913,0.36486486486486486,0.5,0.5165321165321165,0.23907283464161336,0.9839559224827916,3.344987999130937,3.1778524452024763,1.3437929979612817,0.1436964107533465,0.5079522862823062,0.5603112840466926,0.6964980544747081,0.48214285714285715,0.036585270377126555,29.328723710746182,0.6915520628683693,0.503006012024048,0.5381165919282511,0.5991983967935872,0.0,0.5084745762711864,0.2319923358751308,6.0,INSTITUTIONAL,2,3.958,47,97.87234042553192,56.30659574468085,441.0683333333333,2646.41,6,6,60.03065217391304,-115.0,True
DHI,0.5137457044673539,0.7542955326460481,0.415929203539823,0.49557522123893805,0.5405703276867537,0.34882349992866074,0.9457129971784095,3.4785182464184503,3.1905776965666095,-0.3230354192722404,0.18095096342018022,0.48906560636182905,0.5070921985815603,0.7872340425531915,0.29411764705882354,0.019796007896468515,27.579250720461093,0.6823406478578893,0.4408817635270541,0.5,0.5571142284569138,0.0,0.5116279069767442,0.16119722375657958,6.0,INSTITUTIONAL,2,2.717,49,100.0,55.88734693877551,456.41333333333336,2738.48,6,6,55.88734693877551,0.0,True
ELF,0.612280701754386,0.7228070175438597,0.46875,0.5390625,0.4803112203112203,0.4008780106295754,1.0810063070291303,4.0192049609571345,3.8120538841814002,0.5463309257042201,0.1403366715569481,0.47813121272365805,0.5988372093023255,0.7122093023255814,0.47619047619047616,0.012020603835169341,26.340057636887607,0.6991247264770241,0.47695390781563124,0.5424528301886793,0.56312625250501,0.0,0.539568345323741,0.4635036830552123,6.0,MOMENTUM,1,2.815,44,79.54545454545455,55.50068181818182,407.00499999999994,2442.0299999999997,6,6,83.57828571428573,-53.69,True
BRKR,0.6244897959183674,0.6857142857142857,0.4725274725274725,0.46153846153846156,0.5415424368912741,0.21225801332558727,1.0324887938131515,3.3931336267093526,3.2016678073420377,-0.28444724630289464,0.22366805698728107,0.5099403578528827,0.6066176470588235,0.6985294117647058,0.4166666666666667,0.015343637454982018,26.33246902909824,0.7056892778993435,0.45490981963927857,0.5353535353535354,0.5731462925851704,0.0,0.5172413793103449,0.08264356707625362,6.0,INSTITUTIONAL,2,3.985,46,95.65217391304348,55.27347826086957,423.7633333333333,2542.58,6,6,57.83363636363636,-1.05,True
CSGP,0.5637860082304527,0.7325102880658436,0.4444444444444444,0.5714285714285714,0.49701224251846093,0.33515123632685934,0.9485995904468322,2.971181236067844,2.7621006823310505,0.44440326571821587,0.15828744642961418,0.5149105367793241,0.6030927835051546,0.7319587628865979,0.55,0.019929150226973835,25.18006338231057,0.7025171624713958,0.4969939879759519,0.5068493150684932,0.591182364729459,0.0,0.5555555555555556,0.4411320386184473,6.0,INSTITUTIONAL,2,2.725,24,91.66666666666666,55.168749999999974,220.67499999999998,1324.05,5,6,66.06681818181818,-64.71,True
PENG,0.5772113943028486,0.7241379310344828,0.4779874213836478,0.5094339622641509,0.4920086192196196,0.3470305462123656,1.0039247724358902,4.726534016731637,4.284799199776785,-1.363380814807324,0.1807885558844383,0.48111332007952284,0.5382262996941896,0.7675840978593272,0.44594594594594594,0.04121563071675177,27.8580814717477,0.6544811320754716,0.5,0.53125,0.5844748858447488,0.0,0.5733333333333334,0.19234755683127186,6.0,INSTITUTIONAL,2,2.557,64,92.1875,55.11765625,587.9216666666666,3527.5299999999997,6,6,64.59084745762712,-56.66600000000001,True
DAL,0.48656716417910445,0.7417910447761195,0.5267857142857143,0.49107142857142855,0.4825155408844807,0.42513007639541084,1.0058004377532306,4.20372576898565,3.648846973728495,-0.12595850001603878,0.302535057762626,0.5129224652087475,0.4910394265232975,0.7096774193548387,0.37254901960784315,0.01829294388273689,27.723342939481267,0.6663201663201663,0.48096192384769537,0.5138888888888888,0.56312625250501,0.0,0.5080213903743316,0.4486904652001609,6.0,INSTITUTIONAL,2,2.063,43,90.69767441860465,55.04953488372091,394.5216666666666,2367.1299999999997,6,6,69.81076923076921,-88.87249999999999,True
CNC,0.5678160919540229,0.7172413793103448,0.39705882352941174,0.5441176470588235,0.5212797472104276,0.37859303133232636,0.9998197875390561,2.980368766446369,2.7852417680269252,0.3494300973241532,0.24948054802250058,0.4960238568588469,0.5,0.7783505154639175,0.4117647058823529,0.06446261405379783,25.475504322766568,0.667420814479638,0.4589178356713427,0.5527638190954773,0.5971943887775552,0.0,0.5338345864661654,-0.059386713149422655,6.0,INSTITUTIONAL,2,2.863,28,89.28571428571429,54.99821428571428,256.6583333333333,1539.9499999999998,5,6,75.398,-115.0,True
SNEX,0.6086065573770492,0.7049180327868853,0.4186046511627907,0.47674418604651164,0.5247753176543507,0.3061912868847436,1.027321382261556,3.3902497514526946,3.1925560740831345,0.5920106021251063,0.22511920444122965,0.510934393638171,0.602510460251046,0.6443514644351465,0.5483870967741935,0.033331332738870956,29.07780979827089,0.7185332011892963,0.5851703406813628,0.562015503875969,0.6132264529058116,0.0,0.5677966101694916,0.15730408668379167,6.0,INSTITUTIONAL,2,4.772,53,96.22641509433963,54.897358490566035,484.92666666666656,2909.5599999999995,6,6,57.680392156862744,-16.07,True
PRIM,0.580267558528428,0.7107023411371237,0.5652173913043478,0.5217391304347826,0.48876465564096594,0.30511302745313407,1.014743930659236,3.868643344064759,3.5879359537009927,-1.683475895550209,0.370148653828271,0.4761431411530815,0.5268456375838926,0.7214765100671141,0.4925373134328358,0.032098044937262926,26.368876080691642,0.7027322404371584,0.5130260521042084,0.5170940170940171,0.6212424849699398,0.0,0.5900621118012422,0.06982772871970896,6.0,INSTITUTIONAL,2,4.083,62,93.54838709677419,54.55774193548386,563.7633333333333,3382.58,6,6,60.69465517241379,-34.427499999999995,True
SMPL,0.6659707724425887,0.6847599164926931,0.43478260869565216,0.5108695652173914,0.5213255550153946,0.30427111955620656,1.100346104694895,3.6304809666381623,3.4826240401765833,0.21586871272861086,0.20470305097883923,0.5129224652087475,0.6395348837209303,0.6511627906976745,0.42857142857142855,0.030016507258338543,24.747911264765197,0.6938300349243306,0.4749498997995992,0.3951219512195122,0.6212424849699398,0.0,0.5785123966942148,0.6961988399164263,6.0,HIGH_VOL,0,4.667,33,87.87878787878788,54.019696969696966,297.10833333333335,1782.65,6,6,63.65,-15.799999999999999,True
MTZ,0.5855263157894737,0.6891447368421053,0.5227272727272727,0.5833333333333334,0.4887075182450231,0.35075000333341255,0.981665776047547,4.099416609631625,3.7404657520398175,-0.5615302726064445,0.23494417900898162,0.48111332007952284,0.5683229813664596,0.7018633540372671,0.48333333333333334,0.014960975809087895,26.74351585014409,0.7176724137931034,0.4749498997995992,0.5267857142857143,0.625250501002004,0.0,0.5032258064516129,-0.03941571526672111,6.0,INSTITUTIONAL,2,4.173,50,96.0,53.956599999999995,449.6383333333333,2697.83,6,6,58.627916666666664,-58.155,True
CCOI,0.626984126984127,0.6746031746031746,0.4084507042253521,0.4084507042253521,0.5114997434672611,0.34386878850604385,0.9921066161220445,2.9782829864651146,2.8594762920740844,0.6504532231247376,0.23694160199858902,0.5,0.5663716814159292,0.7389380530973452,0.6976744186046512,0.06247366203118415,26.1307980409104,0.6979051819184123,0.5450901803607214,0.4730290456431535,0.5991983967935872,0.0,0.5,-0.8232363745085903,6.0,INSTITUTIONAL,2,3.695,21,100.0,53.74380952380954,225.72400000000007,1128.6200000000003,5,5,53.74380952380954,0.0,True
WDC,0.5172910662824207,0.7348703170028819,0.49193548387096775,0.46774193548387094,0.5060975609756098,0.46205719406871,1.0243435937361534,4.117656107093539,3.620426470464074,-0.16524555569744265,0.14331325225306912,0.4870775347912525,0.521875,0.73125,0.6666666666666666,0.00410212536023058,27.94583693460098,0.6577319587628866,0.49298597194388777,0.4911504424778761,0.5470941883767535,0.0,0.5842696629213483,0.6380917939027888,6.0,MOMENTUM,1,1.747,61,88.52459016393442,53.69573770491802,545.9066666666668,3275.4400000000005,6,6,69.80018518518517,-70.53857142857143,True
PWR,0.5291970802919708,0.7390510948905109,0.5185185185185185,0.5802469135802469,0.5083398234683281,0.3221367774326626,0.9593265529621727,3.1127394647842284,2.8877570038952074,0.2754501295014922,0.22089956151738815,0.4850894632206759,0.49640287769784175,0.7553956834532374,0.4358974358974359,0.024569395578427744,26.887608069164262,0.6988210075026795,0.5110220440881763,0.4911504424778761,0.6232464929859719,0.0,0.5,0.12451917842082179,6.0,INSTITUTIONAL,2,3.388,43,97.67441860465115,53.323720930232554,382.15333333333325,2292.9199999999996,6,6,54.728571428571435,-5.68,True
WCC,0.5082458770614693,0.760119940029985,0.5886075949367089,0.5949367088607594,0.48664666535510526,0.3533493037424123,0.9534865509422867,4.293704804422179,3.839536257869286,-0.6529876227325971,0.2507469143911086,0.46520874751491054,0.543046357615894,0.7317880794701986,0.5116279069767442,0.03156617055710553,27.86743515850144,0.6938986556359876,0.4969939879759519,0.536036036036036,0.627254509018036,0.0,0.5031446540880503,-0.4135244077884109,6.0,INSTITUTIONAL,2,4.252,52,96.15384615384616,53.30615384615385,461.9866666666666,2771.9199999999996,6,6,57.1172,-41.97,True
TKO,0.6420323325635104,0.6951501154734411,0.53125,0.609375,0.481743930785124,0.4507413967843126,0.9693852186275481,3.378940912499002,3.167317165291046,-0.9267317644740788,0.2619788699108937,0.5248508946322068,0.6833333333333333,0.6777777777777778,0.6176470588235294,0.029336669232743084,25.216138328530256,0.6948571428571428,0.5230460921843687,0.4765957446808511,0.6352705410821643,0.0,0.5545454545454546,0.6008003586639251,6.0,INSTITUTIONAL,2,4.576,50,96.0,53.093199999999996,442.4433333333334,2654.6600000000003,6,6,60.09708333333333,-115.0,True
EPAM,0.5437201907790143,0.753577106518283,0.41284403669724773,0.5045871559633027,0.49727658186562296,0.2961141171521462,0.9011682276755311,4.079493535196792,3.627495620267763,-1.6896624269703102,0.17656563461426691,0.49502982107355864,0.5777777777777777,0.7444444444444445,0.7272727272727273,0.02159512453630097,25.73487031700288,0.7043673012318029,0.4709418837675351,0.45714285714285713,0.6032064128256514,0.0,0.50920245398773,-0.3733964877974158,6.0,INSTITUTIONAL,2,3.49,45,91.11111111111111,53.00955555555554,397.57166666666654,2385.4299999999994,6,6,64.90707317073169,-68.94,True
MTSI,0.5797950219619327,0.7247437774524158,0.5036496350364964,0.5401459854014599,0.5092498849516798,0.3345657462742504,0.9784999053890384,4.208547342434903,3.9052353910837185,0.39765641838851007,0.1583325335175472,0.49304174950298213,0.5479041916167665,0.7425149700598802,0.5,0.02483101147631528,28.061077499279747,0.6724845995893224,0.5130260521042084,0.5022026431718062,0.6172344689378757,0.0,0.5487804878048781,0.45206003614286216,6.0,INSTITUTIONAL,2,3.105,61,95.08196721311475,52.21016393442623,530.8033333333334,3184.82,6,6,57.977931034482765,-59.300000000000004,True
JBL,0.4639865996649916,0.7922948073701842,0.5842696629213483,0.5842696629213483,0.5007980326053322,0.3331158438308395,0.9393679669887474,3.1519526177549104,2.8389364072648418,0.058890290676661315,0.20898000193867933,0.4691848906560636,0.5121951219512195,0.759581881533101,0.5263157894736842,0.040460724061655545,27.43515850144092,0.6701680672268907,0.49899799599198397,0.5066079295154186,0.5871743486973948,0.0,0.5197368421052632,-0.2852417844544039,6.0,INSTITUTIONAL,2,3.203,44,88.63636363636364,52.01363636363639,381.43333333333345,2288.600000000001,6,6,60.94820512820515,-17.676,True
MYRG,0.6085271317829457,0.7170542635658915,0.5368421052631579,0.5473684210526316,0.508876811594203,0.28115792733861283,0.9839723421727217,3.673668830762114,3.4970159812990156,-0.181778611650753,0.3411283017494712,0.510934393638171,0.6325088339222615,0.6466431095406361,0.46296296296296297,0.047196428082285635,29.069432440218957,0.7165510406342914,0.531062124248497,0.5470085470085471,0.6112224448897795,0.0,0.5434782608695652,0.4646961476802872,6.0,INSTITUTIONAL,2,4.208,60,93.33333333333333,51.93733333333332,519.3733333333333,3116.24,6,6,59.776250000000005,-57.807500000000005,True
DKS,0.6003344481605352,0.6956521739130435,0.5106382978723404,0.5815602836879432,0.5296730392488009,0.39363752579825917,1.126411463059208,4.238555881264156,3.8958854276438224,-0.270254664269778,0.18904922208626682,0.5208747514910537,0.524822695035461,0.7340425531914894,0.43478260869565216,0.05695106620176005,25.67723342939481,0.7194163860830527,0.5050100200400801,0.5418502202643172,0.5831663326653307,0.0,0.564625850340136,0.8503387759735492,6.0,INSTITUTIONAL,2,3.627,53,92.45283018867924,51.80981132075472,457.65333333333325,2745.9199999999996,6,6,59.082244897959185,-37.277499999999996,True
BKNG,0.4940577249575552,0.735144312393888,0.5487804878048781,0.43902439024390244,0.457189908802812,0.36196443288477503,0.938910868662194,3.2606328520305348,2.915396284704651,0.3752816961411105,0.25375789629557094,0.5337972166998012,0.5555555555555556,0.6919191919191919,0.5333333333333333,0.052361475536348234,31.36350533294898,0.7003676470588235,0.503006012024048,0.5087719298245614,0.5350701402805611,0.0,0.5107913669064749,0.0261365901620086,6.0,INSTITUTIONAL,2,4.021,28,92.85714285714286,51.62785714285714,240.92999999999998,1445.58,6,6,60.36730769230769,-61.985,True
EME,0.5338345864661654,0.7387218045112782,0.5,0.5428571428571428,0.5476920906943122,0.2351299374502105,0.964936590007636,2.8060080366691706,2.567911302124797,-0.3633946500668259,0.3245750226351345,0.5039761431411531,0.5037037037037037,0.725925925925926,0.5853658536585366,0.021463380673907018,27.55043227665706,0.7123430962343096,0.5490981963927856,0.5220883534136547,0.5651302605210421,0.0,0.5704225352112676,0.33128904264087716,6.0,INSTITUTIONAL,2,3.55,44,95.45454545454545,51.12863636363636,374.9433333333334,2249.6600000000003,6,6,55.731428571428566,-45.53,True
HPQ,0.47923875432525953,0.7785467128027682,0.4805194805194805,0.4935064935064935,0.49068688321024767,0.29940771891966117,0.9798467356812995,3.1084358009056183,2.7704400307509576,-0.14508519115061663,0.17021085222886803,0.5,0.5042735042735043,0.7649572649572649,0.631578947368421,0.01931209889687402,27.55043227665706,0.6778242677824268,0.45691382765531063,0.5477386934673367,0.5791583166332666,0.0,0.5369127516778524,0.308722224124934,6.0,INSTITUTIONAL,2,2.657,39,97.43589743589743,50.998205128205136,331.48833333333334,1988.93,6,6,52.404210526315794,-2.43,True
LFUS,0.5693430656934306,0.7317518248175182,0.410958904109589,0.5205479452054794,0.5442873057532902,0.25457935472511084,0.9937428710921915,3.1096597921283835,2.8713704349261864,-0.1771851475735541,0.21860598935672063,0.5089463220675944,0.532258064516129,0.7580645161290323,0.36666666666666664,0.03169884624440783,31.143762604436763,0.7132284921369103,0.5170340681362725,0.52,0.6232464929859719,0.0,0.5217391304347826,-0.25171475468651516,6.0,INSTITUTIONAL,2,4.507,34,97.05882352941177,50.970000000000006,288.83000000000004,1732.9800000000002,6,6,52.658484848484854,-4.75,True
GMED,0.5708333333333333,0.7270833333333333,0.38333333333333336,0.4666666666666667,0.4994714587737843,0.31719394365902814,0.924582362151533,3.0252676033311388,2.8056768233040277,-0.1519327177637457,0.16141703576945388,0.47813121272365805,0.599009900990099,0.7277227722772277,0.55,0.014408003300330041,24.899135446685875,0.6944444444444444,0.4849699398797595,0.5370370370370371,0.625250501002004,0.0,0.5471698113207547,0.6189308295410345,6.0,INSTITUTIONAL,2,3.747,43,93.02325581395348,50.28534883720929,360.37833333333333,2162.27,6,6,57.36724999999999,-44.13999999999999,True
RRX,0.5164075993091537,0.7478411053540587,0.5543478260869565,0.6413043478260869,0.493294504181601,0.23498868713580431,0.9542406370887676,3.1385948530164307,2.8517045866682516,-0.4086758935714379,0.22902926488414874,0.4821073558648111,0.5424836601307189,0.7124183006535948,0.5,0.03074943276101455,28.81844380403458,0.683,0.4909819639278557,0.5253456221198156,0.6112224448897795,0.0,0.5272727272727272,0.1439184680078929,6.0,INSTITUTIONAL,2,4.242,49,93.87755102040816,49.6834693877551,405.7483333333333,2434.49,6,6,57.11043478260869,-64.19666666666667,True
CIEN,0.5374531835205992,0.7546816479400749,0.4647887323943662,0.4788732394366197,0.562432650862069,0.4465162596039575,0.9693204551720037,3.098389615952109,2.7975075617900647,0.08728001473692418,0.151049077968699,0.49105367793240556,0.46254071661237783,0.745928338762215,0.6206896551724138,0.04183288804304064,29.279538904899134,0.6417322834645669,0.533066132264529,0.5245901639344263,0.591182364729459,0.0,0.5033112582781457,0.08803342120478608,6.0,INSTITUTIONAL,2,3.586,52,96.15384615384616,49.49038461538462,428.9166666666666,2573.4999999999995,6,6,56.07,-115.0,True
DT,0.6061493411420205,0.6954612005856515,0.5071428571428571,0.5857142857142857,0.4908730158730159,0.34225740767252755,0.9332848700903804,4.537594097372871,4.220855265049285,-0.24912748059615555,0.12077755296814541,0.5168986083499006,0.5466666666666666,0.7066666666666667,0.42105263157894735,0.03534407027818448,25.475504322766568,0.6809954751131222,0.45691382765531063,0.5339805825242718,0.5711422845691383,0.0,0.5384615384615384,-0.15508536226153408,6.0,MOMENTUM,1,2.864,47,93.61702127659575,47.13106382978724,369.1933333333333,2215.16,6,6,53.38181818181818,-44.54666666666666,True
NTAP,0.5158102766798419,0.7450592885375494,0.5125,0.5125,0.4864806643787791,0.28143006492865613,0.9840009866926505,2.930547816490516,2.6504945110139464,0.12932125802400368,0.20891016424271314,0.4870775347912525,0.5241935483870968,0.717741935483871,0.38095238095238093,0.017850312380466637,26.476519734946702,0.6920565832426551,0.5110220440881763,0.5866666666666667,0.5531062124248497,0.0,0.5213675213675214,0.20772839038391225,6.0,INSTITUTIONAL,2,3.001,33,93.93939393939394,46.94181818181818,258.18,1549.08,6,6,54.17709677419355,-65.205,True
CMI,0.5029940119760479,0.7325349301397206,0.5,0.5625,0.5551535787756261,0.3076105864954123,0.9490750348700897,2.607161447784862,2.3934277330461335,0.9470424664982422,0.254688920130716,0.5387673956262425,0.4716981132075472,0.7735849056603774,0.3684210526315789,0.036172937144578754,27.7521613832853,0.67601246105919,0.5290581162324649,0.5289256198347108,0.5671342685370742,0.0,0.515625,0.5055777877460148,6.0,INSTITUTIONAL,2,2.934,39,94.87179487179486,46.907692307692294,304.90000000000003,1829.4,6,6,50.03648648648648,-10.975000000000001,True
FLEX,0.5364667747163695,0.7536466774716369,0.49107142857142855,0.5089285714285714,0.49593495934959353,0.27217904681142807,1.0605784718523714,3.6531642538352695,3.35375509421124,0.5323145152218891,0.20816314950647186,0.46520874751491054,0.5313531353135313,0.7029702970297029,0.6229508196721312,0.027895009922386083,28.406799193316047,0.6602434077079108,0.5130260521042084,0.49377593360995853,0.5831663326653307,0.0,0.5419354838709678,0.22997203337657407,6.0,INSTITUTIONAL,2,2.773,49,91.83673469387756,46.83775510204083,382.5083333333334,2295.05,6,6,55.81733333333334,-54.182500000000005,True
HPE,0.4865350089766607,0.748653500897666,0.4722222222222222,0.4166666666666667,0.5018518518518518,0.276068849633126,0.9740983559584385,3.104847247016851,2.798896082593191,-0.21361404593834915,0.2634920338617898,0.47514910536779326,0.4740484429065744,0.7716262975778547,0.5142857142857142,0.0177296813751375,26.138328530259365,0.6185226019845645,0.4789579158316633,0.4766355140186916,0.5891783567134269,0.0,0.5060975609756098,-0.221450282853088,6.0,INSTITUTIONAL,2,3.869,39,92.3076923076923,46.81615384615384,304.305,1825.83,6,6,54.533055555555556,-45.78666666666666,True
DELL,0.5099457504520796,0.7739602169981917,0.4520547945205479,0.589041095890411,0.5076018794776053,0.3706786385658749,1.065046566903601,3.016901520222745,2.739029657777961,0.6350142948049398,0.16426827591512563,0.47514910536779326,0.4783861671469741,0.7579250720461095,0.4864864864864865,0.023797364128593873,27.780979827089336,0.6504149377593361,0.49298597194388777,0.48444444444444446,0.5390781563126252,0.0,0.5098039215686274,0.18668214712650974,6.0,INSTITUTIONAL,2,2.665,67,91.04477611940298,46.4110447761194,518.2566666666667,3109.54,6,6,55.00934426229508,-41.005,True
PNR,0.48867924528301887,0.7471698113207547,0.48214285714285715,0.5357142857142857,0.5732323232323233,0.169481097098207,0.966659264710182,2.8464041047350572,2.580721931089347,0.044341522407276505,0.19131226640307433,0.4990059642147117,0.5288888888888889,0.7422222222222222,0.4375,0.02257861635220121,25.67723342939481,0.7160493827160493,0.4709418837675351,0.5046728971962616,0.591182364729459,0.0,0.5144927536231884,0.1101488057296471,6.0,INSTITUTIONAL,2,4.451,34,94.11764705882352,46.20294117647059,261.81666666666666,1570.8999999999999,6,6,49.864375,-12.379999999999999,True
NVT,0.5272108843537415,0.7329931972789115,0.48148148148148145,0.43209876543209874,0.5295739348370927,0.18392483590828726,0.9490649064326614,3.194394516981153,2.9004809411919252,-0.3307174301080662,0.333094797379332,0.5268389662027833,0.5284280936454849,0.7224080267558528,0.6136363636363636,0.005901189907401072,26.253602305475503,0.6926454445664105,0.46092184368737477,0.5141509433962265,0.6052104208416834,0.0,0.5222929936305732,0.09987132467207019,6.0,INSTITUTIONAL,2,4.126,47,93.61702127659575,45.85978723404256,359.23500000000007,2155.4100000000003,6,6,49.32795454545455,-5.006666666666667,True
CSL,0.5206611570247934,0.7396694214876033,0.5892857142857143,0.4642857142857143,0.5168951075575862,0.22182853766879276,0.9793235561899678,2.753247946194188,2.519186644559231,-0.4453693299725716,0.2447861567000943,0.49304174950298213,0.5063291139240507,0.759493670886076,0.44,0.01707814624960774,26.801152737752158,0.6752688172043011,0.46893787575150303,0.5069767441860465,0.6332665330661322,0.0,0.5087719298245614,-0.1489083861932529,6.0,INSTITUTIONAL,2,4.462,28,92.85714285714286,45.40535714285714,211.89166666666668,1271.3500000000001,6,6,52.45807692307692,-46.28,True
CBOE,0.7563805104408353,0.617169373549884,0.4,0.34285714285714286,0.5807549504950495,0.2260586653077768,0.9679685525571539,2.6545802914530947,2.5790344771221476,-0.42458407694582484,0.2489881820565467,0.5675944333996024,0.7185185185185186,0.6,0.5,0.02751568273610039,22.76657060518732,0.7050632911392405,0.5851703406813628,0.5369649805447471,0.5751503006012024,0.0,0.5161290322580645,-0.03860696258116413,6.0,INSTITUTIONAL,2,7.022,30,93.33333333333333,45.004333333333335,225.02166666666665,1350.1299999999999,6,6,48.31821428571429,-1.39,True
GLW,0.43866171003717475,0.8141263940520446,0.42857142857142855,0.4642857142857143,0.5232332234203725,0.2573320385451588,0.969192382664621,2.654656205760942,2.3507693057300028,0.03145454318091508,0.3099431722430663,0.45129224652087474,0.4069264069264069,0.7922077922077922,0.42857142857142855,0.026826952477510074,27.86743515850144,0.6701137538779731,0.5150300601202404,0.47186147186147187,0.5450901803607214,0.0,0.5205479452054794,0.0516033769727307,6.0,INSTITUTIONAL,2,3.239,56,94.64285714285714,44.97999999999999,419.8133333333333,2518.8799999999997,6,6,49.2043396226415,-29.650000000000002,True
CW,0.5061728395061729,0.742798353909465,0.5454545454545454,0.4696969696969697,0.5103456065055342,0.19529653518149656,1.0194983482398483,2.7298353065663283,2.4716890930611206,-0.286695171375783,0.3432628505419626,0.510934393638171,0.6373626373626373,0.7252747252747253,0.5454545454545454,0.07435671324560211,26.57060518731988,0.7017353579175705,0.5290581162324649,0.5103734439834025,0.6052104208416834,0.0,0.640625,0.5383895912280252,6.0,INSTITUTIONAL,2,3.905,52,98.07692307692307,44.31903846153845,384.0983333333332,2304.5899999999992,6,6,45.55509803921568,-18.72,True
WEN,0.5606469002695418,0.706199460916442,0.49056603773584906,0.4528301886792453,0.5581563097341942,0.2753960338947328,1.0653339771358248,2.9105336464462046,2.7166994092688537,2.2046696671150303,0.4672187272627841,0.5248508946322068,0.6282051282051282,0.6923076923076923,0.39285714285714285,0.04072499827216808,25.151253241140882,0.711340206185567,0.44288577154308617,0.5026455026455027,0.591182364729459,0.0,0.5272727272727272,0.38500605284774375,6.0,INSTITUTIONAL,2,4.837,30,93.33333333333333,43.869,219.34500000000003,1316.0700000000002,6,6,51.109642857142866,-57.5,True
RMD,0.4538310412573674,0.7819253438113949,0.5098039215686274,0.6470588235294118,0.48882953290135367,0.3478738008153835,0.9742710479060231,2.6792647230230195,2.4281138065568117,-0.8096486617503768,0.31617457314813785,0.47813121272365805,0.5384615384615384,0.7548076923076923,0.3333333333333333,0.05587407435393682,25.99423631123919,0.7217294900221729,0.4709418837675351,0.4975845410628019,0.591182364729459,0.0,0.5104895104895105,-0.17930740829238917,6.0,INSTITUTIONAL,2,3.935,36,94.44444444444444,43.09777777777777,258.58666666666664,1551.52,6,6,47.80117647058823,-36.86,True
VIAV,0.545631067961165,0.7689320388349514,0.3392857142857143,0.42857142857142855,0.5137218726320298,0.22608135440481308,1.040710465109188,3.0127713574919346,2.781309453847468,-1.29822621205331,0.2177811676190433,0.4970178926441352,0.5992647058823529,0.7058823529411765,0.6,0.05834166190748141,26.879861711322384,0.7170418006430869,0.5350701402805611,0.510548523206751,0.6212424849699398,0.0,0.562962962962963,0.24949839338868512,6.0,INSTITUTIONAL,2,4.569,39,92.3076923076923,42.8302564102564,278.3966666666667,1670.38,6,6,50.72361111111111,-51.89000000000001,True
KNX,0.5625,0.7133620689655172,0.47540983606557374,0.36065573770491804,0.5427933556588527,0.31113283540793285,1.0249456608171776,3.0240676146620302,2.870725628575982,0.5172928651401024,0.2370424703192679,0.49204771371769385,0.5813008130081301,0.6788617886178862,0.3333333333333333,0.026650546677880582,25.67723342939481,0.7014590347923682,0.45691382765531063,0.5362318840579711,0.6072144288577155,0.0,0.549618320610687,0.5896752379934429,6.0,INSTITUTIONAL,2,4.251,46,91.30434782608695,41.74956521739129,320.0799999999999,1920.4799999999996,6,6,50.16333333333333,-46.595,True
IT,0.5168986083499006,0.7514910536779325,0.41379310344827586,0.41379310344827586,0.5077483408919785,0.2527147345771427,0.9612562082270641,2.8163662580989617,2.5721275379219604,0.8288342075173648,0.1704629109373191,0.48906560636182905,0.5235602094240838,0.7015706806282722,0.5833333333333334,0.02829098706192168,27.0028818443804,0.7225186766275347,0.501002004008016,0.4351851851851852,0.6072144288577155,0.0,0.5114503816793893,0.3089883734621775,6.0,INSTITUTIONAL,2,4.455,24,87.5,40.40625,161.62499999999997,969.7499999999999,6,6,53.29857142857143,-49.84,True
TMUS,0.508641975308642,0.762962962962963,0.5348837209302325,0.4883720930232558,0.46879603983735046,0.38140065051985494,0.9815102091148438,2.359188773694468,2.188326728864974,0.34138034311020216,0.2524978508148811,0.5009940357852882,0.5531914893617021,0.7375886524822695,0.5,0.03496191226687684,26.159608182080092,0.6530837004405287,0.5430861723446894,0.48936170212765956,0.5490981963927856,0.0,0.5,0.15824065808511237,6.0,INSTITUTIONAL,2,2.55,24,87.5,38.62083333333334,154.48333333333332,926.9,6,6,48.57761904761905,-31.076666666666664,True
BHE,0.5109090909090909,0.7618181818181818,0.5151515151515151,0.4696969696969697,0.5097810039370079,0.1462241970319035,0.9710204930430942,3.13244968205297,2.8449118175404804,-0.4783213085480248,0.3456276102248524,0.4960238568588469,0.5757575757575758,0.734006734006734,0.46153846153846156,0.04632996632996639,28.126801152737748,0.6844262295081968,0.5150300601202404,0.5062761506276151,0.627254509018036,0.0,0.5,-0.07431958158510794,6.0,INSTITUTIONAL,2,4.474,30,86.66666666666667,36.335666666666675,181.6783333333333,1090.07,5,6,55.19500000000001,-86.25,True
PEP,0.5016722408026756,0.782608695652174,0.23529411764705882,0.47058823529411764,0.5234950311003074,0.27975070849950123,0.9557504868521522,1.7703854113737447,1.6700755297126475,-0.18757846266570555,0.40804604420636653,0.5308151093439364,0.48507462686567165,0.7313432835820896,0.3,0.03393151300354416,26.30365888792855,0.6922234392113911,0.48296593186372744,0.4855769230769231,0.5230460921843687,0.0,0.5543478260869565,0.03755539629771371,6.0,INSTITUTIONAL,2,4.676,13,92.3076923076923,35.739230769230765,77.435,464.61,6,6,39.714166666666664,-11.96,True
CTSH,0.4765957446808511,0.776595744680851,0.425531914893617,0.44680851063829785,0.516013598139202,0.30460428866966976,0.9838044367017043,2.491767358615987,2.2261884794583473,-0.356691571748605,0.33352500558501647,0.5099403578528827,0.4900662251655629,0.7682119205298014,0.4166666666666667,0.010927152317880745,25.813886488043792,0.7020089285714286,0.48296593186372744,0.5211267605633803,0.5470941883767535,0.0,0.5365853658536586,0.0957789551539954,6.0,INSTITUTIONAL,2,2.421,40,95.0,34.94424999999999,232.96166666666667,1397.77,6,6,40.657368421052624,-73.605,True
PGR,0.5470085470085471,0.7435897435897436,0.391304347826087,0.45652173913043476,0.5046662895927602,0.387846483332738,0.949231469359583,2.330349253838091,2.209482030804678,-0.048965472010989636,0.2386544717889547,0.5019880715705766,0.5379310344827586,0.7172413793103448,0.5384615384615384,0.017712938402593636,19.775474956822105,0.6564774381368268,0.4709418837675351,0.5145631067961165,0.5531062124248497,0.0,0.5,-0.03912208516532582,6.0,INSTITUTIONAL,2,3.945,22,86.36363636363636,34.13727272727272,125.16999999999997,751.0199999999999,6,6,42.57368421052632,-19.293333333333333,True
FFIV,0.5111111111111111,0.7636363636363637,0.43103448275862066,0.41379310344827586,0.48660524115299053,0.32786572725706936,1.024742128653419,2.7275571176918176,2.484841598164232,-0.310135645912421,0.19868246593299876,0.5308151093439364,0.48502994011976047,0.7844311377245509,0.5833333333333334,0.023437972539768898,27.225583405358684,0.7291005291005291,0.5811623246492986,0.4921875,0.6052104208416834,0.0,0.5454545454545454,0.17765880688013563,6.0,INSTITUTIONAL,2,4.571,39,82.05128205128204,23.473846153846157,152.58,915.48,5,6,41.9815625,-61.13285714285714,True
