date,ib_range_pts,day_ret_pct,day_range_pct,vol_vol,continuation,post_move_pts,live_regime,hmm_state,hmm_regime
2024-08-05,603.25,3.026334519572954,4.4412811387900355,0.6029592565641076,1,235.5,TRENDING,1,HMM_CHOPPY
2024-08-06,268.5,0.31254753903386856,2.8862243980693965,0.5534716124364206,-1,28.25,TRENDING,1,HMM_CHOPPY
2024-08-07,153.25,-2.659387108136668,3.2920584171024467,0.4564008572519856,1,471.0,CHOPPY,1,HMM_CHOPPY
2024-08-08,325.25,1.7612927120341286,2.78597001412875,0.6113301545058204,1,165.0,TRENDING,1,HMM_CHOPPY
2024-08-09,161.5,0.9091648149151808,1.4660452008021245,0.5591153062078906,1,123.0,CHOPPY,0,HMM_QUIET
2024-08-12,203.75,-0.11667672500502917,1.295513981090324,0.6142019623554534,-1,78.0,TRENDING,0,HMM_QUIET
2024-08-13,106.25,1.5155338903130688,1.577961666688804,0.6025434291807504,1,202.0,CHOPPY,0,HMM_QUIET
2024-08-14,209.25,-0.10320321889533365,1.4539896535507133,0.609308821716876,-1,109.25,TRENDING,0,HMM_QUIET
2024-08-15,153.75,1.1019390510147398,1.3809763722564559,0.6666218651991687,1,90.25,CHOPPY,0,HMM_QUIET
2024-08-16,129.0,0.5345262968992347,1.0254701139553664,0.6920602513986465,1,40.0,CHOPPY,0,HMM_QUIET
2024-08-19,96.25,1.1884874839005852,1.7202463688646883,0.7003342507718449,1,226.25,QUIET,0,HMM_QUIET
2024-08-20,121.75,0.027752898285627783,0.9171071388023363,0.6398147807249823,-1,2.0,CHOPPY,0,HMM_QUIET
2024-08-21,101.75,0.34648724926922686,1.0621409132143937,0.6512384871139631,1,35.5,CHOPPY,0,HMM_QUIET
2024-08-22,144.5,-1.9389438943894388,2.418991899189919,0.402481310666972,1,306.0,CHOPPY,1,HMM_CHOPPY
2024-08-23,196.75,0.1543854320893917,1.5754906799286281,0.7380163051099139,-1,96.25,CHOPPY,0,HMM_QUIET
2024-08-26,193.25,-0.9411407536715874,1.4926694749092382,0.5638442420277995,1,39.75,CHOPPY,0,HMM_QUIET
2024-08-27,192.5,0.7004379337721207,1.294593694778088,0.7324803311656489,1,29.5,CHOPPY,0,HMM_QUIET
2024-08-28,143.5,-1.1171689893251129,1.931160989528929,0.5381419427952712,1,174.5,CHOPPY,0,HMM_QUIET
2024-08-29,207.25,-0.4872419540966791,1.820746249519169,0.6248873223828616,-1,196.25,TRENDING,0,HMM_QUIET
2024-08-30,115.0,0.2569116913992101,1.344632335084423,0.5493021369937331,-1,61.75,CHOPPY,0,HMM_QUIET
2024-09-02,57.5,0.14272061165976427,0.4179675055750238,0.5499671362439404,-1,39.75,QUIET,0,HMM_QUIET
2024-09-03,200.25,-2.2872251671779336,2.9379676810719926,0.6188535534144612,1,284.75,TRENDING,1,HMM_CHOPPY
2024-09-04,165.5,0.4529081470494756,1.477910795635131,0.631408587008124,-1,29.0,CHOPPY,0,HMM_QUIET
2024-09-05,265.5,0.6393455642919545,1.6321181796521325,0.6304176040278116,-1,98.75,TRENDING,0,HMM_QUIET
2024-09-06,327.25,-2.5396531914050633,2.844728535770414,0.6714455528274179,1,192.5,TRENDING,1,HMM_CHOPPY
2024-09-09,115.5,0.2845064752063343,1.2494128698919682,0.5059302647412665,-1,60.25,CHOPPY,0,HMM_QUIET
2024-09-10,135.0,0.48511341525175256,1.5299730788709118,0.6214098219574438,1,68.25,CHOPPY,0,HMM_QUIET
2024-09-11,263.0,1.7537130840750685,3.9451931597254366,0.4920448701496782,-1,578.75,TRENDING,1,HMM_CHOPPY
2024-09-12,164.75,0.9813338871725643,1.5472883512033024,0.5988353355746043,1,112.0,CHOPPY,0,HMM_QUIET
2024-09-13,133.25,0.5190823962801241,0.9325450493965506,0.5861292142141262,1,48.0,CHOPPY,0,HMM_QUIET
2024-09-16,137.25,-0.025727112517526594,0.8489947130783777,0.6535781302479439,-1,41.5,CHOPPY,0,HMM_QUIET
2024-09-17,118.5,-0.5700044731292734,1.4020065179883698,0.591682785387019,-1,113.75,CHOPPY,0,HMM_QUIET
2024-09-18,87.0,-0.5886426592797784,1.7107828049656306,0.5973673284840229,1,83.5,QUIET,0,HMM_QUIET
2024-09-19,173.0,0.10723792942482621,1.2124194138500939,0.6274275834730868,-1,53.75,CHOPPY,0,HMM_QUIET
2024-09-23,88.5,0.0049809478743804945,0.5391876074016886,0.6148269649175164,-1,23.25,QUIET,0,HMM_QUIET
2024-09-24,190.25,0.1750661153946437,1.3049254417005003,0.6944265234202309,-1,183.0,CHOPPY,0,HMM_QUIET
2024-09-25,134.5,0.40713478892295474,0.6814542656057991,0.5759368254354975,-1,4.25,CHOPPY,0,HMM_QUIET
2024-09-26,179.75,-0.7888993208393791,1.6095009327789498,0.655708217939675,1,4.25,CHOPPY,0,HMM_QUIET
2024-09-27,98.0,-0.8330470628649947,1.0305736860185504,0.5111965588871678,1,106.0,QUIET,0,HMM_QUIET
2024-09-30,136.5,0.33698399326032014,1.1360820655136528,0.5180734177671528,1,62.25,CHOPPY,0,HMM_QUIET
2024-10-01,384.25,-1.202350385147146,2.213361643294489,0.5703093922588259,-1,102.5,TRENDING,1,HMM_CHOPPY
2024-10-02,180.0,0.4174344703095032,1.2836423351259199,0.6587834421922657,1,22.0,CHOPPY,0,HMM_QUIET
2024-10-03,220.5,0.439427990307474,1.1852000652864443,0.7359084667937112,1,37.75,TRENDING,0,HMM_QUIET
2024-10-04,226.75,-0.02224694104560623,1.1481893461871215,0.6151418232087749,-1,184.0,TRENDING,0,HMM_QUIET
2024-10-07,94.75,-0.6257138600585986,1.1905944281670557,0.5908879441712289,-1,168.25,QUIET,0,HMM_QUIET
2024-10-08,133.25,0.8630445326004501,1.293323218882519,0.6736337072632225,1,92.0,CHOPPY,0,HMM_QUIET
2024-10-09,116.75,0.766661325510594,1.2029926908333437,0.5816317372993096,1,94.5,CHOPPY,0,HMM_QUIET
2024-10-10,115.25,0.34013187784722304,1.0154839818760053,0.5923027797597707,1,25.75,CHOPPY,0,HMM_QUIET
2024-10-11,167.75,0.46336127430495805,0.891079373663381,0.6685450837706312,-1,21.5,CHOPPY,0,HMM_QUIET
2024-10-14,139.25,0.25911147876015767,0.7542212057807406,0.6884617744527484,-1,37.5,CHOPPY,0,HMM_QUIET
2024-10-15,149.25,-1.4334702582185226,1.9642056539072064,0.752125221735359,1,179.75,CHOPPY,0,HMM_QUIET
2024-10-16,152.25,-0.057730337906722516,0.8561286281060765,0.749497356437531,-1,9.75,CHOPPY,0,HMM_QUIET
2024-10-17,210.75,-0.9271861177271181,1.0802994215719632,0.7179805384209327,1,61.5,TRENDING,0,HMM_QUIET
2024-10-18,90.25,0.13192612137203166,0.4837291116974494,0.7056415792373842,-1,6.25,QUIET,0,HMM_QUIET
2024-10-21,131.25,0.4797395699477427,1.0243418878731136,0.713373669706209,1,17.75,CHOPPY,0,HMM_QUIET
2024-10-22,150.75,0.6285917339574322,1.1432282412910024,0.6697387683675227,1,43.75,CHOPPY,0,HMM_QUIET
2024-10-23,116.75,-0.8918631253134978,1.877928528609354,0.44735426762073177,1,166.0,CHOPPY,0,HMM_QUIET
2024-10-24,83.5,0.09449012148729906,0.7276966498956927,0.5918111933207967,-1,76.25,QUIET,0,HMM_QUIET
2024-10-25,217.5,-0.026841052169245032,1.2078473476160265,0.511575521094548,-1,208.5,TRENDING,0,HMM_QUIET
2024-10-28,99.0,-0.5515084665640417,0.6836280772354274,0.5857202298607365,1,88.0,QUIET,0,HMM_QUIET
2024-10-29,171.0,0.9958071278825996,1.6003607820194041,0.6449358651147366,1,171.75,CHOPPY,0,HMM_QUIET
2024-10-30,156.5,-0.43800742918678237,1.1059082604329256,0.6597468414234063,-1,118.25,CHOPPY,0,HMM_QUIET
2024-10-31,250.0,-1.4595583270932817,1.7738114235910782,0.6251894777567994,1,72.0,TRENDING,0,HMM_QUIET
2024-11-01,213.25,0.4185664100455938,1.1460746941724593,0.4963760514520779,-1,118.0,TRENDING,0,HMM_QUIET
2024-11-04,191.0,-0.1975621575278637,1.061120015904375,0.6108169348290917,-1,102.75,CHOPPY,0,HMM_QUIET
2024-11-05,177.5,0.9887233435472466,1.1214628639481945,0.6431454698952278,1,85.0,CHOPPY,0,HMM_QUIET
2024-11-06,163.25,1.078088930250547,1.4128766361691585,0.8378070461240924,1,112.5,CHOPPY,0,HMM_QUIET
2024-11-07,125.75,1.0187444213031835,1.1889318655162155,0.6053173186267989,1,108.75,CHOPPY,0,HMM_QUIET
2024-11-08,70.5,0.2171219540975869,0.49560446044014395,0.7083013636787263,1,40.25,QUIET,0,HMM_QUIET
2024-11-11,137.25,-0.291315736923095,0.9127109983437292,0.6571700834006896,-1,32.0,CHOPPY,0,HMM_QUIET
2024-11-12,73.25,-0.09073982417686016,0.9309670272690849,0.5620770255607094,-1,21.25,QUIET,0,HMM_QUIET
2024-11-13,127.25,0.004726177113487328,0.9984049152241979,0.523064246478449,-1,59.75,CHOPPY,0,HMM_QUIET
2024-11-14,134.25,-0.6753400354819633,0.9627439384979302,0.5453303070298161,1,104.25,CHOPPY,0,HMM_QUIET
2024-11-15,191.5,-1.1970999831394369,1.7763807596888022,0.5353361313778079,1,79.25,CHOPPY,0,HMM_QUIET
2024-11-18,153.0,0.44023933453324904,1.0896531595077104,0.5751729525024725,-1,5.0,CHOPPY,0,HMM_QUIET
2024-11-19,96.5,1.246223564954683,1.3863171230874183,0.6117172527205595,1,175.5,QUIET,0,HMM_QUIET
2024-11-20,278.75,0.1132366404857129,1.49014600298752,0.6157069819755567,-1,257.75,TRENDING,0,HMM_QUIET
2024-11-21,383.75,-0.2658650794601262,1.8826121842852181,0.8215166219123148,-1,291.0,TRENDING,0,HMM_QUIET
2024-11-22,151.25,0.3066304321685385,0.7623674274307977,0.6952061277745061,-1,112.0,CHOPPY,0,HMM_QUIET
2024-11-25,211.75,-0.6495051389417587,1.432242101256186,0.8669789049826306,1,50.5,TRENDING,0,HMM_QUIET
2024-11-26,106.0,0.28058026386484386,0.5790699062742523,0.6715736498935166,1,42.75,CHOPPY,0,HMM_QUIET
2024-11-27,174.25,-0.5588393336915637,1.2645531076482177,0.6074167493422264,-1,44.25,CHOPPY,0,HMM_QUIET
2024-11-28,28.25,0.07185800857505568,0.17126158710388273,0.5861668268328364,-1,3.25,QUIET,0,HMM_QUIET
2024-11-29,168.0,0.7680675899479154,1.0188896622902814,0.5405831284252862,1,46.25,CHOPPY,0,HMM_QUIET
2024-12-02,170.0,0.8779745993275594,1.1072697247270438,0.7021582287201923,1,45.75,CHOPPY,0,HMM_QUIET
2024-12-03,99.25,0.5730692882124964,0.7290386614991966,0.7435876442381741,1,102.25,QUIET,0,HMM_QUIET
2024-12-04,78.5,0.4855728826220935,0.7552059015781118,0.6996840404964779,1,65.25,QUIET,0,HMM_QUIET
2024-12-05,54.25,-0.3552315389884027,0.5258819841887139,0.5809280529664019,1,59.25,QUIET,0,HMM_QUIET
2024-12-06,160.5,0.6921502024103113,0.8584989065190081,0.6024746170024983,1,5.75,CHOPPY,0,HMM_QUIET
2024-12-09,104.0,-0.6754568586629656,0.9808003701133472,0.6828960128763866,1,85.25,CHOPPY,0,HMM_QUIET
2024-12-10,101.5,-0.5456804170391614,1.1795985185357187,0.561042978403447,-1,146.5,CHOPPY,0,HMM_QUIET
2024-12-11,163.25,0.8290779402739663,1.1428769930871574,0.7349829774111678,1,78.0,CHOPPY,0,HMM_QUIET
2024-12-12,94.5,-0.32843560933448573,0.588879285508499,0.6460906704453411,-1,84.75,QUIET,0,HMM_QUIET
2024-12-13,117.75,-0.08947006194081211,1.1069052534985089,0.6453627414766928,-1,28.0,CHOPPY,0,HMM_QUIET
2024-12-16,100.25,0.9418023242539785,1.1712596177994932,0.7489697514029215,1,110.75,CHOPPY,0,HMM_QUIET
2024-12-17,119.75,-0.19969591758004857,0.6263190142283341,0.8425261450719764,-1,42.5,CHOPPY,0,HMM_QUIET
2024-12-18,105.25,-4.063783082924832,4.648385519147436,0.8097729765094633,-1,928.0,CHOPPY,1,HMM_CHOPPY
2024-12-19,198.0,-1.262761955937668,1.5466205639791604,0.6910808056980053,1,97.0,CHOPPY,0,HMM_QUIET
2024-12-23,199.5,0.48105276547521303,1.3922777154619148,0.6884540808002637,-1,182.25,CHOPPY,0,HMM_QUIET
2024-12-24,142.0,1.010274561011649,1.1500177542581584,0.5576888392305175,1,122.25,CHOPPY,0,HMM_QUIET
2024-12-26,138.0,0.14457118138560662,0.9311750108143797,0.6856116156281714,1,2.25,CHOPPY,0,HMM_QUIET
2024-12-27,350.25,-0.5332845061396381,1.6696611469050044,0.6330034509775971,-1,169.0,TRENDING,0,HMM_QUIET
2024-12-30,164.25,-0.08524651423500013,1.4795525141882897,0.6558338489411518,-1,110.25,CHOPPY,0,HMM_QUIET
2024-12-31,156.5,-1.0766219239373602,1.4343307233407905,0.48489804600318276,1,191.25,CHOPPY,0,HMM_QUIET
2025-01-02,277.5,-0.7319186809068765,2.1582818062581977,0.5295292841120012,1,96.75,TRENDING,0,HMM_QUIET
2025-01-03,180.0,0.9521573231582037,1.4018197828001173,0.8055877053531469,1,162.5,CHOPPY,0,HMM_QUIET
2025-01-06,163.0,0.11158274953698911,1.1526382993408566,0.6301372419817981,-1,120.25,CHOPPY,0,HMM_QUIET
2025-01-07,281.5,-1.9055376461275482,2.417199169410442,0.6882264501464235,1,200.5,TRENDING,1,HMM_CHOPPY
2025-01-08,174.75,0.0245835430738794,1.2432248925933298,0.5244970784577334,-1,72.25,CHOPPY,0,HMM_QUIET
2025-01-10,322.5,-0.7891663619312752,1.521710922109634,0.5701420376011465,1,4.5,TRENDING,0,HMM_QUIET
2025-01-13,154.25,0.9330267387404741,1.3315194490928572,0.564642941296883,-1,241.25,CHOPPY,0,HMM_QUIET
2025-01-14,163.5,-0.4840718989143976,1.6895058432698582,0.5045290401708917,1,47.0,CHOPPY,0,HMM_QUIET
2025-01-15,222.0,0.5964074392123186,1.252808526156054,0.6626925150999263,-1,13.0,TRENDING,0,HMM_QUIET
2025-01-16,162.0,-1.2107466852756454,1.270062805303559,0.6171889060022829,1,141.0,CHOPPY,0,HMM_QUIET
2025-01-17,172.5,-0.3349193883679032,0.8846491430683235,0.7945793671344094,-1,46.25,CHOPPY,0,HMM_QUIET
2025-01-20,103.25,-0.19794232052845998,0.7227196354178654,0.5061307354666885,1,8.25,CHOPPY,0,HMM_QUIET
2025-01-21,193.0,0.23951268380871227,1.1952604124684776,0.751046641242017,-1,123.75,CHOPPY,0,HMM_QUIET
2025-01-22,134.5,0.3194268569538086,0.8738606158093478,0.7299881557908664,-1,28.75,CHOPPY,0,HMM_QUIET
2025-01-23,52.25,0.679565078349856,0.8463155009365435,0.572674414462751,1,136.75,QUIET,0,HMM_QUIET
2025-01-24,90.5,-0.5942592739603297,1.06490354627624,0.564586131872747,1,80.5,QUIET,0,HMM_QUIET
2025-01-27,262.25,0.9337830640866324,1.5208000473400793,0.5575752018036154,-1,46.75,TRENDING,0,HMM_QUIET
2025-01-28,320.5,1.2158197394671988,2.1840159605680083,0.6254401263776601,1,94.75,TRENDING,0,HMM_QUIET
2025-01-29,125.75,-0.6539427539670598,1.1030220257178902,0.47686711216304417,1,44.75,CHOPPY,0,HMM_QUIET
2025-01-30,226.75,-0.09468822170900693,1.523094688221709,0.6829352064608687,-1,97.5,TRENDING,0,HMM_QUIET
2025-01-31,157.5,-0.9139235564944831,1.994328162852911,0.4476059173694742,-1,321.5,CHOPPY,0,HMM_QUIET
2025-02-03,250.25,0.9427069831019773,1.9172303268836466,0.7134934353158656,1,62.75,TRENDING,0,HMM_QUIET
2025-02-04,258.5,0.8647752867996312,1.3525972434558335,0.6460951800624568,-1,33.5,TRENDING,0,HMM_QUIET
2025-02-05,108.0,0.9489338994454884,1.3085543258857102,0.6696382647931972,1,173.75,CHOPPY,0,HMM_QUIET
2025-02-06,111.5,0.2537109531954952,0.7817971001182453,0.6434588477952011,1,40.0,CHOPPY,0,HMM_QUIET
2025-02-07,282.75,-1.3456398071782687,1.8950903566288182,0.7320755381435862,1,153.5,TRENDING,0,HMM_QUIET
2025-02-10,131.25,0.33081394013186616,0.6960876656941349,0.6973228456484746,-1,26.75,CHOPPY,0,HMM_QUIET
2025-02-11,145.0,0.40080621940685285,0.7877915346962281,0.6124588487124268,-1,45.25,CHOPPY,0,HMM_QUIET
2025-02-12,203.25,1.1078629266142317,1.4071599266838355,0.7139066039957113,1,92.25,TRENDING,0,HMM_QUIET
2025-02-13,161.5,0.9625387244647164,1.3203470626564697,0.7340105859594069,1,106.0,CHOPPY,0,HMM_QUIET
2025-02-14,72.0,0.3935138069068458,0.6151480199923107,0.5594328703928066,1,56.75,QUIET,0,HMM_QUIET
2025-02-17,50.0,-0.02585315408479835,0.27089609280158267,0.7992581388762285,-1,6.75,QUIET,0,HMM_QUIET
2025-02-18,137.75,-0.10782761060754119,0.7413148229268457,0.7389384074316863,-1,94.25,CHOPPY,0,HMM_QUIET
2025-02-19,103.5,0.041652594844084206,0.8184172013959249,0.5811715803144637,-1,67.25,CHOPPY,0,HMM_QUIET
2025-02-20,276.25,-0.33318325078793337,1.2438090950022513,0.7632008135015985,-1,48.75,TRENDING,0,HMM_QUIET
2025-02-21,195.75,-2.2660176233295024,2.3708110788091856,0.43186023904700355,1,321.75,CHOPPY,1,HMM_CHOPPY
2025-02-24,365.0,-1.5216292005700363,1.8135429595917802,0.6087308275603467,1,84.75,TRENDING,1,HMM_CHOPPY
2025-02-25,369.5,-0.9513235551919593,1.9026471103839186,0.5932274366906433,-1,139.0,TRENDING,1,HMM_CHOPPY
2025-02-26,183.5,-0.13889869811898203,1.624408503425383,0.48127344785805976,-1,73.5,CHOPPY,1,HMM_CHOPPY
2025-02-27,484.5,-3.403153628078068,3.741711768702701,0.5436827854745538,1,512.25,TRENDING,1,HMM_CHOPPY
2025-02-28,298.75,1.4460376625426465,2.3505700375168463,0.4796958372725318,1,132.0,TRENDING,1,HMM_CHOPPY
2025-03-03,361.0,-2.582429977559574,3.8148724220224883,0.44839869892355666,1,446.5,TRENDING,1,HMM_CHOPPY
2025-03-04,354.25,0.46454467248371634,3.2309204866658474,0.5013574544748288,-1,278.25,TRENDING,1,HMM_CHOPPY
2025-03-05,226.5,1.107914549794944,2.499846973128481,0.44092480016679436,-1,317.5,TRENDING,1,HMM_CHOPPY
2025-03-06,255.25,-0.8726798286642705,2.5134163753631036,0.39697143779234606,-1,324.5,TRENDING,1,HMM_CHOPPY
2025-03-07,218.0,0.7298905787969906,2.5989095309985153,0.3600450134685432,1,125.0,TRENDING,1,HMM_CHOPPY
2025-03-10,247.75,-2.131351616432155,3.1699925811359666,0.3837260949320215,1,210.25,TRENDING,1,HMM_CHOPPY
2025-03-11,300.0,0.03475798146240988,2.505149330587024,0.42972568589952004,-1,105.0,TRENDING,1,HMM_CHOPPY
2025-03-12,196.75,-0.5343588962506028,1.9381616023151322,0.4328340759272113,1,39.0,CHOPPY,1,HMM_CHOPPY
2025-03-13,253.0,-1.40238840283543,2.1023053834855356,0.4312683324495356,1,177.0,TRENDING,1,HMM_CHOPPY
2025-03-14,194.5,1.063447212946314,1.6259953763164654,0.5386892361047123,1,196.75,CHOPPY,0,HMM_QUIET
2025-03-17,164.0,0.5925568765781426,1.6786996739033893,0.5230287920516473,1,102.75,CHOPPY,0,HMM_QUIET
2025-03-18,259.25,-0.865833841153768,1.4853747714808043,0.7864652643524647,-1,25.75,TRENDING,0,HMM_QUIET
2025-03-19,191.25,0.9254531529231554,2.208322695940771,0.5416384969867278,1,122.0,CHOPPY,0,HMM_QUIET
2025-03-20,325.75,0.6012714785406081,1.7604105496974494,0.5281257200704886,-1,146.25,TRENDING,0,HMM_QUIET
2025-03-24,118.75,0.5257636531934587,0.8910829990743597,0.6316106397274761,1,23.5,CHOPPY,0,HMM_QUIET
2025-03-25,92.25,0.4901600372521628,0.6911256525255496,0.5531008239931172,1,47.5,QUIET,0,HMM_QUIET
2025-03-26,249.0,-1.6292182932348303,2.1221424465183407,0.4828350282005137,1,178.75,TRENDING,1,HMM_CHOPPY
2025-03-27,185.25,-0.10984210197840605,1.3043749609935718,0.502750403367489,-1,113.75,CHOPPY,1,HMM_CHOPPY
2025-03-28,310.5,-2.310280749334539,2.610366129275275,0.5345251980955967,1,187.75,TRENDING,1,HMM_CHOPPY
2025-03-31,215.5,1.3030378128790745,2.6752057599749564,0.4253847172318467,-1,356.0,TRENDING,1,HMM_CHOPPY
2025-04-01,201.0,1.1596708031268543,1.9710533783958102,0.43050243449424264,-1,271.75,TRENDING,1,HMM_CHOPPY
2025-04-02,303.5,2.1885347682119205,2.964610927152318,0.3910357712168703,1,152.75,TRENDING,1,HMM_CHOPPY
2025-04-03,218.0,-1.2074773763128344,2.162626329348041,0.41782052342390313,1,227.0,TRENDING,1,HMM_CHOPPY
2025-04-04,336.0,-3.7473144934721536,4.43728309370352,0.322905786995238,1,443.25,TRENDING,1,HMM_CHOPPY
2025-04-07,1686.75,4.386224007561436,9.964260396975426,0.605427897615383,1,303.5,TRENDING,2,HMM_TRENDING
2025-04-08,295.0,-4.961705879111797,7.632651936745827,0.2959583249272288,-1,1034.75,TRENDING,1,HMM_CHOPPY
2025-04-09,401.0,11.95536894713138,12.736993505833127,0.4175111631736414,1,1819.75,TRENDING,2,HMM_TRENDING
2025-04-10,308.25,-1.3490500771646001,5.074237666968229,0.2405276371327198,1,106.5,TRENDING,1,HMM_CHOPPY
2025-04-11,370.75,2.106978007059462,3.2758620689655173,0.3660702180999968,-1,498.25,TRENDING,1,HMM_CHOPPY
2025-04-14,268.25,-1.6261325083516398,2.686823257204508,0.4243240365531908,1,216.0,TRENDING,1,HMM_CHOPPY
2025-04-15,219.0,-0.0974350871649023,1.3706746721440985,0.49101831369961335,-1,0.5,TRENDING,1,HMM_CHOPPY
2025-04-16,169.25,-0.8528497827519875,3.3306877951008222,0.3658466822655397,-1,191.75,CHOPPY,1,HMM_CHOPPY
2025-04-17,194.0,-0.36219152904289537,1.4311971240911425,0.43686836190865236,-1,110.0,CHOPPY,1,HMM_CHOPPY
2025-04-21,268.0,-1.2452596014617665,2.5691236295938773,0.41964527761257486,1,22.5,TRENDING,1,HMM_CHOPPY
2025-04-22,205.5,1.2973598314258563,2.2765772838077925,0.4039333108705082,1,108.25,TRENDING,1,HMM_CHOPPY
2025-04-23,228.0,-0.8879096522243918,2.300912976938097,0.4251152842286792,-1,320.75,TRENDING,1,HMM_CHOPPY
2025-04-24,295.5,2.5959577229742257,3.022436491748563,0.4341756568548431,1,226.25,TRENDING,1,HMM_CHOPPY
2025-04-25,169.75,1.2058179745884547,1.7122356201997178,0.4878021846810953,-1,263.25,CHOPPY,1,HMM_CHOPPY
2025-04-28,189.75,-0.25833514508971395,1.867174811044467,0.45156334644835144,-1,8.5,CHOPPY,1,HMM_CHOPPY
2025-04-29,197.0,1.1195614407597576,1.4850274742951266,0.4180902708176189,1,147.5,CHOPPY,1,HMM_CHOPPY
2025-04-30,212.75,2.0335470500615247,3.3171426721067285,0.44386334704484315,1,384.5,TRENDING,1,HMM_CHOPPY
2025-05-01,147.25,-0.9776431414766041,1.751245524872944,0.5021207189234834,-1,222.5,CHOPPY,1,HMM_CHOPPY
2025-05-02,161.0,0.5674111864617682,1.2816524606482922,0.5123713111778411,1,26.0,CHOPPY,0,HMM_QUIET
2025-05-05,125.75,0.09370197773641009,1.0294723953973588,0.6209142784899476,-1,30.5,CHOPPY,0,HMM_QUIET
2025-05-06,171.75,0.38770948309611913,1.4586464266319792,0.5006244184729302,-1,27.25,CHOPPY,0,HMM_QUIET
2025-05-07,119.0,0.3103054058468071,1.891983567632759,0.4984512305373542,-1,10.5,CHOPPY,0,HMM_QUIET
2025-05-08,149.5,0.05455672659640422,1.783013019218847,0.5239916809048785,-1,82.25,CHOPPY,0,HMM_QUIET
2025-05-09,167.25,-0.407870667919118,1.0987788599396846,0.5274672322278693,-1,10.5,CHOPPY,0,HMM_QUIET
2025-05-12,198.5,0.19002091425156856,1.4628025097101882,0.6300821366211239,-1,217.0,CHOPPY,0,HMM_QUIET
2025-05-13,268.75,1.241415427830082,1.779401787733435,0.5641702835761628,1,54.75,TRENDING,0,HMM_QUIET
2025-05-14,132.0,0.3307568702424378,0.6896632613565723,0.6122254776200313,1,42.75,CHOPPY,0,HMM_QUIET
2025-05-15,98.75,0.5926464893030243,1.32142563753506,0.4118435876197562,-1,141.25,QUIET,0,HMM_QUIET
2025-05-16,81.5,0.16653080237568416,0.8990334226155817,0.5874327126025378,-1,90.25,QUIET,0,HMM_QUIET
2025-05-19,261.25,1.3760332040231578,1.622469313398342,0.5665347154845901,1,89.25,TRENDING,0,HMM_QUIET
2025-05-20,85.75,0.0572102418008383,0.8207918364487619,0.5365066596920527,-1,30.5,QUIET,0,HMM_QUIET
2025-05-21,163.5,-0.693171671601109,2.28746651628366,0.5307665498521097,-1,252.0,CHOPPY,0,HMM_QUIET
2025-05-22,216.5,0.13461810967833357,1.0580511076472534,0.5781742236647361,-1,34.0,TRENDING,0,HMM_QUIET
2025-05-23,172.25,0.44845200124703233,1.257823928631382,0.5664454901753485,-1,0.75,CHOPPY,0,HMM_QUIET
2025-05-26,49.5,0.11053101923710079,0.43389304360095954,0.5296709100232301,1,16.25,QUIET,0,HMM_QUIET
2025-05-27,190.25,0.8843105435217198,1.387614948611209,0.5893833050208032,1,78.0,CHOPPY,0,HMM_QUIET
2025-05-28,126.5,-0.6545065625036329,1.0834815564003302,0.6403209537782345,1,92.0,CHOPPY,0,HMM_QUIET
2025-05-29,299.0,-1.2987761975616228,1.7451584253203687,0.5375137754444707,1,63.25,TRENDING,0,HMM_QUIET
2025-05-30,160.0,-0.16836000982100058,1.691784265354082,0.45539169176655864,-1,37.75,CHOPPY,0,HMM_QUIET
2025-06-02,223.5,1.2096016535137166,1.5031942878617062,0.7121354171147642,1,166.5,TRENDING,0,HMM_QUIET
2025-06-03,128.75,0.637001798456808,1.1591344201427163,0.6374573095034456,1,62.25,CHOPPY,0,HMM_QUIET
2025-06-04,152.5,0.1438368774739943,0.7444996778053945,0.6547939390305516,1,13.5,CHOPPY,0,HMM_QUIET
2025-06-05,148.25,-0.9272312576648443,1.9839768937179796,0.5548496838581816,1,191.75,CHOPPY,0,HMM_QUIET
2025-06-06,95.5,-0.04702374125473105,0.7271476086707191,0.5865990053134675,-1,2.75,QUIET,0,HMM_QUIET
2025-06-09,116.5,0.051610239471511145,0.6525828057619966,0.6038681874158753,-1,43.25,CHOPPY,0,HMM_QUIET
2025-06-10,75.25,0.5048886039429396,1.1414375014310902,0.6658232068547989,1,73.75,QUIET,0,HMM_QUIET
2025-06-11,128.25,-0.5893173456874233,1.2558477540082662,0.5180863188588185,-1,151.25,CHOPPY,0,HMM_QUIET
2025-06-12,115.0,0.4729892231753267,0.7398330222064432,0.5879320963626015,1,12.0,CHOPPY,0,HMM_QUIET
2025-06-13,178.75,-0.11185424354243542,1.1738929889298895,0.48785746683574266,-1,28.5,CHOPPY,0,HMM_QUIET
2025-06-16,184.0,0.7410466423474888,0.9372060476747653,0.7844907005351068,-1,18.25,CHOPPY,0,HMM_QUIET
2025-06-17,105.25,-0.48650381190045555,1.0256645069713135,0.532977730800164,-1,143.5,CHOPPY,0,HMM_QUIET
2025-06-18,154.25,-0.15043638033991732,0.9772622875516767,0.6110912348690002,-1,111.25,CHOPPY,0,HMM_QUIET
2025-06-19,136.25,-0.2608030415430267,0.6317229228486647,0.6338063186257189,-1,10.75,CHOPPY,0,HMM_QUIET
2025-06-23,253.25,0.8550819072441899,1.620997519347943,0.6333256356492485,1,71.5,TRENDING,0,HMM_QUIET
2025-06-24,73.25,0.5104101229471417,0.8424571479852823,0.6375789077958801,1,91.75,QUIET,0,HMM_QUIET
2025-06-25,85.5,-0.10667022234074469,0.7111348156049646,0.5683686910774689,1,13.25,QUIET,0,HMM_QUIET
2025-06-26,100.25,0.4256687100242764,0.9599716220859984,0.6883009475340119,1,79.75,CHOPPY,0,HMM_QUIET
2025-06-27,141.75,0.13652027436171266,0.9853681093042971,0.5328402552186952,-1,45.0,CHOPPY,0,HMM_QUIET
2025-06-30,80.5,0.018581468810458086,0.6733049874848342,0.5579099458975623,-1,34.5,QUIET,0,HMM_QUIET
2025-07-01,96.5,-0.5317282813664869,1.101828706749112,0.5491969131854239,1,85.25,QUIET,0,HMM_QUIET
2025-07-02,147.25,0.7956564441550702,0.9181500160014126,0.6435975902537404,1,43.75,CHOPPY,0,HMM_QUIET
2025-07-03,140.75,0.5538112680969823,0.7478632478632479,0.601822886577786,-1,1.0,CHOPPY,0,HMM_QUIET
2025-07-04,46.0,-0.05672520999236391,0.25526344496563763,0.6393062110866711,-1,27.75,QUIET,0,HMM_QUIET
2025-07-07,77.75,-0.3683000446754492,0.8619092761487583,0.641101711262364,1,78.75,QUIET,0,HMM_QUIET
2025-07-08,94.75,-0.15369522563767168,0.5308480488336603,0.5821274019811956,-1,24.75,QUIET,0,HMM_QUIET
2025-07-09,133.5,0.2719933851208739,0.845355440955676,0.7149276548469834,-1,7.75,CHOPPY,0,HMM_QUIET
2025-07-10,188.75,-0.2719717409442079,0.8180823283381551,0.7331655515171063,-1,71.5,CHOPPY,0,HMM_QUIET
2025-07-11,141.5,0.17782917489444802,0.6927700985151809,0.5711161163818597,-1,34.75,CHOPPY,0,HMM_QUIET
2025-07-14,145.5,0.37048740887644244,0.9817916335225725,0.7974894996301545,-1,89.25,CHOPPY,0,HMM_QUIET
2025-07-15,103.75,-0.7305955754787126,0.8469736317496578,0.5972049410099838,1,148.0,CHOPPY,0,HMM_QUIET
2025-07-16,141.75,-0.03683720123946348,1.1452035797092028,0.8087043292953217,-1,61.0,CHOPPY,0,HMM_QUIET
2025-07-17,109.5,0.6017250895553079,0.9318080973149642,0.7233617752250806,1,85.0,CHOPPY,0,HMM_QUIET
2025-07-18,123.25,-0.33261088817836526,0.6008454754189824,0.6102902403591132,-1,29.25,CHOPPY,0,HMM_QUIET
2025-07-21,170.0,0.38699274388605215,0.7309862940069873,0.6820783465639224,-1,70.25,CHOPPY,0,HMM_QUIET
2025-07-22,244.75,-0.5482737942259917,1.0483594620063394,0.8171960747189256,-1,49.25,TRENDING,0,HMM_QUIET
2025-07-23,121.75,0.3170474818906777,1.0532424822130988,0.7620205522043048,-1,142.5,CHOPPY,0,HMM_QUIET
2025-07-24,102.25,0.0010695644733464532,0.5411996235133054,0.6750379673929482,-1,42.0,CHOPPY,0,HMM_QUIET
2025-07-25,85.75,0.2643350955673038,0.6281971704372766,0.6671611690197383,1,17.0,QUIET,0,HMM_QUIET
2025-07-28,65.25,0.12461125548502536,0.3866144080432838,0.7346875777320026,-1,1.0,QUIET,0,HMM_QUIET
2025-07-29,113.5,-0.597571570850374,0.9758216609099193,0.6105381557170156,1,104.75,CHOPPY,0,HMM_QUIET
2025-07-30,76.25,0.3523188112699443,1.0856954304995263,0.7687578984114947,1,66.25,QUIET,0,HMM_QUIET
2025-07-31,144.0,-1.6201534882252004,1.8801781221378866,0.5089062264822999,1,277.25,CHOPPY,1,HMM_CHOPPY
2025-08-01,296.25,-0.8900631273483265,1.3307634835901379,0.5556806621652359,1,102.0,TRENDING,0,HMM_QUIET
2025-08-04,175.0,0.8573562683351916,0.9547831170096452,0.7086426541209029,1,42.25,CHOPPY,0,HMM_QUIET
2025-08-05,135.25,-0.8683548369827078,1.2152684833235183,0.583120760619489,1,143.75,CHOPPY,0,HMM_QUIET
2025-08-06,136.25,1.0401942271378473,1.2775829511734555,0.7450083257289947,1,210.25,CHOPPY,0,HMM_QUIET
2025-08-07,128.25,-0.40994025676878104,1.4459133087581035,0.4865060295729286,1,70.25,CHOPPY,0,HMM_QUIET
2025-08-08,156.5,0.8113245616829676,0.8803508660146335,0.5921275231630041,1,57.0,CHOPPY,0,HMM_QUIET
2025-08-11,86.5,-0.3383827203440751,0.9171120457923532,0.5251828141854041,-1,116.5,QUIET,0,HMM_QUIET
2025-08-12,186.5,0.8132136687313024,1.3788817258669364,0.9157805616904328,1,173.0,CHOPPY,0,HMM_QUIET
2025-08-13,121.75,-0.39614048950903535,0.7610888144898001,0.6019736668757419,1,7.75,CHOPPY,0,HMM_QUIET
2025-08-14,119.0,0.10897697861326795,0.6884411052780485,0.536804850227704,-1,67.0,CHOPPY,0,HMM_QUIET
2025-08-15,144.75,-0.5008521806413836,0.73611677488838,0.6387537840945672,1,66.0,CHOPPY,0,HMM_QUIET
2025-08-18,89.5,0.10307651853799632,0.44491191164869837,0.6496013526688716,1,17.75,QUIET,0,HMM_QUIET
2025-08-19,148.0,-1.1772751183587586,1.4539715938979485,0.6336416129818787,1,144.25,CHOPPY,0,HMM_QUIET
2025-08-20,368.75,-0.4375526930834659,1.6936490827401471,0.5858810487476815,-1,227.25,TRENDING,0,HMM_QUIET
2025-08-21,193.0,-0.22893133134854526,0.9834374093141733,0.5987166618558742,-1,138.25,CHOPPY,0,HMM_QUIET
2025-08-22,427.25,1.2841315724432887,1.9073920845914958,0.8914502060088022,1,9.25,TRENDING,0,HMM_QUIET
2025-08-25,116.0,0.05745658835546476,0.7309754851889684,0.7573498943332121,-1,31.0,CHOPPY,0,HMM_QUIET
2025-08-26,121.25,0.500633781063261,0.7381685325039146,0.734713132635713,1,45.0,CHOPPY,0,HMM_QUIET
2025-08-27,118.25,0.3111526453284625,0.7178811885393879,0.7027238860355021,1,16.25,CHOPPY,0,HMM_QUIET
2025-08-28,170.75,0.563651361011823,0.9781942006302743,0.8726840445706513,-1,143.75,CHOPPY,0,HMM_QUIET
2025-08-29,240.0,-0.7853458481312362,1.1267546084897682,0.7253289642625655,1,32.0,TRENDING,0,HMM_QUIET
2025-09-01,51.75,0.11394615777815642,0.2715539274152326,0.6792905844125255,1,18.25,QUIET,0,HMM_QUIET
2025-09-02,255.25,0.7402517288773931,1.1471737318860187,0.6133649751032807,1,10.0,TRENDING,0,HMM_QUIET
2025-09-03,102.25,0.14835528422310928,0.8869297927295237,0.5183305351913128,1,24.75,CHOPPY,0,HMM_QUIET
2025-09-04,138.25,0.7772489645553178,1.152032026916238,0.7109930128580875,1,181.75,CHOPPY,0,HMM_QUIET
2025-09-05,273.25,-0.8062996083687617,1.6649563341640663,0.6562591184969556,-1,28.25,TRENDING,0,HMM_QUIET
2025-09-08,105.25,0.05991359828457909,0.5444779633581046,0.6040632832044914,-1,64.0,CHOPPY,0,HMM_QUIET
2025-09-09,76.75,0.09649674847912734,0.6765261170547514,0.6995167748855708,-1,47.5,QUIET,0,HMM_QUIET
2025-09-10,106.5,-0.4906556659791237,0.8990145217409422,0.5495036554544191,1,82.75,CHOPPY,0,HMM_QUIET
2025-09-11,93.5,0.13763189723485006,0.5797222338073987,0.721636811342254,-1,45.0,QUIET,0,HMM_QUIET
2025-09-12,74.5,0.27245689565524844,0.6530646201202138,0.6200472053799072,1,34.25,QUIET,0,HMM_QUIET
2025-09-15,93.5,0.47977996298249426,0.5945549110235651,0.6673590726657789,1,39.5,QUIET,0,HMM_QUIET
2025-09-16,77.0,-0.19203713402548855,0.40358606241720324,0.824915043428634,-1,1.5,QUIET,0,HMM_QUIET
2025-09-17,105.0,-0.07825128960184508,1.2540798780927278,0.7070506607156211,-1,61.25,CHOPPY,0,HMM_QUIET
2025-09-18,186.75,0.08287038457996992,0.8737198571764729,0.8132051849740957,-1,84.5,CHOPPY,0,HMM_QUIET
2025-09-22,91.5,0.7354348636423167,0.8583431559222655,0.5903026921933011,1,94.25,QUIET,0,HMM_QUIET
2025-09-23,80.25,-0.6009759609615616,0.921963121475141,0.5129933212258658,1,102.5,QUIET,0,HMM_QUIET
2025-09-24,114.25,-0.5394816154309825,1.090014064697609,0.5617530561911281,1,67.5,CHOPPY,0,HMM_QUIET
2025-09-25,219.75,0.24311842613879112,1.1189550993835573,0.4999245792898785,1,16.25,TRENDING,0,HMM_QUIET
2025-09-26,213.25,0.31941754464240446,0.8822008375837838,0.7339096394461775,-1,164.0,TRENDING,0,HMM_QUIET
2025-09-29,126.75,-0.06136512247874855,0.7826568080076455,0.5750250620157903,-1,121.0,CHOPPY,0,HMM_QUIET
2025-09-30,108.25,0.20648254467073587,0.7705324227956729,0.530208081724018,-1,88.0,CHOPPY,0,HMM_QUIET
2025-10-01,167.0,0.9499868758454985,1.2558806307670562,0.7104248364043044,1,114.75,CHOPPY,0,HMM_QUIET
2025-10-02,154.75,-0.18577573788732255,0.6964106537915139,0.7405343874857666,-1,41.75,CHOPPY,0,HMM_QUIET
2025-10-03,120.0,-0.6206855392205622,0.9867308572224321,0.5791180103589881,1,112.5,CHOPPY,0,HMM_QUIET
2025-10-06,104.75,-0.11203981875328435,0.5661481106913749,0.746797568283508,-1,42.75,CHOPPY,0,HMM_QUIET
2025-10-07,58.0,-0.7171938305480985,1.1104617182933958,0.6788954717568688,1,157.25,QUIET,0,HMM_QUIET
2025-10-08,157.75,1.0037778730275815,1.0785378933623069,0.6544940640912822,1,115.25,CHOPPY,0,HMM_QUIET
2025-10-09,89.5,-0.1401555529235264,0.6869596115124956,0.5366222640261202,-1,41.25,QUIET,0,HMM_QUIET
2025-10-10,94.25,-3.484341204705046,3.965314607962233,0.5378963770859589,-1,904.25,QUIET,1,HMM_CHOPPY
2025-10-13,189.25,0.31823079789323155,0.9687912264977493,0.6625920618259282,-1,78.75,CHOPPY,0,HMM_QUIET
2025-10-14,301.75,0.501248046756093,2.1267528461554073,0.6532481820247031,1,41.0,TRENDING,0,HMM_QUIET
2025-10-15,220.75,-0.23897849193572576,1.8168364847163756,0.5202980975259804,-1,159.0,TRENDING,0,HMM_QUIET
2025-10-16,112.0,-0.8734191114083509,2.142122757808367,0.355402164401366,-1,254.75,CHOPPY,1,HMM_CHOPPY
2025-10-17,288.5,1.0875058114855167,1.5443391077601019,0.5486791202390284,1,95.5,TRENDING,0,HMM_QUIET
2025-10-20,168.75,0.7484448867877582,0.9564568300572281,0.6720057646354245,1,25.0,CHOPPY,0,HMM_QUIET
2025-10-21,99.75,-0.2025611635903719,0.5711236710011461,0.6567669563661142,-1,28.75,QUIET,0,HMM_QUIET
2025-10-22,173.0,-0.847013190053532,1.9166641929131911,0.4472416614466398,1,74.25,CHOPPY,0,HMM_QUIET
2025-10-23,181.0,1.0083445760255834,1.1572477889371908,0.6342098907485765,1,121.25,CHOPPY,0,HMM_QUIET
2025-10-24,120.5,0.20615318163076982,0.5458150904128954,0.733752812984585,1,19.5,CHOPPY,0,HMM_QUIET
2025-10-27,80.5,0.610092675982685,0.7175851950843961,0.7459775680838828,1,104.75,QUIET,0,HMM_QUIET
2025-10-28,65.0,0.4308773007312439,0.8675124273074488,0.5936612467254497,-1,117.75,QUIET,0,HMM_QUIET
2025-10-29,72.25,0.24842001066016903,1.2601842686362597,0.6631088187318157,1,33.25,QUIET,0,HMM_QUIET
2025-10-30,238.0,-0.5224730390515105,1.2497248882807193,0.589098144244675,1,30.5,TRENDING,0,HMM_QUIET
2025-10-31,142.5,-0.8712081452713341,1.1899195587659952,0.4292997277605602,1,135.25,CHOPPY,0,HMM_QUIET
2025-11-03,231.75,-0.40212305727871317,0.9643330188769141,0.6138381538493413,-1,86.25,TRENDING,0,HMM_QUIET
2025-11-04,230.75,-0.6380747042713129,1.3548161529048424,0.4246748165361058,-1,287.0,TRENDING,0,HMM_QUIET
2025-11-05,230.25,0.8172733412287485,1.5298182423239925,0.7424824747463292,1,62.0,TRENDING,0,HMM_QUIET
2025-11-06,280.5,-1.5881980622230878,1.898826622523005,0.45538913701274686,1,240.5,TRENDING,1,HMM_CHOPPY
2025-11-07,229.75,0.3265598709690266,1.9752889756175267,0.4101858285278421,-1,223.25,TRENDING,1,HMM_CHOPPY
2025-11-10,142.5,0.7527702729159325,1.2050197736794706,0.5334157299337353,1,88.25,CHOPPY,0,HMM_QUIET
2025-11-11,113.0,0.16891067261596743,0.8484588121576631,0.5642290424572064,-1,102.0,CHOPPY,0,HMM_QUIET
2025-11-12,219.0,-0.5799406482145975,1.1317570843920322,0.5199044377081744,-1,15.5,TRENDING,0,HMM_QUIET
2025-11-13,220.75,-1.3404115436320638,1.9605726677722282,0.3464753903520943,1,248.5,TRENDING,1,HMM_CHOPPY
2025-11-14,402.25,1.515810336633263,2.699942360781062,0.5234320896154113,1,87.5,TRENDING,1,HMM_CHOPPY
2025-11-17,299.5,-0.3750337530377734,2.0911882069386247,0.36456967008594865,-1,233.25,TRENDING,1,HMM_CHOPPY
2025-11-18,402.0,-0.6422380225137297,1.8286084168579895,0.472658138557833,-1,13.75,TRENDING,1,HMM_CHOPPY
2025-11-19,415.25,0.392105076033847,1.9503672175776845,0.3597102325164604,-1,247.0,TRENDING,1,HMM_CHOPPY
2025-11-20,155.25,-4.357181813674451,4.919430809658387,0.4062558614840489,-1,1145.75,CHOPPY,1,HMM_CHOPPY
2025-11-21,271.25,0.6032372354381217,2.765181642581938,0.4338332376376953,-1,303.25,TRENDING,1,HMM_CHOPPY
2025-11-24,256.0,1.7453537093863734,1.9563865469114785,0.7702437798186531,1,212.0,TRENDING,1,HMM_CHOPPY
2025-11-25,280.0,0.9333480845243244,2.147304052219216,0.7518921399024344,-1,307.75,TRENDING,1,HMM_CHOPPY
2025-11-26,146.75,0.35980493220204585,0.9545238284037744,0.6296013176960078,-1,121.75,CHOPPY,0,HMM_QUIET
2025-11-27,31.0,-0.006916585973163646,0.12746279864830148,0.7288996172836719,-1,3.75,QUIET,0,HMM_QUIET
2025-11-28,92.0,0.49389775034996747,0.6733176915948659,0.4178905102465402,1,116.25,QUIET,0,HMM_QUIET
2025-12-01,180.75,0.5899880220552569,1.1354299686197646,0.5694105424191784,1,79.75,CHOPPY,0,HMM_QUIET
2025-12-02,183.0,0.4167933391520952,1.0052074650138767,0.5952863401340414,1,25.25,CHOPPY,0,HMM_QUIET
2025-12-03,144.25,0.6295352029809766,1.0031378701706217,0.7421376166418256,1,127.5,CHOPPY,0,HMM_QUIET
2025-12-04,193.25,-0.3529514716034498,0.8799478837496476,0.6260727509598277,-1,30.0,CHOPPY,0,HMM_QUIET
2025-12-05,207.25,0.2170971290608359,0.8440502730750884,0.6484514300637356,-1,101.5,TRENDING,0,HMM_QUIET
2025-12-08,204.0,-0.4827171742628385,1.1515421747474943,0.5797185979895821,1,33.25,TRENDING,0,HMM_QUIET
2025-12-09,110.0,0.2761649182727494,0.6967553061722371,0.6881173192382872,1,32.5,CHOPPY,0,HMM_QUIET
2025-12-10,106.0,0.5702365750714015,1.3315267718761272,0.6460935421451764,-1,157.75,CHOPPY,0,HMM_QUIET
2025-12-11,259.5,0.2915025543033187,1.3249229809304683,0.7251450453228758,-1,118.5,TRENDING,0,HMM_QUIET
2025-12-12,305.5,-1.3507565606079872,1.9669597707332818,0.573484386633706,1,105.25,TRENDING,0,HMM_QUIET
2025-12-15,375.5,-1.2623976700251889,1.4778809823677581,0.6700636397877199,-1,18.75,TRENDING,0,HMM_QUIET
2025-12-16,228.0,0.4932120811949138,1.1044749242174134,0.6632076193879838,1,113.75,TRENDING,0,HMM_QUIET
2025-12-17,195.25,-1.8545544800198561,2.172251178952594,0.7377960813862049,1,370.0,CHOPPY,1,HMM_CHOPPY
2025-12-18,175.5,-0.20760554945603352,0.9981036031540073,0.7113356376528921,-1,95.25,CHOPPY,0,HMM_QUIET
2025-12-22,124.0,-0.3035239813036985,0.6419580690832218,0.9004748799998384,-1,13.75,CHOPPY,0,HMM_QUIET
2025-12-23,124.0,0.6736402897335659,0.7604043791493219,0.959464680576729,1,143.75,CHOPPY,0,HMM_QUIET
2025-12-24,59.25,0.2558561003266042,0.4283651376680267,0.5998850902320929,1,45.75,QUIET,0,HMM_QUIET
2025-12-26,100.75,-0.12065986466789579,0.38900740368929604,0.8256604405937215,1,15.5,CHOPPY,0,HMM_QUIET
2025-12-29,157.25,0.12350721593340336,0.6651884700665188,0.7650622027068466,-1,6.25,CHOPPY,0,HMM_QUIET
2025-12-30,101.25,-0.078816775323538,0.48944244429308165,0.7260306448056696,-1,25.0,CHOPPY,0,HMM_QUIET
2025-12-31,124.0,-0.8577047392811246,0.9647961369212197,0.6315300257545171,1,143.5,CHOPPY,0,HMM_QUIET
2026-01-02,346.25,-1.1435857007990502,2.0954383096343445,0.6549324278566597,1,96.5,TRENDING,0,HMM_QUIET
2026-01-05,145.5,-0.2086339351869906,0.6609991030690636,0.8183839964747461,-1,84.0,CHOPPY,0,HMM_QUIET
2026-01-06,170.0,0.7157902948977999,0.8932750819160555,0.7348578703378074,1,47.5,CHOPPY,0,HMM_QUIET
2026-01-07,109.25,0.13570888505457437,0.881138403675772,0.5972082853877777,-1,40.75,CHOPPY,0,HMM_QUIET
2026-01-08,233.25,-0.3703524165010422,0.9045518444907654,0.721387496990511,1,6.5,TRENDING,0,HMM_QUIET
2026-01-09,245.0,0.8623539248284042,1.439849112368508,0.8682577619769034,1,82.0,TRENDING,0,HMM_QUIET
2026-01-12,189.5,0.8185817076604877,1.0749346979598573,0.7801144695829684,1,35.0,CHOPPY,0,HMM_QUIET
2026-01-13,231.25,-0.12138611381393243,0.923883199583819,0.5854652384374287,-1,76.75,TRENDING,0,HMM_QUIET
2026-01-14,258.25,-0.3554778554778555,1.4374514374514373,0.57634931080124,-1,36.0,TRENDING,0,HMM_QUIET
2026-01-15,117.0,-0.807135969141755,1.0549662487945997,0.6295618805631696,1,147.5,CHOPPY,0,HMM_QUIET
2026-01-16,228.5,-0.6996994385008649,1.1635885689986758,0.6837807570815281,-1,18.5,TRENDING,0,HMM_QUIET
2026-01-19,107.5,0.41414620646028544,0.7185782627604476,0.5625624014152093,1,79.25,CHOPPY,0,HMM_QUIET
2026-01-20,136.5,-0.3941764880657621,1.3112805783896206,0.47751804268711673,-1,218.5,CHOPPY,0,HMM_QUIET
2026-01-21,258.75,1.1886571547635585,2.0826305240807255,0.3827696947602837,1,116.25,TRENDING,0,HMM_QUIET
2026-01-22,197.5,-0.36242093296670197,0.7675939330930149,0.683409990815734,-1,43.75,CHOPPY,0,HMM_QUIET
2026-01-23,202.25,0.4559300191353926,1.1051665560198383,0.5647110861476431,-1,23.0,TRENDING,0,HMM_QUIET
2026-01-26,182.5,0.3660407402372954,0.8874303357477135,0.6917454682240451,-1,3.25,CHOPPY,0,HMM_QUIET
2026-01-27,160.25,0.36755154862360606,0.7591575179686523,0.8541998226755653,1,35.75,CHOPPY,0,HMM_QUIET
2026-01-28,98.0,-0.7865692818984317,1.1769971336882101,0.5941807928541639,1,173.75,QUIET,0,HMM_QUIET
2026-01-29,459.0,-0.5127567371069423,2.453770579625573,0.6267366681697452,-1,263.75,TRENDING,1,HMM_CHOPPY
2026-01-30,148.75,-0.6802984410230605,1.4341426594540194,0.34851780835495694,1,136.0,CHOPPY,1,HMM_CHOPPY
2026-02-02,372.0,1.2195480037976294,1.6002897160586873,0.7187678648107729,-1,11.75,TRENDING,1,HMM_CHOPPY
2026-02-03,482.25,-1.7968343326457037,2.832134801133625,0.46909812106360094,1,78.0,TRENDING,1,HMM_CHOPPY
2026-02-04,278.75,-1.85739610005909,2.3734488871380734,0.478006905010687,1,334.75,TRENDING,1,HMM_CHOPPY
2026-02-05,410.5,-0.8063865003431432,1.7126882241330588,0.5680486759717684,1,7.5,TRENDING,1,HMM_CHOPPY
2026-02-06,283.5,1.5337237479806138,2.104200323101777,0.7616393403014473,1,235.5,TRENDING,1,HMM_CHOPPY
2026-02-09,298.75,1.1493450130199239,1.8896349432810207,0.7081080917779972,1,163.25,TRENDING,0,HMM_QUIET
2026-02-10,195.75,-0.5576079996059308,0.9832027978917295,0.6237254378431129,-1,166.5,CHOPPY,0,HMM_QUIET
2026-02-11,407.5,-0.5438951944449909,1.6031630505340597,0.6206031947006008,-1,203.25,TRENDING,0,HMM_QUIET
2026-02-12,223.75,-2.2182331068085652,2.6522137946679556,0.4599410028904766,1,448.0,TRENDING,1,HMM_CHOPPY
2026-02-13,292.0,0.17985066332562064,1.6843317739539867,0.5569813343560163,-1,61.25,TRENDING,0,HMM_QUIET
2026-02-16,105.25,-0.06764192183824494,0.5128671088631109,0.481690495338457,-1,36.75,CHOPPY,0,HMM_QUIET
2026-02-17,354.25,0.4927257058853348,1.7853703046585896,0.5381631459065881,-1,254.25,TRENDING,0,HMM_QUIET
2026-02-18,322.75,0.5592784803748678,1.517609714314506,0.6144285774870429,-1,109.75,TRENDING,0,HMM_QUIET
2026-02-19,188.0,0.12281549488604333,0.8607151485866151,0.5030561357085531,1,5.75,CHOPPY,0,HMM_QUIET
2026-02-20,405.25,1.495028373170411,1.8723257907567192,0.6152594395103369,1,110.5,TRENDING,0,HMM_QUIET
2026-02-23,200.5,-0.8136102076557418,1.4901175881911433,0.6119271622845768,1,92.75,TRENDING,0,HMM_QUIET
2026-02-24,320.5,0.8748324413670769,1.5591771737268063,0.7957550054511021,1,10.5,TRENDING,0,HMM_QUIET
2026-02-25,204.25,0.8892995896304687,0.953885593346648,0.8590434389924071,1,50.0,TRENDING,0,HMM_QUIET
2026-02-26,457.0,-1.0210624969170818,1.8941449218171953,0.7171247867167256,-1,149.5,TRENDING,0,HMM_QUIET
2026-02-27,217.75,0.6679158607350096,1.0346147646679562,0.5625975901441829,1,10.75,TRENDING,0,HMM_QUIET
2026-03-02,342.5,1.5135222869200025,2.0075473229320946,0.5974585744788854,1,136.5,TRENDING,0,HMM_QUIET
2026-03-03,310.25,0.8467581695350471,2.0358878733225323,0.5689857101565338,-1,383.0,TRENDING,0,HMM_QUIET
2026-03-04,328.5,1.0572270674271458,1.6235627848024867,0.6709693783340909,-1,23.5,TRENDING,0,HMM_QUIET
2026-03-05,223.0,0.18909265540114656,1.7378515472581564,0.4404122900140387,1,23.25,TRENDING,0,HMM_QUIET
2026-03-06,217.0,-0.17318034048672792,1.2801166688609593,0.4753620781404093,-1,179.25,TRENDING,0,HMM_QUIET
2026-03-09,212.75,2.2163102425048606,3.0359152767829736,0.49441294699978944,-1,573.0,TRENDING,1,HMM_CHOPPY
2026-03-10,188.5,0.00800272092511454,1.3014424904467519,0.4630223680655605,-1,10.25,CHOPPY,0,HMM_QUIET
2026-03-11,201.25,-0.3285400439384861,1.2232873976432994,0.5722752321750056,1,75.0,TRENDING,0,HMM_QUIET
2026-03-12,218.0,-0.8243948215492971,1.1775627377576865,0.562421801142996,1,46.0,TRENDING,0,HMM_QUIET
2026-03-13,194.0,-1.1168367450447343,1.843135663711428,0.5000188415416115,-1,304.25,CHOPPY,0,HMM_QUIET
2026-03-16,142.75,0.021293207466818086,0.8679516948379181,0.6317706526331113,-1,57.0,CHOPPY,0,HMM_QUIET
2026-03-17,368.0,-0.7849764507064788,1.5499535013949581,0.985518253810477,1,258.25,TRENDING,0,HMM_QUIET
2026-03-18,404.25,-1.9715993421316538,2.305547755625978,1.0217751537382274,1,384.5,TRENDING,1,HMM_CHOPPY
2026-03-19,432.25,-0.2149151085321298,2.365089599132152,1.1541083435623822,1,50.5,TRENDING,1,HMM_CHOPPY
2026-03-20,250.25,-1.4619554675296833,2.124531653581893,0.48329151181059815,1,141.0,TRENDING,1,HMM_CHOPPY
2026-03-23,257.5,-0.5174631039621139,1.571781420318847,0.7734028761552175,-1,269.5,TRENDING,0,HMM_QUIET
2026-03-24,183.5,-0.12265259425697266,1.0358475397332563,0.8800751660460904,-1,21.25,CHOPPY,0,HMM_QUIET
2026-03-25,198.5,-0.20159433489219308,0.980341994044269,0.8790638159759478,-1,99.5,CHOPPY,0,HMM_QUIET
2026-03-26,178.5,-1.5710382513661203,1.9891538334161285,0.8435573338820527,-1,395.0,CHOPPY,1,HMM_CHOPPY
2026-03-27,220.25,-1.5377948761308868,1.670964741692737,0.7876641000844917,1,187.0,TRENDING,1,HMM_CHOPPY
2026-03-30,245.5,-1.669573354885363,2.186396699136501,0.7585668661220878,1,209.0,TRENDING,1,HMM_CHOPPY
2026-03-31,202.25,2.1256575852187676,2.560839998289209,0.8336953269306898,1,310.25,TRENDING,1,HMM_CHOPPY
2026-04-01,167.5,0.40475745687776327,1.2692778711833448,0.8705402747202347,-1,0.25,CHOPPY,0,HMM_QUIET
2026-04-02,328.0,1.8957844570923592,2.481773326459975,1.0085984644477137,1,272.0,TRENDING,1,HMM_CHOPPY
2026-04-06,207.75,0.38944982485060786,1.0323511230166906,0.9962310773046017,-1,6.0,TRENDING,0,HMM_QUIET
2026-04-07,314.0,0.5661252900232019,1.88605310647074,0.8648440994138121,-1,273.25,TRENDING,0,HMM_QUIET
2026-04-08,209.25,-0.48711767215294105,1.2907130172524977,0.8503514487393186,-1,21.5,TRENDING,0,HMM_QUIET
2026-04-09,149.0,0.5960687372911766,1.24795662054942,0.8177853886984242,-1,248.75,CHOPPY,0,HMM_QUIET
2026-04-10,104.0,-0.11949437092632827,0.6774639541773652,0.8101073954090494,-1,56.75,CHOPPY,0,HMM_QUIET
2026-04-13,173.0,1.2928555848585197,1.5476591778866173,0.9598840935033291,1,245.25,CHOPPY,0,HMM_QUIET
2026-04-14,150.75,1.2492082825822168,1.3622411693057248,0.7919721460085751,1,173.25,CHOPPY,0,HMM_QUIET
2026-04-15,152.75,1.232563501517888,1.51884871075587,0.7542471262830335,1,210.5,CHOPPY,0,HMM_QUIET
2026-04-16,178.0,0.0482233022560941,1.0911704079124038,0.7850692706641725,-1,100.0,CHOPPY,0,HMM_QUIET
2026-04-17,146.5,0.5188674827434416,0.9562521658502777,0.8348132053665245,1,91.25,CHOPPY,0,HMM_QUIET
2026-04-20,112.0,-0.17633064328030976,0.9665531557587349,0.9502990982017115,-1,19.25,CHOPPY,0,HMM_QUIET
2026-04-21,159.0,-0.7488366454356401,1.2440200311471283,0.7973222955433289,-1,234.25,CHOPPY,0,HMM_QUIET
2026-04-22,184.0,0.871425249941874,1.2164612880725412,0.8290259553869703,1,125.75,CHOPPY,0,HMM_QUIET
2026-04-23,138.75,-0.11567647603183417,1.7619840829168982,0.7957467294682616,-1,31.5,CHOPPY,0,HMM_QUIET
2026-04-24,137.5,0.8121939342710928,1.2228847585009326,0.8870022884749635,-1,230.0,CHOPPY,0,HMM_QUIET
2026-04-27,137.0,0.06475738781466618,0.5718715797154323,1.00838466137231,-1,67.75,CHOPPY,0,HMM_QUIET
2026-04-28,183.75,-0.016567720557779924,0.9047816282387593,0.9490031915494844,-1,12.25,CHOPPY,0,HMM_QUIET
2026-04-29,152.75,0.533874865612394,1.0649930623834158,0.8088359574482175,1,83.5,CHOPPY,0,HMM_QUIET
2026-04-30,328.5,0.33469150174621654,1.6789144353899883,0.917615088249486,-1,351.5,TRENDING,0,HMM_QUIET
2026-05-01,294.25,0.7020718357007147,1.0947254139147742,0.9260905404389336,-1,44.75,TRENDING,0,HMM_QUIET
2026-05-04,105.0,-0.34105799781004864,1.1775476134915364,0.8559493623052541,-1,111.75,CHOPPY,0,HMM_QUIET
2026-05-05,164.5,0.5618479348292125,0.7806917250250107,0.9691664432440531,1,25.5,CHOPPY,0,HMM_QUIET
2026-05-06,170.0,1.1351027668680322,1.3984043396326107,0.9280305161127657,1,293.25,CHOPPY,0,HMM_QUIET
2026-05-07,194.5,-0.02173894140050956,1.366944635264041,0.7213850137387806,-1,130.0,CHOPPY,0,HMM_QUIET
2026-05-08,306.75,1.6561193306265203,1.8258001402463835,0.8176146180436844,1,244.75,TRENDING,0,HMM_QUIET
2026-05-11,162.75,0.34209179320934996,0.7976454529943696,0.9653289589712774,-1,119.75,CHOPPY,0,HMM_QUIET
2026-05-12,215.0,-0.2892572592446791,1.8989995806625533,0.8344289585080678,-1,42.75,TRENDING,0,HMM_QUIET
2026-05-13,214.25,0.5898622232086456,1.6748331142335204,0.9581057890534186,-1,222.75,TRENDING,0,HMM_QUIET
2026-05-14,230.75,0.8676476824562147,1.1186972562656377,0.8521881155851743,1,109.75,TRENDING,0,HMM_QUIET
2026-05-15,293.25,-0.3594818679395114,1.357663111695542,0.8946701486228699,-1,119.25,TRENDING,0,HMM_QUIET
2026-05-18,238.75,-0.8734257034272372,1.849958245990763,0.7722905568014867,1,71.5,TRENDING,0,HMM_QUIET
2026-05-19,405.0,0.180241072434381,1.6065718667949151,0.8184098271366727,-1,190.5,TRENDING,0,HMM_QUIET
2026-05-20,225.75,0.9708153473094054,1.339707981495176,1.0143207237174598,1,146.5,TRENDING,0,HMM_QUIET
2026-05-21,213.0,0.828284902625184,1.4614779066981551,0.8731447872221099,-1,269.25,TRENDING,0,HMM_QUIET
2026-05-22,228.0,-0.09803755852673213,0.8747316644411014,0.9114000753362863,1,12.25,TRENDING,0,HMM_QUIET
2026-05-25,55.5,0.07514904560712078,0.2872363520983284,0.6283513920530669,1,20.25,QUIET,0,HMM_QUIET
2026-05-26,257.5,0.557650344037656,0.9781872601560083,0.8811601754897926,1,1.5,TRENDING,0,HMM_QUIET
2026-05-27,304.0,-0.4364389233954451,1.0476190476190477,1.0505409346382795,-1,139.5,TRENDING,0,HMM_QUIET
2026-05-28,266.75,0.8676121948176183,1.4116374828432392,1.088383197673307,1,166.5,TRENDING,0,HMM_QUIET
2026-05-29,190.0,0.07734588421156569,0.8763124115459302,0.9990600106616072,1,1.0,CHOPPY,0,HMM_QUIET
2026-06-01,175.25,0.7374023662788781,1.3215568664930957,0.9161309722854197,1,185.25,CHOPPY,0,HMM_QUIET
2026-06-02,223.5,0.5776137841884362,1.0218691451152364,0.6569637823276373,1,173.25,TRENDING,0,HMM_QUIET
2026-06-03,311.75,-0.44627252700802317,1.0136645558816118,0.6891415185118545,1,105.25,TRENDING,0,HMM_QUIET
2026-06-04,213.5,1.0720804803713462,1.4941398990691568,0.7171877524323582,1,251.75,TRENDING,0,HMM_QUIET
2026-06-05,342.5,-3.7746685200136505,4.045179494435797,0.41865782728593703,1,922.75,TRENDING,1,HMM_CHOPPY
2026-06-08,252.5,-0.21591140012192644,1.3936869200027096,0.5321647806203478,1,54.75,TRENDING,1,HMM_CHOPPY
2026-06-09,486.75,-1.822629866581476,5.4468721889213025,0.35418558341974493,1,248.5,TRENDING,1,HMM_CHOPPY
2026-06-10,458.5,-1.1896612974499832,2.699049484017988,0.5014703783249894,-1,662.5,TRENDING,1,HMM_CHOPPY
2026-06-11,398.75,2.4501578082477633,3.362228617634528,0.5286200129045264,1,584.25,TRENDING,1,HMM_CHOPPY
2026-06-12,397.25,0.6263561160835368,1.7968538106861949,0.6044159376012216,1,168.5,TRENDING,0,HMM_QUIET
2026-06-15,195.25,0.7679563872589424,1.012788391698563,0.605965944274532,1,108.5,CHOPPY,0,HMM_QUIET
2026-06-16,216.5,-1.6202839756592293,1.932657200811359,0.562666630449917,1,369.0,TRENDING,1,HMM_CHOPPY
2026-06-17,225.75,-1.5773439035576229,2.040064207560768,0.5848237301125571,1,465.5,TRENDING,1,HMM_CHOPPY
2026-06-18,253.0,0.402033045155175,1.2820931866838812,0.7430873055575805,-1,197.25,TRENDING,0,HMM_QUIET
2026-06-19,62.25,0.016315342948508775,0.2324936370162501,0.6705017010895964,-1,17.75,QUIET,0,HMM_QUIET
2026-06-22,224.0,-0.5239636307597473,1.508625933766455,0.697318021461491,1,95.5,TRENDING,0,HMM_QUIET
2026-06-23,430.5,-0.14637470241350012,1.580678539281418,0.6597414367803319,-1,308.75,TRENDING,0,HMM_QUIET
2026-06-24,316.5,0.121166224914805,2.1633219739997473,0.48145233043487357,-1,42.0,TRENDING,1,HMM_CHOPPY
2026-06-25,897.25,-1.0446635105668542,2.975632809067016,0.6847150859590319,-1,252.25,TRENDING,1,HMM_CHOPPY
2026-06-26,483.75,-0.20689655172413793,1.8203490847169008,0.6144927313296762,-1,291.75,TRENDING,1,HMM_CHOPPY
2026-06-29,566.25,1.3089093546537125,2.684444894241474,0.6464964981170623,-1,485.0,TRENDING,1,HMM_CHOPPY
2026-06-30,391.5,1.610809731420774,1.8862116018238093,0.8077610786875181,1,120.25,TRENDING,1,HMM_CHOPPY
2026-07-01,239.5,-0.6829663560520245,1.150955408746269,0.803615415907098,-1,255.25,TRENDING,1,HMM_CHOPPY
2026-07-02,382.75,-1.8046100263501328,3.208565039940816,0.5106455859649229,1,402.0,TRENDING,1,HMM_CHOPPY
2026-07-03,67.0,-0.05765181644998497,0.2514956050934126,0.7078915616298794,1,3.5,QUIET,0,HMM_QUIET
2026-07-06,266.25,0.37874026964296187,1.0649975281331958,0.6292982530421656,-1,64.5,TRENDING,0,HMM_QUIET
2026-07-07,426.0,-0.5862872976717467,1.607643699523536,0.611683692793825,-1,116.0,TRENDING,0,HMM_QUIET
2026-07-08,198.0,0.8098552362363134,1.5957401272140466,0.5699238054509741,1,146.5,CHOPPY,0,HMM_QUIET
2026-07-09,316.75,0.684960289112073,1.2741101819557086,0.7359788538507547,1,186.75,TRENDING,0,HMM_QUIET
2026-07-10,170.5,0.728177712231542,1.3499358968987507,0.6697307943225279,1,144.5,CHOPPY,0,HMM_QUIET
2026-07-13,248.75,-0.8305284416021541,1.209188825311343,0.6384788285676586,1,238.0,TRENDING,0,HMM_QUIET
2026-07-14,248.25,-0.11489047666968569,1.1011036194693233,0.6259589725751064,-1,93.0,TRENDING,0,HMM_QUIET
2026-07-15,338.25,-0.7694811427045343,1.9378906869413544,0.46822628225205093,-1,1.0,TRENDING,0,HMM_QUIET
2026-07-16,276.5,-0.9019251817850142,1.5391272622370797,0.5508277482473438,-1,284.25,TRENDING,0,HMM_QUIET
2026-07-17,479.25,0.4247212220785122,2.244205963575349,0.5368647399882768,-1,103.5,TRENDING,0,HMM_QUIET
2026-07-20,284.5,-0.8633155448442074,1.4623859528318126,0.5380087206594234,1,236.5,TRENDING,0,HMM_QUIET
2026-07-21,182.0,0.23611942852254258,1.028317221319189,0.7636190597094488,-1,84.25,CHOPPY,0,HMM_QUIET
2026-07-22,193.75,0.20711228751654323,0.8671215688970626,0.657442162687858,-1,68.5,CHOPPY,0,HMM_QUIET
2026-07-23,226.0,-0.03482106326116668,1.5686888999155588,0.5874128971279607,-1,22.75,TRENDING,0,HMM_QUIET
2026-07-24,323.0,-0.9276454099509459,1.4654870357393133,0.5645426535445289,1,116.5,TRENDING,0,HMM_QUIET
2026-07-27,540.5,-1.3763312988580123,2.3670449974641925,0.5736095169972492,-1,110.5,TRENDING,1,HMM_CHOPPY
2026-07-28,388.5,-0.11985581524315526,1.7048148048765217,0.6275284289203017,-1,210.25,TRENDING,1,HMM_CHOPPY
2026-07-29,457.25,-2.367049382937183,3.2169660928907917,0.46452509673463155,1,317.25,TRENDING,1,HMM_CHOPPY
2026-07-30,426.75,1.6519734895025247,1.986493636942504,0.6754450004580909,1,109.75,TRENDING,1,HMM_CHOPPY
2026-07-31,646.0,-0.7488670760939933,2.2605987437229893,0.7180517488709434,-1,113.0,TRENDING,1,HMM_CHOPPY
2026-08-03,370.5,1.6406566145292678,2.289881591216989,0.6996065424348346,1,207.25,TRENDING,1,HMM_CHOPPY
