scan_date,score,is_catalyst,drift
2026-06-08,136,0,2.430921573269563
2026-06-08,196,0,0.5048952464085863
2026-06-08,207,0,2.145307812235913
2026-06-08,242,0,-0.3999025421485729
2026-06-08,174,0,-0.2505654049660433
2026-06-08,202,0,-0.2745759601107593
2026-06-08,146,0,-1.0505654049660431
2026-06-08,193,0,1.6437407683000798
2026-06-08,217,0,0.3790648409980123
2026-06-08,171,0,0.5500974578514272
2026-06-08,119,0,-1.680565404966043
2026-06-08,203,0,-1.4153468226232564
2026-06-08,178,0,9.745785142711849e-05
2026-06-08,159,0,-1.1905654049660437
2026-06-08,282,0,-0.45093515900198766
2026-06-08,139,0,-0.7405654049660435
2026-06-09,172,0,-9.000240906227507
2026-06-09,200,0,-6.04745813500276
2026-06-09,192,0,-5.9043862282257695
2026-06-09,150,0,-4.016443263630758
2026-06-09,143,0,-1.2700862525874732
2026-06-09,207,0,-7.274950812093358
2026-06-09,182,0,-5.691514638873776
2026-06-09,134,0,0.7517573090168028
2026-06-09,178,0,-0.36349022006122267
2026-06-11,245,1,0.8318419864412796
2026-06-11,207,1,3.149461882894326
2026-06-11,250,1,-6.583382762265067
2026-06-11,232,1,15.767652745101897
2026-06-11,202,1,5.464103603110283
2026-06-11,202,0,4.744537527466047
2026-06-11,222,1,14.557652745101898
2026-06-11,237,1,-0.9552123847681351
2026-06-11,222,0,3.184856043168365
2026-06-11,217,0,4.054537527466047
2026-06-11,287,0,4.3816067585176945
2026-06-11,237,0,2.0777587110021583
2026-06-11,212,0,1.4647859982380602
2026-06-11,272,0,3.0022085334503656
2026-06-11,242,0,2.026725682082077
2026-06-11,222,0,0.5794308926196812
2026-06-11,202,0,1.809324174378257
2026-06-11,197,0,5.260093865799142
2026-06-11,182,1,1.834787615231865
2026-06-11,212,0,4.914856043168365
2026-06-11,217,0,4.504537527466047
2026-06-11,252,0,1.07478599823806
2026-06-11,217,0,5.901606758517694
2026-06-11,222,0,2.957758711002158
2026-06-11,227,0,4.312208533450366
2026-06-11,197,0,4.169176553924908
2026-06-11,232,0,1.299430892619681
2026-06-11,192,0,4.250093865799142
2026-06-11,217,0,1.9293241743782572
2026-06-15,125,1,-1.0340403409379362
2026-06-15,157,1,-0.27186158631726154
2026-06-15,147,1,-1.3073996038722082
2026-06-15,172,0,-1.2664849029293141
2026-06-15,175,0,-0.663564807400814
2026-06-15,182,0,1.2395118014421733
2026-06-15,182,0,-0.5416080698786745
2026-06-15,207,0,1.790897458359538
2026-06-15,182,0,1.7124547985313228
2026-06-15,157,0,-0.7868487975530686
2026-06-15,157,0,-1.7241064969789746
2026-06-15,147,0,-1.11306196228662
2026-06-15,147,0,2.2615780255887756
2026-06-15,137,0,12.204916964291911
2026-06-15,187,0,-2.8912494204732084
2026-06-15,177,0,5.2437768452657885
2026-06-15,117,0,-2.5435783009727615
2026-06-15,142,0,2.6346078443337717
2026-06-15,232,0,0.8677395083675394
2026-06-15,158,0,-1.6869860410918285
2026-06-15,167,1,-1.6434551143106142
2026-06-15,147,1,-2.587817725982788
2026-06-15,147,1,-1.7788226521266142
2026-06-15,147,1,-1.1006339489886015
2026-06-15,142,0,0.7713215492927015
2026-06-15,157,0,0.35951180144217343
2026-06-15,242,0,0.960897458359538
2026-06-15,167,0,-0.4116080698786746
2026-06-15,172,0,1.7324547985313228
2026-06-15,152,0,-2.01306196228662
2026-06-15,147,0,-0.5168487975530686
2026-06-15,147,0,-1.5441064969789746
2026-06-15,162,0,-0.6683081681364433
2026-06-15,136,0,2.691578025588776
2026-06-15,162,0,10.954916964291911
2026-06-15,142,0,4.4437768452657895
2026-06-15,177,0,-2.531249420473208
2026-06-15,177,0,1.744607844333772
2026-06-15,117,0,-2.5135783009727617
2026-06-15,197,0,1.0077395083675396
2026-06-15,162,1,-1.4378177259827882
2026-06-15,207,0,0.023806326729910676
2026-06-15,212,0,-0.8804881985578268
2026-06-15,196,0,1.020897458359538
2026-06-15,182,0,-0.011608069878674687
2026-06-15,182,0,1.4224547985313227
2026-06-15,172,0,-2.17306196228662
2026-06-15,172,0,-1.1783081681364433
2026-06-15,172,0,-1.1541064969789745
2026-06-15,172,0,0.4831512024469315
2026-06-15,146,0,2.731578025588776
2026-06-15,207,0,8.92491696429191
2026-06-15,222,0,3.4037768452657895
2026-06-15,227,0,-3.6212494204732084
2026-06-15,197,0,0.8346078443337719
2026-06-15,182,0,-2.7835783009727617
2026-06-15,187,0,0.4777395083675393
2026-06-15,188,0,-0.36967955579664014
2026-06-18,272,1,-2.787156604823036
2026-06-18,182,1,-2.699765866921935
2026-06-18,196,1,-1.30831063857987
2026-06-18,187,1,-9.312500476837158
2026-06-18,187,1,-2.954381368659893
2026-06-18,262,1,0.8768517710698833
2026-06-18,177,1,1.9714185827361779
2026-06-18,122,1,-2.184275627059476
2026-06-18,210,0,-3.089053847257987
2026-06-18,88,0,-0.05698808080091278
2026-06-18,123,0,-2.4958687749968984
2026-06-18,202,1,0.6914185827361781
2026-06-18,160,0,-2.149053847257987
2026-06-18,171,0,1.9884643129577562
2026-06-18,195,1,1.7516302641086714
2026-06-18,227,1,-5.034381368659892
2026-06-18,237,1,0.3368517710698833
2026-06-18,182,1,-3.354275627059476
2026-06-18,189,0,-2.329053847257987
2026-06-18,191,0,1.5984643129577556
2026-06-18,181,0,2.534032755351794
2026-06-18,197,1,-4.214381368659893
2026-06-18,222,1,0.3468517710698835
2026-06-18,142,1,-3.5842756270594758
2026-06-18,179,0,-2.559053847257987
2026-06-18,166,0,2.0484643129577558
2026-06-18,176,0,1.7840327553517938
2026-06-22,180,1,-29.611417768079516
2026-06-22,212,1,0.6146746583470346
2026-06-22,147,1,-8.597515347611406
2026-06-22,242,1,-7.712642599023351
2026-06-22,150,1,-10.110661523579626
2026-06-22,164,1,-6.879752093207331
2026-06-22,227,1,1.9255492565241719
2026-06-22,197,1,0.5743073772289584
2026-06-22,221,1,-6.759619227536539
2026-06-22,187,1,3.7462630740308294
2026-06-22,122,1,-8.684009381425357
2026-06-22,167,1,-1.909425521107009
2026-06-22,222,0,-9.581508002021094
2026-06-22,237,0,-9.011617735025622
2026-06-22,227,0,-6.743664240604575
2026-06-22,205,0,-4.591027577173142
2026-06-22,192,0,-5.543862593801398
2026-06-22,222,0,-6.029435243281333
2026-06-22,192,0,-0.566259416532997
2026-06-22,167,0,1.5761142545991556
2026-06-22,232,0,0.15335529218354083
2026-06-22,197,1,0.3343073772289582
2026-06-22,171,1,3.4662630740308296
2026-06-22,162,1,-2.029425521107009
2026-06-22,207,0,-9.931508002021094
2026-06-22,192,0,-8.291617735025621
2026-06-22,190,0,-3.611027577173141
2026-06-22,157,0,-5.163664240604575
2026-06-22,182,0,-4.403862593801398
2026-06-22,142,0,-4.6394352432813335
2026-06-22,187,0,-0.33625941653299707
2026-06-24,225,1,-1.1694187107887606
2026-06-24,192,1,1.7011967097139309
2026-06-24,217,1,0.9711967097139307
2026-06-24,216,0,-1.5254605285165983
2026-06-24,152,0,-1.0787773634211408
2026-06-24,186,0,-1.7098990969751298
2026-06-24,157,1,1.3111967097139308
2026-06-24,157,0,-0.8987773634211411
2026-06-24,166,0,-0.5398990969751298
2026-06-24,171,0,-1.0054605285165983
2026-06-24,232,1,0.6711967097139309
2026-06-24,237,0,-2.118777363421141
2026-06-24,171,0,-1.6498990969751302
2026-06-24,191,0,-0.8754605285165984
2026-06-24,192,1,0.30119670971393075
2026-06-24,237,0,-2.408777363421142
2026-06-24,186,0,-2.0898990969751297
2026-06-24,181,0,-0.8154605285165983
2026-06-24,182,1,-0.47880329028606905
2026-06-24,237,0,-2.7687773634211412
2026-06-24,191,0,-2.49989909697513
2026-06-24,206,0,-0.8454605285165986
2026-06-24,182,1,-0.7888032902860691
2026-06-24,231,0,-3.1687773634211416
2026-06-24,211,0,-2.5598990969751294
2026-06-24,147,1,-1.4088032902860692
2026-06-24,172,0,-3.8487773634211413
2026-06-24,146,0,-3.69989909697513
2026-06-29,207,1,-0.6364014960620992
2026-06-29,210,1,1.9255415513544474
2026-06-29,216,1,-0.8128541533801021
2026-06-29,167,1,0.24834680468525772
2026-06-29,217,1,-1.1016531953147428
2026-06-29,227,1,9.99051518413893
2026-06-29,180,1,6.823975226503016
2026-06-29,190,1,1.935541551354448
2026-06-29,182,0,-1.7434022517698615
2026-06-29,222,1,15.068197978798828
2026-06-29,227,1,-1.631653195314743
2026-06-29,215,1,1.4555415513544476
2026-06-29,238,0,4.8362962638435185
2026-06-29,207,0,-1.883402251769862
2026-06-29,192,0,-1.4710360184588915
2026-06-29,192,1,-0.8916531953147429
2026-06-29,220,1,0.7055415513544476
2026-06-29,173,0,4.526296263843518
2026-06-29,192,0,-1.7934022517698613
2026-06-29,197,1,-0.021653195314742746
2026-06-29,205,1,1.3355415513544475
2026-06-29,178,0,4.8362962638435185
2026-06-29,197,0,-1.4434022517698617
2026-06-29,207,1,-0.5116531953147421
2026-06-29,205,1,1.225541551354448
2026-06-29,178,0,5.196296263843518
2026-06-30,197,1,0.4632949812810523
2026-06-30,167,1,-24.336546576568505
2026-06-30,202,1,-0.09512700965086296
2026-06-30,198,0,3.0963729680493173
2026-06-30,187,0,2.328316593443981
2026-06-30,197,1,0.603294981281052
2026-06-30,208,0,2.426372968049317
2026-06-30,203,0,2.771598500097518
2026-06-30,191,0,1.998316593443981
2026-06-30,207,1,0.40329498128105223
2026-06-30,228,0,2.071598500097518
2026-06-30,166,0,1.858316593443981
2026-06-30,197,1,0.873294981281052
2026-06-30,231,0,1.5515985000975183
2026-06-30,172,1,0.893294981281052
2026-06-30,251,0,1.2415985000975178
2026-06-30,232,1,0.2132949812810523
2026-06-30,227,1,-3.978754545797191
2026-06-30,153,0,1.9883165934439813
2026-06-30,132,0,-1.4459754745717777
2026-07-01,171,1,0.18849637097392913
2026-07-01,153,0,-4.127032984021366
2026-07-01,151,0,1.8525043654211686
2026-07-01,118,0,3.8468933168564075
2026-07-01,197,0,1.135067452898182
2026-07-01,124,0,0.1994609341750151
2026-07-01,182,0,0.012490207577371737
2026-07-01,100,0,-1.9186468078112178
2026-07-01,139,0,0.3922773448269514
2026-07-01,185,0,8.236052219958035
2026-07-01,166,1,0.2684963709739292
2026-07-01,207,1,-3.120003193700035
2026-07-01,158,0,-3.887032984021366
2026-07-01,156,0,1.9125043654211682
2026-07-01,113,0,3.8968933168564073
2026-07-01,197,0,1.5350674528981818
2026-07-01,129,0,0.329460934175015
2026-07-01,187,0,-0.047509792422628205
2026-07-01,95,0,-1.5886468078112177
2026-07-01,119,0,0.7722773448269513
2026-07-01,166,1,0.18849637097392913
2026-07-01,158,0,-3.777032984021366
2026-07-01,118,0,4.0968933168564075
2026-07-01,156,0,2.1425043654211686
2026-07-01,197,0,1.815067452898182
2026-07-01,129,0,0.39946093417501505
2026-07-01,222,0,-0.20750979242262824
2026-07-01,95,0,-1.3486468078112175
2026-07-01,119,0,0.7922773448269513
2026-07-01,171,1,0.058496370973929235
2026-07-01,222,0,-0.4075097924226282
2026-07-01,153,0,-4.067032984021366
2026-07-01,118,0,4.1368933168564075
2026-07-01,156,0,2.2325043654211685
2026-07-01,187,0,2.155067452898182
2026-07-01,129,0,0.579460934175015
2026-07-01,95,0,-1.3486468078112175
2026-07-01,119,0,0.6022773448269514
2026-07-01,156,1,-2.0915036290260707
2026-07-01,152,0,-4.450771871713491
2026-07-01,168,0,-0.8074956345788316
2026-07-01,153,0,1.3168933168564072
2026-07-01,192,0,-2.097509792422628
2026-07-01,173,0,1.1450674528981817
2026-07-01,91,0,0.769460934175015
2026-07-01,140,0,7.3360522199580345
2026-07-01,126,0,-0.1277226551730486
2026-07-01,181,0,-0.9207049502205158
2026-07-01,176,1,-1.7715036290260713
2026-07-01,152,0,-4.530771871713491
2026-07-01,148,0,1.0668933168564072
2026-07-01,158,0,-0.5974956345788316
2026-07-01,187,0,-2.217509792422628
2026-07-01,178,0,1.2450674528981818
2026-07-01,91,0,0.749460934175015
2026-07-01,140,0,7.306052219958034
2026-07-01,126,0,-0.07772265517304833
2026-07-01,181,0,-0.6907049502205163
2026-07-01,176,1,-1.741503629026071
2026-07-01,132,0,-4.530771871713491
2026-07-01,128,0,1.0268933168564072
2026-07-01,143,0,-0.6274956345788318
2026-07-01,104,0,-1.1773921222810113
2026-07-01,187,0,-2.1475097924226283
2026-07-01,173,0,1.2250674528981818
2026-07-01,91,0,0.8194609341750151
2026-07-01,140,0,7.306052219958034
2026-07-01,121,0,-0.22772265517304868
2026-07-01,171,0,-0.4307049502205156
2026-07-01,186,1,-1.8815036290260707
2026-07-01,207,1,-1.1691835734002396
2026-07-01,196,1,-2.9800031937000364
2026-07-01,133,0,1.0568933168564074
2026-07-01,148,0,-0.7974956345788318
2026-07-01,188,0,0.8250674528981818
2026-07-01,107,0,-3.9907718717134912
2026-07-01,192,0,-1.767509792422628
2026-07-01,126,0,0.5094609341750151
2026-07-01,140,0,7.306052219958034
2026-07-01,126,0,-0.1577226551730484
2026-07-01,191,0,-0.5707049502205161
2026-07-01,176,1,-1.831503629026071
2026-07-01,206,1,-3.6300031937000368
2026-07-01,197,1,-0.9891835734002399
2026-07-01,128,0,0.7501987740347467
2026-07-01,158,0,-0.9349694824228525
2026-07-01,203,0,0.505067452898182
2026-07-01,158,0,-4.608639117052897
2026-07-01,192,0,-1.387509792422628
2026-07-01,126,0,0.5959756941857992
2026-07-01,140,0,7.306052219958034
2026-07-01,126,0,-0.14631729226796208
2026-07-01,176,0,-0.700704950220516
2026-07-01,176,1,-1.581503629026071
2026-07-01,206,1,-3.8600031937000354
2026-07-01,197,1,-0.9691835734002385
2026-07-01,143,0,-4.688639117052897
2026-07-01,128,0,0.7601987740347464
2026-07-01,158,0,-0.994969482422853
2026-07-01,191,0,0.8950674528981817
2026-07-01,192,0,-1.457509792422628
2026-07-01,126,0,0.6659756941857993
2026-07-01,140,0,7.306052219958034
2026-07-01,126,0,-0.4163172922679621
2026-07-01,176,0,-0.410704950220516
2026-07-01,171,1,-1.4215036290260707
2026-07-01,172,1,-1.029183573400239
2026-07-01,191,1,-4.510003193700036
2026-07-01,143,0,-0.9149694824228529
2026-07-01,118,0,-4.528639117052897
2026-07-01,128,0,0.9501987740347468
2026-07-01,181,0,0.7450674528981818
2026-07-01,187,0,-1.6275097924226283
2026-07-01,96,0,0.7159756941857993
2026-07-01,140,0,7.306052219958034
2026-07-01,121,0,-0.5263172922679624
2026-07-01,171,0,-0.4907049502205161
2026-07-01,186,1,-1.8515036290260705
2026-07-01,212,1,-1.3691835734002389
2026-07-01,196,1,-3.6300031937000368
2026-07-01,148,0,-1.0449694824228528
2026-07-01,133,0,0.7601987740347464
2026-07-01,123,0,-4.378639117052898
2026-07-01,186,0,0.8050674528981818
2026-07-01,192,0,-1.7575097924226282
2026-07-01,101,0,0.7459756941857993
2026-07-01,140,0,7.306052219958034
2026-07-01,121,0,-0.3963172922679621
2026-07-01,191,0,-0.8107049502205164
2026-07-01,186,1,-2.0615036290260704
2026-07-01,217,1,-1.699183573400239
2026-07-01,196,1,-3.6300031937000368
2026-07-01,143,0,-4.688639117052897
2026-07-01,158,0,0.5901987740347465
2026-07-01,153,0,-0.9749694824228525
2026-07-01,206,0,0.5150674528981818
2026-07-01,192,0,-1.8775097924226283
2026-07-01,101,0,0.7359756941857993
2026-07-01,140,0,7.306052219958034
2026-07-01,121,0,-0.37631729226796207
2026-07-01,216,0,-1.0707049502205161
2026-07-01,186,1,-2.2215036290260706
2026-07-01,217,1,-1.89918357340024
2026-07-01,196,1,-3.420003193700036
2026-07-01,168,0,0.37019877403474677
2026-07-01,127,0,-4.688639117052897
2026-07-01,123,0,-0.8649694824228531
2026-07-01,206,0,0.545067452898182
2026-07-01,192,0,-1.8775097924226283
2026-07-01,96,0,0.6759756941857993
2026-07-01,140,0,7.306052219958034
2026-07-01,126,0,-0.2763172922679624
2026-07-01,196,0,-1.1807049502205156
2026-07-01,196,1,-2.281503629026071
2026-07-01,197,1,-1.8291835734002397
2026-07-01,191,1,-3.6300031937000368
2026-07-01,128,0,0.6401987740347463
2026-07-01,128,0,-0.9849694824228523
2026-07-01,107,0,-4.148639117052897
2026-07-01,176,0,0.795067452898182
2026-07-01,192,0,-2.027509792422628
2026-07-01,136,0,-0.1840243058142006
2026-07-01,140,0,7.306052219958034
2026-07-01,111,0,-0.2863172922679622
2026-07-01,216,0,-1.2107049502205158
2026-07-01,221,1,-2.361503629026071
2026-07-01,217,1,-1.8891835734002385
2026-07-01,206,1,-4.1400031937000366
2026-07-01,102,0,-4.378639117052898
2026-07-01,148,0,-1.0149694824228526
2026-07-01,133,0,0.8401987740347465
2026-07-01,176,0,0.735067452898182
2026-07-01,202,0,-2.1275097924226283
2026-07-01,136,0,0.12597569418579924
2026-07-01,140,0,7.306052219958034
2026-07-01,126,0,-0.19631729226796235
2026-07-01,216,0,-1.2207049502205156
2026-07-01,236,1,-2.5515036290260706
2026-07-01,206,1,-4.1900031937000355
2026-07-01,197,1,-1.7191835734002385
2026-07-01,165,1,6.246052219958035
2026-07-01,158,0,-1.1749694824228527
2026-07-01,211,0,0.08506745289818207
2026-07-01,202,0,-2.3175097924226282
2026-07-01,134,0,-1.2173921222810113
2026-07-01,102,0,-4.528639117052897
2026-07-01,133,0,0.7801987740347469
2026-07-01,126,0,0.1959756941857993
2026-07-01,126,0,-0.19631729226796235
2026-07-01,216,0,-1.240704950220516
2026-07-01,176,1,-2.331503629026071
2026-07-01,161,1,-4.510003193700036
2026-07-01,147,1,-1.5391835734002388
2026-07-01,165,1,5.796052219958034
2026-07-01,161,0,0.11506745289818188
2026-07-01,182,0,-2.307509792422628
2026-07-01,123,0,-0.994969482422853
2026-07-01,156,1,-2.369183573400239
2026-07-01,125,1,4.516052219958034
2026-07-01,118,0,-0.5449694824228528
2026-07-01,118,0,0.06506745289818205
2026-07-01,162,0,-1.0375097924226284
2026-07-01,128,1,-5.220003193700037
2026-07-01,151,1,-2.7691835734002392
2026-07-01,140,1,4.1260522199580345
2026-07-01,128,0,-0.2549325471018178
2026-07-01,111,0,-1.064024305814201
2026-07-01,113,0,-0.7349694824228523
2026-07-01,127,0,-0.8575097924226281
2026-07-01,128,1,-4.260003193700036
2026-07-01,156,1,-2.7691835734002392
2026-07-01,158,0,-0.34493254710181853
2026-07-01,97,0,-0.4149694824228529
2026-07-01,122,0,-0.7875097924226283
2026-07-02,222,1,-6.012216854970429
2026-07-02,177,1,-2.5944486458944906
2026-07-02,177,0,-5.504803238447254
2026-07-02,192,0,-2.7268561633446575
2026-07-02,176,0,-7.8158654294824075
2026-07-02,92,0,-0.8054470004491421
2026-07-02,142,0,-0.9311057278855773
2026-07-02,212,0,-5.188979269646447
2026-07-02,227,1,1.5832167531483217
2026-07-02,142,1,-4.442216854970429
2026-07-02,137,0,-4.514803238447254
2026-07-02,137,0,-1.3611057278855774
2026-07-02,151,0,-6.9358654294824085
2026-07-02,92,0,-0.775447000449142
2026-07-02,153,0,-3.797048770030542
2026-07-02,187,0,-5.0889792696464475
2026-07-02,157,1,1.8832167531483215
2026-07-02,137,1,-4.672216854970428
2026-07-02,177,1,0.9378457833440308
2026-07-02,172,0,-5.924803238447254
2026-07-02,153,0,-8.415865429482409
2026-07-02,212,0,-1.9811057278855775
2026-07-02,97,0,-0.995447000449142
2026-07-02,158,0,-4.087048770030543
2026-07-02,192,0,-5.278979269646448
2026-07-06,172,1,4.72142974653752
2026-07-06,182,1,-1.5554120580821946
2026-07-06,182,1,0.24273966971854755
2026-07-06,202,0,-0.3188490445779486
2026-07-06,166,0,1.2950777940266356
2026-07-06,192,0,1.1484651060166444
2026-07-06,192,1,-1.1854120580821945
2026-07-06,202,1,-0.13726033028145235
2026-07-06,176,0,-0.04884904457794814
2026-07-06,202,1,-1.1954120580821952
2026-07-06,202,1,0.16273966971854747
2026-07-06,161,0,0.21115095542205164
2026-07-06,226,0,-3.8018705617224993
2026-07-06,187,1,-1.5454120580821948
2026-07-06,187,1,0.1427396697185479
2026-07-06,161,0,0.5411509554220517
2026-07-06,168,0,-3.561870561722499
2026-07-06,133,0,-0.3203470169334244
2026-07-06,196,0,-0.17884904457794804
2026-07-06,181,0,-0.34884904457794796
2026-07-06,128,0,-0.13034701693342443
2026-07-06,202,1,-1.995412058082195
2026-07-06,186,0,-0.008849044577948106
2026-07-06,188,0,-3.581870561722499
2026-07-06,187,1,-1.7954120580821948
2026-07-06,222,1,-2.5616488786215816
2026-07-06,128,0,0.1711509554220516
2026-07-06,177,1,-1.6154120580821951
2026-07-06,222,1,-3.0316488786215814
2026-07-06,168,0,0.0511509554220515
2026-07-06,167,1,-0.8454120580821947
2026-07-06,202,1,-2.2716488786215816
2026-07-06,133,0,0.22115095542205143
2026-07-06,127,0,2.205077794026636
2026-07-06,167,1,-1.0854120580821949
2026-07-06,202,1,-1.5216488786215816
2026-07-06,168,0,-0.038849044577948355
2026-07-06,127,0,1.7450777940266358
2026-07-06,162,1,-0.8754120580821949
2026-07-06,158,0,-0.28884904457794836
2026-07-06,122,0,1.8950777940266361
2026-07-09,232,1,-4.189113580307458
2026-07-09,182,0,-5.710483334654956
2026-07-09,173,0,-1.7632076340825598
2026-07-09,148,0,-1.337757257329252
2026-07-09,177,0,-5.8204833346549565
2026-07-09,178,0,-1.58320763408256
2026-07-09,181,0,-1.667757257329252
2026-07-09,247,1,-0.5158749416275503
2026-07-09,262,0,-2.232479237222436
2026-07-09,158,0,-0.54320763408256
2026-07-09,127,0,0.1900593397341055
2026-07-09,197,0,-1.6024792372224363
2026-07-09,132,0,-0.8032076340825602
2026-07-09,122,0,-0.7799406602658943
2026-07-09,137,0,-1.1732076340825603
2026-07-09,202,0,-1.7724792372224363
2026-07-09,152,0,-1.3232076340825603
2026-07-09,177,0,-1.5024792372224363
2026-07-09,142,0,-1.35320763408256
2026-07-09,182,0,-1.4024792372224362
2026-07-10,87,1,0.12401473565451826
2026-07-10,82,1,0.8740147356545183
2026-07-10,92,1,0.6740147356545182
2026-07-10,82,1,0.8840147356545183
2026-07-10,97,1,0.8540147356545182
2026-07-10,92,1,0.3240147356545182
2026-07-10,107,1,-0.12598526434548174
2026-07-10,112,1,0.014014735654518162
2026-07-10,87,1,0.1740147356545183
2026-07-10,87,1,0.1640147356545183
2026-07-10,137,1,-0.0859852643454817
2026-07-10,107,1,-0.025985264345481873
2026-07-10,102,1,0.07401473565451822
2026-07-14,187,1,1.167759271652029
2026-07-14,168,0,-3.732938085661368
2026-07-14,207,0,-5.876277841129658
2026-07-14,151,1,1.1577592716520293
2026-07-14,142,0,-4.042938085661369
2026-07-14,132,0,-4.296277841129658
2026-07-14,176,1,0.6877592716520287
2026-07-14,158,0,-3.7929380856613686
2026-07-15,153,0,-1.4248775263246656
2026-07-15,166,0,0.2381345275193163
2026-07-15,161,0,-0.8498794756669761
2026-07-15,146,0,0.7681345275193165
2026-07-15,152,1,-5.171300615235643
2026-07-15,111,0,1.6881345275193165
2026-07-16,147,1,0.6623043299247708
2026-07-22,157,1,-2.9458999439166154
2026-07-22,212,1,-2.12571329563732
2026-07-22,126,0,3.6032216179311494
2026-07-22,182,0,0.35977968598185184
2026-07-22,122,0,-2.6331047436273805
2026-07-22,152,0,-3.591422984270345
2026-07-22,152,1,-4.638239303252631
2026-07-22,157,1,-2.9366333354931875
2026-07-22,147,1,3.079037276054974
2026-07-22,156,1,-4.188239303252631
2026-07-22,131,0,-1.8233826454848563
2026-07-22,187,0,-1.0059859620404552
2026-07-22,118,0,-1.8508697299062318
2026-07-22,102,0,-3.7514229842703446
2026-07-22,132,0,0.9397796859818519
2026-07-22,138,1,-5.850858161864709
2026-07-22,121,1,-3.638239303252631
2026-07-22,162,1,-2.921539966349969
2026-07-22,126,0,-1.853382645484856
2026-07-22,172,0,-1.0459859620404552
2026-07-22,83,0,-1.3608697299062316
2026-07-22,92,0,-3.6614229842703447
2026-07-22,87,0,1.309779685981852
2026-07-22,156,1,1.6690372760549739
2026-07-22,142,1,-3.041539966349969
2026-07-22,146,1,-4.14823930325263
2026-07-22,116,0,-1.603382645484856
2026-07-22,157,0,-1.0859859620404553
2026-07-22,117,0,-2.9792636914268362
2026-07-22,83,0,-1.3908697299062318
2026-07-22,117,0,-3.8914229842703447
2026-07-22,97,0,1.339779685981852
2026-07-24,112,1,-3.760178971490977
2026-07-24,97,0,0.6436330845000029
2026-07-24,137,1,-0.8343213988525271
2026-07-28,101,0,-1.4969700965224035
2026-07-28,108,1,-1.1062889164101866
2026-07-28,83,0,-1.606970096522403
2026-07-30,177,1,3.510865397903805
2026-07-30,177,1,-0.6194108499907571
2026-07-30,246,0,-0.8843662322989255
2026-07-30,207,0,1.8775107713432329
2026-07-30,222,0,-0.12517532475636228
2026-07-30,227,0,0.313516604209064
2026-07-30,212,0,0.0937312273790607
2026-07-30,178,0,1.2062463972991053
2026-07-30,217,0,-0.4498495087651926
2026-07-30,192,0,1.4202977539257624
2026-07-30,182,0,1.089789933840773
2026-07-30,182,0,0.1655898349684728
2026-07-30,162,0,-0.014344838728754361
2026-07-30,188,0,1.7921691824991486
2026-07-30,167,1,6.960865397903806
2026-07-30,152,1,1.471007367446556
2026-07-30,153,0,0.23563376770107458
2026-07-30,172,0,3.247510771343233
2026-07-30,182,0,0.8601504912348075
2026-07-30,207,0,0.654824675243638
2026-07-30,216,0,-1.6770731716373573
2026-07-30,187,0,0.963516604209064
2026-07-30,182,0,1.8997899338407729
2026-07-30,142,0,1.0456551612712455
2026-07-30,152,1,2.4643488813824392
2026-07-30,152,1,6.350865397903806
2026-07-30,138,0,0.22563376770107457
2026-07-30,157,0,1.907510771343233
2026-07-30,206,0,-1.6470731716373574
2026-07-30,182,0,0.6735166042090641
2026-07-30,182,0,1.919789933840773
2026-07-30,142,0,0.6256551612712455
2026-07-30,212,0,-1.1943662322989255
2026-07-30,197,0,0.6875107713432325
2026-07-30,222,0,-1.009849508765193
2026-07-30,258,0,-2.2970731716373574
2026-07-30,202,0,0.10351660420906406
2026-07-30,227,0,0.38482467524363795
2026-07-30,197,0,1.629789933840773
2026-07-30,183,0,0.2937312273790609
2026-07-30,167,0,0.7762463972991054
2026-07-30,182,0,1.5421691824991486
2026-07-30,142,1,3.269836239316602
2026-07-30,177,1,1.7567436302845003
2026-07-30,162,1,5.390865397903806
2026-07-30,167,1,0.14674363028450088
2026-07-30,167,1,4.310865397903806
2026-07-30,167,1,1.0267436302844999
2026-07-30,162,1,0.10674363028449996
2026-07-30,162,1,0.10674363028449996
2026-07-31,122,1,-2.173516557043918
2026-07-31,137,0,0.2988207201450921
2026-07-31,132,1,-2.2735165570439175
2026-07-31,152,0,0.3288207201450919
2026-07-31,98,0,-1.1625917707590885
2026-07-31,162,0,0.025539663553134417
2026-07-31,152,1,-2.7035165570439177
2026-07-31,126,0,0.43404242542093696
2026-07-31,142,0,0.11882072014509193
2026-07-31,152,0,-0.23446033644686537
2026-07-31,141,0,0.31404242542093685
2026-07-31,137,0,0.09882072014509191
2026-07-31,137,0,-0.2644603364468656
2026-07-31,136,0,-0.02595757457906256
2026-07-31,142,0,0.058820720145091876
2026-07-31,152,0,-0.6044603364468655
2026-07-31,126,0,0.054042425420936624
2026-07-31,142,0,0.26882072014509184
2026-07-31,152,0,-0.6244603364468659
2026-07-31,142,0,0.35882072014509214
2026-07-31,152,0,-0.24446033644686604
2026-07-31,152,1,-0.6744603364468658
2026-07-31,142,0,0.3488207201450919
2026-07-31,162,1,-0.4744603364468656
2026-07-31,152,0,0.198820720145092
2026-07-31,147,1,-0.2644603364468656
2026-07-31,142,0,-0.04117927985490777
2026-08-03,116,1,-4.145435429099839
2026-08-03,117,1,-3.5355325800942783
2026-08-03,147,1,2.8726897456037968
2026-08-03,122,1,-4.132916628377386
2026-08-03,147,1,0.1487353867760266
2026-08-03,98,0,1.4672953853844826
2026-08-03,82,0,1.9374678481601038
2026-08-03,156,1,-4.4754354290998375
2026-08-03,118,1,-0.5114950365592077
2026-08-03,131,1,2.8026897456037965
2026-08-03,117,1,-3.782916628377385
2026-08-03,147,1,-0.32126461322397315
2026-08-03,133,0,1.1472953853844823
2026-08-03,92,0,1.8574678481601037
2026-08-03,82,0,0.5174492317049033
2026-08-03,151,1,-4.67543542909984
2026-08-03,97,1,-3.9455325800942767
2026-08-03,102,1,-1.6882172483491473
2026-08-03,143,1,-0.9114950365592076
2026-08-03,131,1,2.6226897456037968
2026-08-03,117,1,-4.392916628377386
2026-08-03,162,1,-0.4012646132239732
2026-08-03,133,0,0.9272953853844825
2026-08-03,92,0,1.8174678481601036
2026-08-03,153,1,-1.141495036559208
2026-08-03,116,1,2.652689745603798
2026-08-03,122,1,-4.012916628377385
2026-08-03,177,1,-0.7412646132239731
2026-08-03,133,0,0.9772953853844824
2026-08-03,82,0,1.7374678481601038
2026-08-03,137,1,-3.563375099876808
2026-08-03,143,1,-1.181495036559208
2026-08-03,113,1,-4.075435429099839
2026-08-03,151,1,2.4226897456037975
2026-08-03,108,0,1.0272953853844822
2026-08-03,92,0,1.6074678481601037
2026-08-03,147,1,-3.183375099876809
2026-08-03,143,1,-1.311495036559208
2026-08-03,108,1,-3.8354354290998405
2026-08-03,141,1,2.8126897456037945
2026-08-03,113,0,1.287295385384482
2026-08-03,92,0,1.6874678481601038
2026-08-03,82,0,0.3774492317049032
2026-08-03,137,1,-0.07516920165246521
2026-08-03,147,1,-1.9533750998768085
2026-08-03,113,1,-3.2254354290998375
2026-08-03,141,1,2.9926897456037977
2026-08-03,108,0,1.2772953853844822
2026-08-03,102,0,1.6374678481601037
2026-08-03,147,1,-1.8933750998768097
2026-08-03,151,1,2.322689745603796
2026-08-03,113,1,-3.1554354290998408
2026-08-03,113,0,1.2272953853844824
2026-08-03,92,0,1.6874678481601038
2026-08-03,132,1,-2.1633750998768093
2026-08-03,156,1,1.4026897456037979
2026-08-03,98,1,-2.3754354290998396
2026-08-03,92,1,-1.9529166283773849
2026-08-03,98,0,1.4672953853844826
2026-08-03,82,0,1.5774678481601039
2026-08-04,167,1,9.471003161773748
2026-08-04,112,1,2.428083877354031
2026-08-04,163,1,0.5462417785997946
2026-08-04,176,1,-0.006376050255837207
2026-08-04,127,1,1.073301266479043
2026-08-04,132,1,5.493605356685451
2026-08-04,142,0,3.3897012193866916
2026-08-04,142,0,2.96884451805896
2026-08-04,157,0,2.0417636989584143
2026-08-04,152,0,2.8241823101972443
2026-08-04,153,0,-1.2292258597747312
2026-08-04,267,1,7.701003161773747
2026-08-04,183,1,0.4262417785997945
2026-08-04,132,1,2.4680838773540312
2026-08-04,201,1,-0.006376050255837207
2026-08-04,162,1,0.12330126647904294
2026-08-04,147,1,5.25360535668545
2026-08-04,192,0,2.25884451805896
2026-08-04,152,0,3.1797012193866916
2026-08-04,232,0,1.681763698958414
2026-08-04,232,0,2.0162517164152067
2026-08-04,232,0,1.7795119724524653
2026-08-04,197,0,1.823112130864538
2026-08-04,172,0,1.802261086035179
2026-08-04,147,0,2.5741823101972443
2026-08-04,136,0,1.52135498046875
2026-08-04,168,0,1.6008890071839588
2026-08-04,132,0,-1.0492258597747313
2026-08-04,211,1,6.391003161773747
2026-08-04,112,1,3.358083877354031
2026-08-04,147,1,-0.19669873352095707
2026-08-04,137,1,6.183605356685451
2026-08-04,132,0,2.989701219386691
2026-08-04,122,0,3.07884451805896
2026-08-04,157,0,1.0308890071839587
2026-08-04,182,0,1.903112130864538
2026-08-04,166,0,2.6674870709885745
2026-08-04,143,0,1.4661821750504827
2026-08-04,146,0,2.4341823101972437
2026-08-04,226,1,4.471003161773748
2026-08-04,162,1,2.8772423260051827
2026-08-04,157,1,1.728083877354031
2026-08-04,152,1,-0.9866987335209572
2026-08-04,127,1,5.50360535668545
2026-08-04,161,1,3.273764584758463
2026-08-04,143,0,0.9334258049443178
2026-08-04,152,0,2.3497012193866915
2026-08-04,172,0,2.3588445180589597
2026-08-04,152,0,1.761763698958414
2026-08-04,188,0,0.6661821750504826
2026-08-04,172,0,0.48088900718395866
2026-08-04,156,0,2.2031121308645383
2026-08-04,143,0,0.4613549804687498
2026-08-04,136,0,1.8422610860351791
2026-08-04,161,0,2.217487070988575
2026-08-04,151,0,1.7641823101972438
2026-08-04,187,1,0.01039483548670539
2026-08-04,177,1,2.9672423260051826
2026-08-04,137,1,2.148083877354031
2026-08-04,142,1,-1.806698733520957
2026-08-04,137,1,5.09360535668545
2026-08-04,161,1,3.543764584758463
2026-08-04,143,0,0.7834258049443179
2026-08-04,152,0,1.8597012193866913
2026-08-04,172,0,2.1288445180589597
2026-08-04,187,0,1.6117636989584136
2026-08-04,158,0,0.3861821750504828
2026-08-04,141,0,1.584182310197244
2026-08-04,167,0,0.030889007183958483
2026-08-04,182,0,1.7695119724524653
2026-08-04,186,0,1.7231121308645383
2026-08-04,161,0,1.6774870709885747
2026-08-04,128,0,0.3413549804687501
2026-08-04,196,1,4.771003161773747
2026-08-04,167,1,2.577242326005182
2026-08-04,177,1,0.09039483548670546
2026-08-04,162,1,1.8680838773540307
2026-08-04,162,1,-1.916698733520957
2026-08-04,142,1,0.8385770089285713
2026-08-04,137,1,5.00360535668545
2026-08-04,161,1,3.6337645847584628
2026-08-04,181,0,1.4750837190398454
2026-08-04,148,0,0.643425804944318
2026-08-04,157,0,1.3197012193866913
2026-08-04,182,0,1.4188445180589597
2026-08-04,126,0,0.7662528610229492
2026-08-04,147,0,1.7517636989584142
2026-08-04,158,0,0.2761821750504825
2026-08-04,157,0,-0.01911099281604134
2026-08-04,217,0,1.4095119724524654
2026-08-04,161,0,1.863112130864538
2026-08-04,161,0,1.667487070988575
2026-08-04,136,0,1.464182310197244
2026-08-04,133,0,0.5813549804687499
2026-08-04,82,0,-0.43006916565870545
2026-08-04,133,1,1.1610031617737473
2026-08-04,137,1,0.6517095903571668
2026-08-04,152,1,0.48724232600518214
2026-08-04,117,1,1.030394835486705
2026-08-04,127,1,1.7980838773540304
2026-08-04,137,1,-2.6566987335209573
2026-08-04,157,1,-0.6414229910714286
2026-08-04,147,1,2.813605356685451
2026-08-04,157,0,0.26970121938669145
2026-08-04,113,0,0.7950837190398454
2026-08-04,92,0,0.32342580494431794
2026-08-04,88,0,-0.29374713897705074
2026-08-04,131,0,-1.0658176898027563
2026-08-04,98,0,0.8931121308645382
2026-08-04,108,0,-0.7953841325388068
2026-08-04,87,0,-0.9191109928160413
2026-08-04,148,1,0.45100316177374644
2026-08-04,137,1,0.6017095903571668
2026-08-04,177,1,-0.03275767399481744
2026-08-04,162,1,-3.416698733520957
2026-08-04,147,1,0.28039483548670496
2026-08-04,111,1,1.7480838773540306
2026-08-04,162,1,-1.3914229910714286
2026-08-04,152,1,2.893605356685451
2026-08-04,128,1,0.28376458475846267
2026-08-04,82,0,0.3034258049443179
2026-08-04,147,0,0.4697012193866912
2026-08-04,88,0,-0.43374713897705086
2026-08-04,113,0,-1.2558176898027558
2026-08-04,108,0,0.7731121308645381
2026-08-04,97,0,-0.8038178249495171
2026-08-04,133,0,-1.0353841325388067
2026-08-04,87,0,-0.9591109928160413
2026-08-04,138,1,0.46100316177374623
2026-08-04,152,1,0.36170959035716677
2026-08-04,167,1,-0.042757673994817225
2026-08-04,147,1,0.3703948354867048
2026-08-04,111,1,1.6780838773540312
2026-08-04,142,1,-3.096698733520957
2026-08-04,152,1,-1.2914229910714285
2026-08-04,162,1,1.9636053566854503
2026-08-04,131,0,-1.1611554819410403
2026-08-04,182,0,-0.09029878061330887
2026-08-04,97,0,0.2834258049443179
2026-08-04,93,0,-0.5937471389770508
2026-08-04,153,0,-1.495817689802756
2026-08-04,103,0,-2.2286450195312497
2026-08-04,126,0,1.4417636989584137
2026-08-04,127,0,-0.9838178249495177
2026-08-04,151,0,0.6795119724524654
2026-08-04,113,0,-1.065384132538807
2026-08-04,133,0,0.18699134221089464
2026-08-04,83,0,0.9231121308645385
2026-08-04,97,0,-1.0191109928160413
2026-08-04,137,1,0.3017095903571667
2026-08-04,143,1,0.1610031617737473
2026-08-04,162,1,0.10724232600518135
2026-08-04,146,1,2.5450079624516464
2026-08-04,162,1,-3.586698733520957
2026-08-04,147,1,0.5603948354867043
2026-08-04,111,1,1.5680838773540309
2026-08-04,152,1,-1.3414229910714288
2026-08-04,152,1,1.5536053566854502
2026-08-04,128,1,0.23376458475846285
2026-08-04,93,0,-1.0011554819410402
2026-08-04,152,0,-0.12029878061330823
2026-08-04,118,0,-0.7737471389770507
2026-08-04,87,0,-0.16735826215691701
2026-08-04,118,0,-1.6258176898027559
2026-08-04,83,0,0.7731121308645381
2026-08-04,82,0,-1.2138178249495173
2026-08-04,108,0,1.8962517164152075
2026-08-04,102,0,-1.7291109928160417
2026-08-04,156,0,0.44951197245246544
2026-08-04,118,0,-1.2853841325388067
2026-08-04,108,0,-0.28300865778910533
2026-08-04,111,0,0.6317636989584141
2026-08-04,92,0,-1.1182777414890315
2026-08-04,133,1,0.25100316177374715
2026-08-04,137,1,0.4217095903571666
2026-08-04,147,1,0.017242326005181496
2026-08-04,117,1,1.1203948354867048
2026-08-04,106,1,1.438083877354031
2026-08-04,137,1,-2.806698733520957
2026-08-04,157,1,-0.5114229910714285
2026-08-04,147,1,1.5236053566854508
2026-08-04,137,0,-0.2002987806133083
2026-08-04,83,0,-0.6437471389770508
2026-08-04,103,0,-0.6411554819410399
2026-08-04,83,0,0.8131121308645382
2026-08-04,143,0,1.6762517164152069
2026-08-04,141,0,0.5095119724524655
2026-08-04,103,0,-1.3753841325388065
2026-08-04,108,0,-1.365817689802756
2026-08-04,87,0,-1.0691109928160416
2026-08-04,167,1,-0.22829040964283331
2026-08-04,138,1,1.6110031617737466
2026-08-04,137,1,0.18724232600518143
2026-08-04,131,1,2.4750079624516466
2026-08-04,117,1,1.2203948354867045
2026-08-04,111,1,1.6980838773540308
2026-08-04,142,1,-2.916698733520957
2026-08-04,97,1,0.673623949744163
2026-08-04,162,1,-0.7414229910714285
2026-08-04,152,1,1.6336053566854503
2026-08-04,128,1,-0.006235415241537368
2026-08-04,147,0,-0.37029878061330823
2026-08-04,98,0,-0.7737471389770507
2026-08-04,103,0,-0.5211554819410407
2026-08-04,143,0,-2.085817689802756
2026-08-04,128,0,1.666251716415207
2026-08-04,151,0,0.2995119724524651
2026-08-04,97,0,-0.2530086577891053
2026-08-04,97,0,-1.3091109928160414
2026-08-04,133,1,1.2710031617737467
2026-08-04,162,1,0.0017095903571666682
2026-08-04,141,1,2.025007962451647
2026-08-04,137,1,0.3172423260051822
2026-08-04,117,1,1.030394835486705
2026-08-04,106,1,1.4480838773540308
2026-08-04,97,1,0.673623949744163
2026-08-04,162,1,-0.6514229910714286
2026-08-04,142,1,-2.4066987335209573
2026-08-04,152,1,1.5836053566854513
2026-08-04,113,0,-1.1111554819410405
2026-08-04,116,0,-0.22029878061330876
2026-08-04,87,0,0.10342580494431797
2026-08-04,108,0,1.666251716415207
2026-08-04,122,0,0.09748707098857512
2026-08-04,113,0,-1.705817689802756
2026-08-04,82,0,-1.3091109928160414
2026-08-04,133,1,1.341003161773747
2026-08-04,142,1,-0.008290409642833119
2026-08-04,137,1,0.16724232600518185
2026-08-04,141,1,1.7150079624516463
2026-08-04,122,1,1.5003948354867047
2026-08-04,106,1,1.4080838773540307
2026-08-04,172,1,-1.0814229910714286
2026-08-04,152,1,-2.756698733520957
2026-08-04,172,1,1.2036053566854505
2026-08-04,143,0,-1.9011554819410406
2026-08-04,136,0,-0.5602987806133086
2026-08-04,93,0,0.5850837190398455
2026-08-04,97,0,-0.25735826215691704
2026-08-04,83,0,-2.7686450195312498
2026-08-04,137,0,-0.4025129290114249
2026-08-04,101,0,-0.8551616840977823
2026-08-04,146,0,0.029511972452465063
2026-08-04,117,0,-0.30300865778910535
2026-08-04,108,0,-1.365817689802756
2026-08-04,82,0,-1.3291109928160414
2026-08-04,133,1,1.7910031617737463
2026-08-04,137,1,0.3017095903571667
2026-08-04,132,1,0.7172423260051826
2026-08-04,122,1,1.4103948354867049
2026-08-04,111,1,1.4980838773540306
2026-08-04,157,1,-1.4614229910714285
2026-08-04,137,1,-3.126698733520957
2026-08-04,98,0,-1.7511554819410402
2026-08-04,93,0,0.5850837190398455
2026-08-04,82,0,-0.7737471389770507
2026-08-04,141,0,-0.41029878061330827
2026-08-04,103,0,-2.78864501953125
2026-08-04,107,0,0.38311213086453844
2026-08-04,128,0,-0.5025129290114254
2026-08-04,127,0,-1.5538178249495171
2026-08-04,126,0,-1.155161684097782
2026-08-04,92,0,-0.3830086577891054
2026-08-04,113,0,-0.9658176898027557
2026-08-04,87,0,-1.4191109928160413
2026-08-04,148,1,1.7710031617737467
2026-08-04,152,1,-0.058290409642833385
2026-08-04,167,1,-0.09275767399481794
2026-08-04,122,1,1.1003948354867044
2026-08-04,111,1,1.2580838773540304
2026-08-04,172,1,-1.4814229910714285
2026-08-04,137,1,-3.216698733520957
2026-08-04,82,0,-0.09657419505568221
2026-08-04,98,0,-1.6211554819410403
2026-08-04,131,0,-0.4002987806133085
2026-08-04,92,0,0.42311213086453847
2026-08-04,106,0,-1.4951616840977828
2026-08-04,113,0,1.546251716415207
2026-08-04,97,0,-1.3638178249495176
2026-08-04,97,0,-1.599110992816041
2026-08-04,127,0,-0.6830086577891052
2026-08-04,108,0,-1.075817689802756
2026-08-04,92,0,-1.0082777414890314
2026-08-04,152,1,-0.1782904096428335
2026-08-04,138,1,1.6410031617737477
2026-08-04,177,1,-0.8627576739948175
2026-08-04,117,1,1.030394835486705
2026-08-04,111,1,1.058083877354031
2026-08-04,157,1,-1.7114229910714285
2026-08-04,137,1,-3.4366987335209567
2026-08-04,167,1,0.5736053566854498
2026-08-04,166,0,-0.7402987806133083
2026-08-04,113,0,0.36508371903984527
2026-08-04,107,0,-1.253747138977051
2026-08-04,97,0,-0.507358262156917
2026-08-04,113,0,-1.63115548194104
2026-08-04,97,0,0.2931121308645386
2026-08-04,117,0,-0.6525129290114249
2026-08-04,102,0,-1.6738178249495173
2026-08-04,106,0,-1.615161684097782
2026-08-04,133,0,1.416251716415207
2026-08-04,82,0,-1.6691109928160413
2026-08-04,117,0,-0.7730086577891055
2026-08-04,108,0,-1.035817689802756
2026-08-04,92,0,-1.0582777414890314
2026-08-04,138,1,1.6910031617737467
2026-08-04,137,1,0.6517095903571668
2026-08-04,142,1,-0.8427576739948179
2026-08-04,162,1,-1.0414229910714285
2026-08-04,142,1,-2.6966987335209573
2026-08-04,167,1,0.1636053566854514
2026-08-04,98,0,-0.6911554819410406
2026-08-04,126,0,0.36970121938669154
2026-08-04,98,0,1.2262517164152067
2026-08-04,108,0,-0.7258176898027564
2026-08-04,82,0,-0.9391109928160413
2026-08-04,158,1,1.0410031617737463
2026-08-04,152,1,0.4217095903571666
2026-08-04,147,1,-0.19275767399481758
2026-08-04,132,1,1.8803948354867046
2026-08-04,116,1,0.46808387735403123
2026-08-04,167,1,-1.0714229910714288
2026-08-04,167,1,-2.646698733520957
2026-08-04,138,1,-0.6362354152415373
2026-08-04,123,0,-0.9411554819410406
2026-08-04,156,0,0.09970121938669152
2026-08-04,97,0,-0.4637471389770509
2026-08-04,118,0,-0.37581768980275587
2026-08-04,97,0,-0.8691109928160414
2026-08-04,148,1,0.8610031617737466
2026-08-04,162,1,0.0017095903571666682
2026-08-04,111,1,0.3680838773540307
2026-08-04,147,1,-0.16275767399481822
2026-08-04,147,1,1.8803948354867046
2026-08-04,182,1,-1.5214229910714285
2026-08-04,152,1,-2.706698733520957
2026-08-04,113,0,-1.0711554819410405
2026-08-04,151,0,-0.2802987806133084
2026-08-04,92,0,-0.7837471389770507
2026-08-04,102,0,-0.8087296372628652
2026-08-04,82,0,0.6331121308645384
2026-08-04,118,0,-0.46581768980275573
2026-08-04,97,0,-0.8291109928160414
2026-08-04,127,1,0.7410031617737474
2026-08-04,152,1,0.06170959035716672
2026-08-04,106,1,0.33808387735403045
2026-08-04,132,1,1.8803948354867046
2026-08-04,172,1,-1.2914229910714285
2026-08-04,147,1,-2.8166987335209575
2026-08-04,113,0,-1.1511554819410406
2026-08-04,141,0,-0.11029878061330844
2026-08-04,92,0,-0.9437471389770509
2026-08-04,118,0,0.3117636989584138
2026-08-04,92,0,-0.8787296372628646
2026-08-04,123,0,1.2262517164152067
2026-08-04,118,0,-0.4258176898027557
2026-08-04,92,0,-0.8191109928160416
2026-08-04,102,0,-1.0070081951365721
2026-08-04,147,1,1.1210031617737464
2026-08-04,152,1,0.48170959035716665
2026-08-04,122,1,2.2503948354867047
2026-08-04,121,1,0.518083877354031
2026-08-04,172,1,-0.5614229910714286
2026-08-04,127,1,-2.086698733520957
2026-08-04,108,0,-0.55115548194104
2026-08-04,136,0,0.1097012193866913
2026-08-04,118,0,-0.7958176898027558
2026-08-04,127,1,0.6110031617737466
2026-08-04,147,1,0.12170959035716677
2026-08-04,141,1,0.18808387735403098
2026-08-04,147,1,-0.3827576739948171
2026-08-04,122,1,2.440394835486704
2026-08-04,167,1,-0.5714229910714286
2026-08-04,127,1,-2.126698733520957
2026-08-04,123,0,-0.7511554819410402
2026-08-04,141,0,0.21970121938669118
2026-08-04,82,0,-0.6237471389770508
2026-08-04,113,0,-0.3582363010415861
2026-08-04,82,0,0.2931121308645386
2026-08-04,123,0,-0.9058176898027561
2026-08-04,132,1,0.6710031617737471
2026-08-04,136,1,0.5417095903571667
2026-08-04,121,1,0.19808387735403077
2026-08-04,147,1,-0.5127576739948179
2026-08-04,122,1,2.3403948354867046
2026-08-04,182,1,-0.7014229910714287
2026-08-04,127,1,-2.126698733520957
2026-08-04,113,0,-0.47115548194103996
2026-08-04,141,0,0.36970121938669154
2026-08-04,82,0,-0.4937471389770507
2026-08-04,82,0,0.44311213086453805
2026-08-04,108,0,-0.18823630104158617
2026-08-04,123,0,-0.7258176898027564
