date,month,symbol,setup,side,pnl,macd_hist_aligned,boll_pctb,boll_extreme
2026-07-29,2026-07,AAON,BEAR_MOMENTUM,SHORT,-21.7,0.2028833421886551,0.24806240123448026,0
2026-04-17,2026-04,AAPL,FVG_FILL,LONG,0.24,-0.06625174684449556,-0.21776368326088807,0
2026-04-20,2026-04,AAPL,FVG_FILL,LONG,0.24,0.40567012202344016,0.5391114359876323,1
2026-04-22,2026-04,AAPL,FVG_FILL,LONG,5.8,-0.1152803225486812,0.005646097088050861,0
2026-04-23,2026-04,AAPL,FVG_FILL,LONG,-14.76,0.15498776218624805,0.35608906587984623,0
2026-06-08,2026-06,ACLS,FVG_FILL,LONG,11.99,0.4363546467186501,0.36091164309138957,0
2026-06-09,2026-06,ACLS,FVG_FILL,LONG,-113.74,2.3897101579352444,0.3372302469057278,0
2026-06-12,2026-06,ACLS,FVG_FILL,LONG,19.0,-0.2771898762469256,0.1902611204022837,0
2026-08-10,2026-08,AEHR,CATALYST,LONG,-6.0,0.5665173822762513,0.4670312551644833,0
2026-08-11,2026-08,AEHR,FISHFINDER_KELTNER_REVERT,SHORT,28.49,-0.47383151458538686,-0.25533544759084514,0
2026-08-12,2026-08,AEHR,FISHFINDER_KELTNER_REVERT,SHORT,-28.5,-1.1709533987362313,-0.6218332189182767,1
2026-08-13,2026-08,AEHR,FISHFINDER_KELTNER_REVERT,SHORT,-10.23,-0.6886185857819918,-0.2234837733635423,0
2026-08-14,2026-08,AEHR,FISHFINDER_KELTNER_REVERT,SHORT,-7.0,0.041033049403153665,-0.09911520650102446,0
2026-07-30,2026-07,AEM,FVG_FILL,LONG,-6.36,0.017928056119045688,0.19788113959989662,0
2026-08-05,2026-08,AEM,REGIME_RSI_REVERT,SHORT,-2.24,0.37520131065201046,0.3393539862152848,0
2026-08-06,2026-08,AEM,REGIME_RSI_REVERT,SHORT,-5.04,-0.16289253337758702,-0.4546585470267258,0
2026-08-07,2026-08,AEM,REGIME_ADX_TREND,LONG,-1.68,-0.40525859636628647,0.02268113939110117,0
2026-08-10,2026-08,AEM,FISHFINDER_KELTNER_REVERT,SHORT,-1.54,0.12096012571204662,0.1098464508246258,0
2026-08-11,2026-08,AEM,FISHFINDER_KELTNER_REVERT,SHORT,-1.96,-0.01939730526039507,-0.24515071293674062,0
2026-08-12,2026-08,AEM,FISHFINDER_KELTNER_REVERT,SHORT,-4.06,-0.2281266032352285,-0.3492504566416048,0
2026-08-13,2026-08,AEM,FISHFINDER_KELTNER_REVERT,SHORT,-1.89,-0.2323339915472089,0.13112496409211827,0
2026-08-14,2026-08,AEM,FISHFINDER_KELTNER_REVERT,SHORT,-2.52,0.17440106571958114,-0.06308087308740973,0
2026-09-02,2026-09,AEM,FVG_FILL,LONG,-11.88,0.45844004203511496,0.415831111590522,0
2026-06-15,2026-06,AG,CATALYST,LONG,-51.6,0.012241008132588549,0.17248573637184184,0
2026-06-23,2026-06,AG,BEAR_MOMENTUM,SHORT,-1.59,-0.0002956305002395909,0.18970074068478404,0
2026-08-10,2026-08,AG,FISHFINDER_KELTNER_REVERT,SHORT,-2.96,0.005570447813929857,-0.06898722057480478,0
2026-08-12,2026-08,AG,FISHFINDER_KELTNER_REVERT,SHORT,-1.42,-0.02428327129940322,-0.3096631261411662,0
2026-08-19,2026-08,AG,FVG_FILL,LONG,-2.5,0.02883405470121253,0.18194617231355636,0
2026-04-17,2026-04,AI,FVG_FILL,LONG,-5.46,-7.114269408801943e-05,-0.24664760487235482,0
2026-04-20,2026-04,AI,FVG_FILL,LONG,1.68,0.01540971488882361,0.41941906803962214,0
2026-04-21,2026-04,AI,FVG_FILL,LONG,-8.4,-0.00344762234576387,-0.17264624794452654,0
2026-04-22,2026-04,AI,FVG_FILL,LONG,1.26,0.0001487676948398937,0.3736030635685884,0
2026-05-12,2026-05,AI,BEAR_MOMENTUM,SHORT,18.09,0.04686779956826054,0.319624664991538,0
2026-05-28,2026-05,AI,FVG_FILL,LONG,-2.03,-0.006400582294391156,0.21164041835439074,0
2026-08-07,2026-08,AI,REGIME_KELTNER_REVERT,SHORT,-5.44,-0.0024027767123844385,-0.6948384038751456,1
2026-08-10,2026-08,AI,FISHFINDER_RSI_REVERT,SHORT,-3.4,0.006209431074695683,0.48282736445080526,0
2026-08-11,2026-08,AI,FISHFINDER_KELTNER_REVERT,SHORT,-3.99,-0.0006553059641271376,-0.1209293121621915,0
2026-08-12,2026-08,AI,FISHFINDER_ADX_TREND,LONG,-8.16,-0.023508447920744545,-0.27947361108395685,0
2026-08-13,2026-08,AI,FISHFINDER_ADX_TREND,SHORT,-1.43,0.005224377080432996,0.48248892614744676,0
2026-08-14,2026-08,AI,FISHFINDER_ADX_TREND,SHORT,-9.8,0.013482917673408635,0.13488718657920812,0
2026-07-23,2026-07,ALGT,BEAR_MOMENTUM,SHORT,-5.13,-0.17132680707416803,0.08124843892633071,0
2026-05-05,2026-05,AMAT,FVG_FILL,LONG,18.88,1.8447286830602683,0.3766108373837408,0
2026-05-20,2026-05,AMAT,FVG_FILL,LONG,0.22,-0.034879905531508104,0.358485117610685,0
2026-06-08,2026-06,AMAT,FVG_FILL,LONG,36.81,2.386635065210731,0.2786375619947291,0
2026-06-11,2026-06,AMAT,CATALYST,LONG,27.52,3.877370674333938,0.43370237951561463,0
2026-07-06,2026-07,AMD,CATALYST,LONG,-7.04,-2.3470741588008153,-0.20720675787553516,0
2026-08-07,2026-08,AMZN,REGIME_ADX_TREND,LONG,-1.2,-0.044824176112371106,0.1291473576765635,0
2026-08-10,2026-08,AMZN,FISHFINDER_ADX_TREND,SHORT,-3.0,0.29256091408052415,0.3408700541714977,0
2026-08-11,2026-08,AMZN,FISHFINDER_ADX_TREND,SHORT,-1.05,0.07874688964557852,0.35078702418316166,0
2026-08-12,2026-08,AMZN,FISHFINDER_ADX_TREND,SHORT,-1.35,0.20361322620832262,0.3274086834948662,0
2026-08-13,2026-08,AMZN,FISHFINDER_ADX_TREND,SHORT,-1.55,-0.03967648214217645,0.08657970892341665,0
2026-08-14,2026-08,AMZN,FISHFINDER_ADX_TREND,SHORT,-1.55,0.026595532924158227,0.2256361128877699,0
2026-06-30,2026-06,APD,FVG_FILL,LONG,-3.69,0.486318180653579,0.1896540062708597,0
2026-04-17,2026-04,APLD,FVG_FILL,LONG,4.56,-0.01132700507635933,-0.04372456041455969,0
2026-04-20,2026-04,APLD,FVG_FILL,LONG,1.82,-0.10185832774946768,-0.3360162798996158,0
2026-04-22,2026-04,APLD,CATALYST,LONG,-14.28,0.0003291971658601067,0.5408877476013325,1
2026-04-22,2026-04,APLD,CATALYST,LONG,9.36,-0.017600866330019223,-0.13917325546261627,0
2026-04-23,2026-04,APLD,CATALYST_OVERRIDE,LONG,-3.6,0.06209392122400055,0.08446272293745438,0
2026-05-19,2026-05,APLD,BEAR_MOMENTUM,SHORT,-1.92,0.16937733500616642,0.413401898296949,0
2026-05-21,2026-05,APLD,CATALYST,LONG,-15.51,-0.01221804886757527,0.5373585289966547,1
2026-06-12,2026-06,APLD,FVG_FILL,LONG,-49.92,-0.07966636295055018,0.18740676178802274,0
2026-07-17,2026-07,APLD,BEAR_MOMENTUM,SHORT,-2.1,0.09988157848658341,0.1652246600688082,0
2026-07-29,2026-07,APLD,BEAR_MOMENTUM,SHORT,9.36,0.16429734139756402,0.3835694267220766,0
2026-05-27,2026-05,APP,FVG_FILL,LONG,-48.81,-0.5430272470253943,0.34930728495924324,0
2026-05-28,2026-05,APP,CATALYST,LONG,-22.29,-0.5582921924596005,0.14065462504585113,0
2026-06-16,2026-06,APP,BEAR_MOMENTUM,SHORT,-55.08,0.6023190330659816,0.28740841797517125,0
2026-07-13,2026-07,APP,BEAR_MOMENTUM,SHORT,-3.51,-1.231139768058588,0.13621987687537335,0
2026-08-06,2026-08,APP,REGIME_ADX_TREND,SHORT,16.08,0.004415508903093723,0.15061682488822986,0
2026-08-06,2026-08,APP,MANUAL,LONG,-0.1,2.578581679700285,-0.06543640335957707,0
2026-08-10,2026-08,APP,FISHFINDER_ADX_TREND,SHORT,-1.32,0.08386518669358672,0.335451891643129,0
2026-08-11,2026-08,APP,FISHFINDER_KELTNER_REVERT,LONG,-4.08,0.7697130137672588,0.14098094508379777,0
2026-08-12,2026-08,APP,FISHFINDER_KELTNER_REVERT,LONG,-1.56,-0.06884387828938188,-0.28145767897618656,0
2026-08-13,2026-08,APP,FISHFINDER_KELTNER_REVERT,LONG,-1.88,0.186121492590839,0.3240907897522547,0
2026-08-14,2026-08,APP,FISHFINDER_KELTNER_REVERT,LONG,-4.32,-0.24204116738517611,-0.06487972379713308,0
2026-05-20,2026-05,ARM,CATALYST,LONG,0.9,2.7667239597136595,0.4689853516551603,0
2026-05-21,2026-05,ARM,CATALYST,LONG,19.39,-0.2693422665879508,0.2081806017100306,0
2026-05-22,2026-05,ARM,CATALYST,LONG,-45.5,0.8954813273469657,0.3724472475074543,0
2026-05-29,2026-05,ARM,FVG_FILL,LONG,3.95,1.855359579153069,0.3959863156984612,0
2026-06-01,2026-06,ARM,CATALYST,LONG,-10.16,-1.162920701721005,-0.32955590453138206,0
2026-06-11,2026-06,ARM,FVG_FILL,LONG,19.8,-0.4885701897401873,0.014545765921158305,0
2026-06-12,2026-06,ARM,CATALYST,LONG,47.04,0.43561202669051724,0.2724681990322112,0
2026-06-18,2026-06,ARM,CATALYST,LONG,-30.48,0.11204234811515068,0.13862047847882386,0
2026-07-07,2026-07,ARM,BEAR_MOMENTUM,SHORT,-6.84,0.7928562634664136,0.3556132072426578,0
2026-07-13,2026-07,ARM,BEAR_MOMENTUM,SHORT,-12.05,-1.678757942473375,-0.5215134152793839,1
2026-08-05,2026-08,ARM,REGIME_ADX_TREND,LONG,-9.5,-0.6553580364963142,-0.4132536752005863,0
2026-08-07,2026-08,ARM,REGIME_ADX_TREND,LONG,21.72,-0.06634663469092761,-0.07737814835223483,0
2026-08-10,2026-08,ARM,FISHFINDER_ADX_TREND,LONG,-4.7,0.1549897082824947,0.11484309520349179,0
2026-08-11,2026-08,ARM,FISHFINDER_ADX_TREND,SHORT,-2.15,0.04569434140839057,0.3862868240589336,0
2026-08-12,2026-08,ARM,FISHFINDER_ADX_TREND,SHORT,-11.55,0.26435701906818554,0.22509045407575629,0
2026-08-27,2026-08,ARM,FVG_FILL,LONG,-5.18,1.1339063403449394,0.40937905111973394,0
2026-05-27,2026-05,ARRY,FVG_FILL,LONG,23.76,0.026712728044331502,0.37902167009472554,0
2026-06-10,2026-06,ARRY,BEAR_MOMENTUM,SHORT,-34.19,0.013187124401035089,0.39500673641125467,0
2026-08-07,2026-08,ARRY,REGIME_ADX_TREND,LONG,41.44,0.014130845865108405,0.31169399541884457,0
2026-08-10,2026-08,ARRY,FISHFINDER_ADX_TREND,SHORT,-2.6,0.004851016580218333,0.42101766937447826,0
2026-08-11,2026-08,ARRY,FISHFINDER_ADX_TREND,SHORT,-5.26,-0.0011347189811593758,-0.0035030074643391806,0
2026-08-12,2026-08,ARRY,FISHFINDER_ADX_TREND,SHORT,-10.36,0.009567220834933377,0.16963374691642263,0
2026-08-13,2026-08,ARRY,FISHFINDER_ADX_TREND,SHORT,-5.38,-0.0010654508415911636,0.018990632360235016,0
2026-08-14,2026-08,ARRY,FISHFINDER_ADX_TREND,SHORT,8.19,0.006237354490237934,0.8134879752917887,1
2026-08-06,2026-08,ATI,REGIME_RSI_REVERT,SHORT,-3.48,1.6091996934547073,0.52098184084564,1
2026-04-15,2026-04,AVGO,MOMENTUM_TECH,LONG,1.31,1.5753885157886487,0.6152274813048231,1
2026-05-14,2026-05,AVGO,FVG_FILL,LONG,16.6,0.7650124630996671,0.36351524305166805,0
2026-06-10,2026-06,AVGO,BEAR_MOMENTUM,SHORT,7.8,-0.03333526040731627,0.16244385159038355,0
2026-08-05,2026-08,AVGO,REGIME_RSI_REVERT,SHORT,-1.14,-0.21634270637872405,-0.21608130870877829,0
2026-08-06,2026-08,AVGO,REGIME_RSI_REVERT,SHORT,-1.3,0.048358817460721126,-0.2100422871138482,0
2026-08-13,2026-08,AVGO,FISHFINDER_ADX_TREND,LONG,-1.8,-0.21349431229729277,-0.42681583723293015,0
2026-08-14,2026-08,AVGO,FISHFINDER_ADX_TREND,SHORT,-1.2,-0.4666764233799836,0.2139189373856496,0
2026-05-21,2026-05,AXON,BEAR_MOMENTUM,SHORT,10.32,-0.7677020551897553,-0.10160177070096055,0
2026-05-28,2026-05,AXON,FVG_FILL,LONG,-6.84,-0.5939554139687409,0.3539428483618723,0
2026-06-24,2026-06,AXON,CATALYST,LONG,-14.96,2.194526142785685,0.3276693765873038,0
2026-06-29,2026-06,AXON,CATALYST,LONG,-37.84,2.5612599922247394,0.37105513658113387,0
2026-08-07,2026-08,AXON,REGIME_ADX_TREND,LONG,17.4,-0.35302692596012486,0.4318965154336719,0
2026-08-10,2026-08,AXON,FISHFINDER_ADX_TREND,LONG,-5.0,-0.5059892065161846,-0.1261931597205318,0
2026-08-11,2026-08,AXON,FISHFINDER_KELTNER_REVERT,SHORT,-9.76,0.31847977335574473,-0.38760889380509533,0
2026-08-12,2026-08,AXON,FISHFINDER_ADX_TREND,LONG,-3.8,-0.4715467008090668,-0.20783875064117158,0
2026-08-13,2026-08,AXON,FISHFINDER_ADX_TREND,LONG,-3.1,0.6660841529690643,0.4034307885888052,0
2026-08-14,2026-08,AXON,FISHFINDER_ADX_TREND,LONG,-1.38,-0.2300924474613104,0.08489544387673142,0
2026-06-15,2026-06,AXTI,CATALYST,LONG,24.0,0.2234856591054788,0.1383598526960197,0
2026-06-16,2026-06,AXTI,BEAR_MOMENTUM,SHORT,49.4,0.6159507589734332,0.28472268930459055,0
2026-06-23,2026-06,AXTI,BEAR_MOMENTUM,SHORT,-4.6,0.2763233180530902,0.26081383879898956,0
2026-08-05,2026-08,AXTI,CATALYST,LONG,-13.8,0.9888295648956686,0.3478314940654743,0
2026-08-06,2026-08,AXTI,CATALYST_OVERRIDE,LONG,11.96,0.536552153954244,0.6564159565637468,1
2026-08-07,2026-08,AXTI,REGIME_RSI_REVERT,SHORT,29.12,-0.7969467773688046,-0.3205556126736685,0
2026-08-10,2026-08,AXTI,FISHFINDER_ADX_TREND,LONG,-14.72,-0.40770062955765696,-0.35893633543565634,0
2026-08-11,2026-08,AXTI,FISHFINDER_ADX_TREND,LONG,-4.37,-0.07681069143516955,-0.24975518929579865,0
2026-08-12,2026-08,AXTI,FISHFINDER_ADX_TREND,LONG,18.0,-0.07505195089560457,0.060439940408424264,0
2026-08-13,2026-08,AXTI,FISHFINDER_ADX_TREND,LONG,-6.46,0.2201365041888428,0.2724223848378263,0
2026-08-14,2026-08,AXTI,FISHFINDER_ADX_TREND,SHORT,-7.65,0.009167015821258506,0.014157337949262938,0
2026-08-17,2026-08,AXTI,CATALYST_OVERRIDE,LONG,10.0,0.8596065931933206,0.4063339436888046,0
2026-04-27,2026-04,BEAM,FVG_FILL,LONG,-34.2,0.011386925388648227,0.2921014384957714,0
2026-08-07,2026-08,BEAM,REGIME_ADX_TREND,LONG,-4.59,-0.01190352255616367,-0.22195338343607063,0
2026-08-11,2026-08,BEAM,FISHFINDER_ADX_TREND,SHORT,-3.57,-0.031742572058799545,-0.5515203519668013,1
2026-08-12,2026-08,BEAM,FISHFINDER_ADX_TREND,SHORT,-3.06,-0.020387006019673564,-0.13146984534956585,0
2026-08-13,2026-08,BEAM,FISHFINDER_ADX_TREND,SHORT,14.04,-0.009692523197842768,-0.027324282089130847,0
2026-08-14,2026-08,BEAM,FISHFINDER_ADX_TREND,SHORT,-4.77,-0.007351521510413926,-0.3414478061844304,0
2026-08-19,2026-08,BEAM,FVG_FILL,LONG,-2.1,-0.02909249515764989,0.21393252292833354,0
2026-08-06,2026-08,BSX,REGIME_RSI_REVERT,SHORT,-1.4,0.0792643836425265,0.4854143342465464,0
2026-08-10,2026-08,BSX,FISHFINDER_KELTNER_REVERT,SHORT,-2.43,0.015712070307552173,-0.19504027302783755,0
2026-08-11,2026-08,BSX,FISHFINDER_KELTNER_REVERT,SHORT,-1.35,0.03553885695434571,0.11673220583957516,0
2026-08-12,2026-08,BSX,FISHFINDER_RSI_REVERT,SHORT,-1.3,-0.06573577151237488,-0.32821412974713726,0
2026-08-13,2026-08,BSX,FISHFINDER_RSI_REVERT,SHORT,-1.17,0.001959537308777265,0.17268708747139389,0
2026-08-14,2026-08,BSX,FISHFINDER_RSI_REVERT,SHORT,-1.43,0.04048628046134,0.2985732095643387,0
2026-08-07,2026-08,BWXT,REGIME_ADX_TREND,LONG,-2.72,-0.08743009023980908,0.00563495526311375,0
2026-08-10,2026-08,BWXT,FISHFINDER_ADX_TREND,SHORT,-1.52,-0.04828380809767721,-0.268692334086581,0
2026-08-11,2026-08,BWXT,FISHFINDER_ADX_TREND,SHORT,-3.28,-0.03235361376618087,0.2735841005125834,0
2026-08-07,2026-08,C,REGIME_ADX_TREND,LONG,-1.6,0.03365070683655351,0.2749254495414769,0
2026-08-11,2026-08,C,FISHFINDER_ADX_TREND,SHORT,-1.1,0.03798903809705874,0.18845081238385275,0
2026-08-12,2026-08,C,FISHFINDER_ADX_TREND,LONG,-4.0,-0.08299921145358186,-0.11820806585341737,0
2026-07-02,2026-07,CACI,CATALYST_OVERRIDE,LONG,-5.08,0.9002150549913974,0.2344651831621669,0
2026-08-06,2026-08,CACI,CATALYST_OVERRIDE,LONG,11.35,-2.1179082686283834,0.1885219327453206,0
2026-08-07,2026-08,CACI,REGIME_KELTNER_REVERT,SHORT,21.14,0.6428382236235617,0.21658697476176236,0
2026-08-10,2026-08,CACI,FISHFINDER_KELTNER_REVERT,SHORT,-7.56,0.23859085996798413,-0.012338075985377728,0
2026-08-11,2026-08,CACI,FISHFINDER_KELTNER_REVERT,SHORT,-6.02,0.05939772526449205,-0.03756617251658767,0
2026-08-12,2026-08,CACI,FISHFINDER_KELTNER_REVERT,SHORT,-6.68,0.4205008937915501,0.16168811998861393,0
2026-08-13,2026-08,CACI,FISHFINDER_KELTNER_REVERT,SHORT,-2.3,-0.470683132409508,-0.36372789784921555,0
2026-08-14,2026-08,CACI,FISHFINDER_KELTNER_REVERT,SHORT,-2.1,-0.3841399949188461,-0.16613873701640347,0
2026-07-29,2026-07,CAR,BEAR_MOMENTUM,SHORT,-3.42,-0.08364111194283552,0.13361271003782066,0
2026-07-31,2026-07,CAR,BEAR_MOMENTUM,SHORT,20.4,0.9755832543555366,0.6461462600466121,1
2026-04-22,2026-04,CCJ,FVG_FILL,LONG,21.78,-0.08097510920416978,0.23406374526441742,0
2026-04-23,2026-04,CCJ,FVG_FILL,LONG,-14.0,0.1982103171886177,0.1415284568387487,0
2026-05-06,2026-05,CCJ,FVG_FILL,LONG,42.45,0.15787452192119555,0.35629175210514286,0
2026-05-13,2026-05,CCJ,BEAR_MOMENTUM,SHORT,-39.45,0.3988765396132334,0.28114872337502816,0
2026-05-15,2026-05,CCJ,BEAR_MOMENTUM,SHORT,4.8,0.25761527092668746,0.321606077294509,0
2026-06-05,2026-06,CCJ,BEAR_MOMENTUM,SHORT,23.12,-0.021027405570860913,0.4461836167946006,0
2026-08-07,2026-08,CCJ,REGIME_ADX_TREND,LONG,-1.96,-0.0363553937082422,0.17406776374587252,0
2026-08-11,2026-08,CCJ,FISHFINDER_ADX_TREND,LONG,-3.22,0.007813413593629748,0.1044631068917442,0
2026-08-12,2026-08,CCJ,FISHFINDER_ADX_TREND,LONG,-6.72,0.04097158626694311,0.18749470599775242,0
2026-08-13,2026-08,CCJ,FISHFINDER_ADX_TREND,LONG,-1.82,0.09078798792733551,0.5362281088812759,1
2026-08-14,2026-08,CCJ,FISHFINDER_ADX_TREND,LONG,-2.38,-0.007242874306676847,-0.26108513931848043,0
2026-07-29,2026-07,CCOI,BEAR_MOMENTUM,SHORT,-2.46,-0.03222012756203091,-0.04333503147227313,0
2026-06-15,2026-06,CDE,CATALYST,LONG,-48.4,0.020038225404791443,0.16712621173901065,0
2026-08-10,2026-08,CELH,FISHFINDER_ADX_TREND,SHORT,-1.56,-0.005001635860606153,-0.20074333632843422,0
2026-08-11,2026-08,CELH,FISHFINDER_ADX_TREND,SHORT,-1.02,0.009094963305746911,-0.03204264609643459,0
2026-08-12,2026-08,CELH,FISHFINDER_ADX_TREND,SHORT,-1.53,-0.02369837696104409,-0.24865524536014316,0
2026-08-13,2026-08,CELH,FISHFINDER_ADX_TREND,LONG,-3.43,0.0028694537479245705,0.3186758796427669,0
2026-08-10,2026-08,CENX,FISHFINDER_KELTNER_REVERT,SHORT,25.22,-0.02845819207271144,-0.1641281375906024,0
2026-05-18,2026-05,CHPT,BEAR_MOMENTUM,SHORT,55.8,0.03142592317755863,0.5831565047322012,1
2026-05-27,2026-05,CHPT,FVG_FILL,LONG,-41.76,-0.005431523151084597,0.19264861813888812,0
2026-06-04,2026-06,CHPT,FVG_FILL,LONG,-44.46,-0.007254375952853567,0.25552676563249976,0
2026-06-23,2026-06,CHPT,BEAR_MOMENTUM,SHORT,12.2,0.028362664762505485,0.23992411021591886,0
2026-07-07,2026-07,CHPT,BEAR_MOMENTUM,SHORT,-21.0,-0.0026061330709667707,0.15649772292519226,0
2026-08-12,2026-08,CIEN,CATALYST_OVERRIDE,LONG,-10.2,-1.1204652672770825,0.013573924707426355,0
2026-06-15,2026-06,CIFR,CATALYST,LONG,31.68,-0.000280923219959317,0.14278888654822064,0
2026-06-25,2026-06,CIFR,BEAR_MOMENTUM,SHORT,-10.08,0.1370829893072187,0.21639759451720764,0
2026-07-23,2026-07,CIFR,CATALYST_OVERRIDE,LONG,11.02,0.1953285118004684,0.40955274138499587,0
2026-07-29,2026-07,CIFR,BEAR_MOMENTUM,SHORT,-4.8,0.17883445778439577,0.4061223580663773,0
2026-07-30,2026-07,CIFR,CATALYST,LONG,17.16,-0.09758959885114116,0.10847675598321871,0
2026-08-05,2026-08,CLF,REGIME_RSI_REVERT,SHORT,-5.04,0.0023595284439559758,0.00017644156399904132,0
2026-04-15,2026-04,CLS,MOMENTUM_TECH,LONG,-6.35,-0.21775746166565757,-0.2180097683807809,0
2026-05-13,2026-05,CLS,BEAR_MOMENTUM,SHORT,-4.88,1.2121328420662465,0.4590076201163355,0
2026-05-15,2026-05,CLS,BEAR_MOMENTUM,SHORT,-16.4,1.9171401920700992,0.42124347520703354,0
2026-06-05,2026-06,CLS,BEAR_MOMENTUM,SHORT,40.48,-0.24417141560587963,0.3956298660084053,0
2026-07-30,2026-07,CLS,FVG_FILL,LONG,-23.7,1.7085089516701344,0.3455691315351428,0
2026-07-31,2026-07,CLSK,BEAR_MOMENTUM,SHORT,2.62,0.0998137253480171,0.4986023164698702,0
2026-07-30,2026-07,CMG,CATALYST,LONG,-0.9,0.28390200826624623,0.2377498999651667,0
2026-04-15,2026-04,COHR,MOMENTUM_TECH,LONG,2.07,-0.08361921510568315,-0.08306856203145269,0
2026-04-17,2026-04,COHR,FVG_FILL,LONG,-1.27,0.1338072817908431,0.3695191257594369,0
2026-05-07,2026-05,COHR,BEAR_MOMENTUM,SHORT,18.05,0.1980050376317366,0.36648226408484863,0
2026-07-27,2026-07,COHR,BEAR_MOMENTUM,SHORT,25.08,1.2948282799653281,0.48754026077571716,0
2026-08-05,2026-08,COHR,CATALYST,LONG,1.05,1.8001481503958516,0.3091950815879767,0
2026-08-06,2026-08,COHR,REGIME_ADX_TREND,LONG,3.2,2.4230963237925494,0.3303921003627318,0
2026-08-07,2026-08,COHR,CATALYST,LONG,-51.96,1.3008996563092552,0.2625158305959774,0
2026-08-10,2026-08,COHR,FISHFINDER_ADX_TREND,LONG,-4.2,-2.686805279724064,-0.367335149637245,0
2026-08-11,2026-08,COHR,FISHFINDER_ADX_TREND,LONG,-1.68,0.10839978137888509,0.2771321656408501,0
2026-08-12,2026-08,COHR,FISHFINDER_ADX_TREND,LONG,-4.92,-0.6686203059290943,-0.010714857546473056,0
2026-08-13,2026-08,COHR,FISHFINDER_ADX_TREND,LONG,-3.42,-0.008870783826961492,-0.07905569169787985,0
2026-08-17,2026-08,COHR,CATALYST_OVERRIDE,LONG,10.62,0.6240653421671265,0.3282054505606412,0
2026-06-05,2026-06,COIN,BEAR_MOMENTUM,SHORT,-23.88,-0.04212094315115644,0.31510577308761256,0
2026-07-02,2026-07,COIN,CATALYST,LONG,-23.76,0.9494707297069749,0.3426504772883525,0
2026-08-27,2026-08,COIN,FVG_FILL,LONG,-5.45,0.7404711871304985,0.6029872163650936,1
2026-09-03,2026-09,COIN,FVG_FILL,LONG,12.5,0.964669095829827,0.33761190531457586,0
2026-08-07,2026-08,CPNG,REGIME_ADX_TREND,LONG,-2.55,0.009810293461830526,0.24140303965541732,0
2026-08-10,2026-08,CPNG,FISHFINDER_ADX_TREND,SHORT,-0.86,-0.014744353841469746,-0.2242022550367193,0
2026-08-11,2026-08,CPNG,FISHFINDER_ADX_TREND,SHORT,-0.84,-0.00046998106343479687,0.015287531599553594,0
2026-08-12,2026-08,CPNG,FISHFINDER_ADX_TREND,LONG,-1.68,0.011861469179825487,0.34135563152880266,0
2026-08-13,2026-08,CPNG,FISHFINDER_ADX_TREND,SHORT,-2.58,-0.005707736574659046,-0.4917531311551565,0
2026-08-14,2026-08,CPNG,FISHFINDER_ADX_TREND,SHORT,-2.58,-0.006526524342292384,-0.07377227068451087,0
2026-06-09,2026-06,CRDO,FVG_FILL,LONG,-107.68,2.478493723233988,0.28325256905526586,0
2026-06-11,2026-06,CRDO,CATALYST,LONG,8.48,2.2664843400180295,0.49333630284305874,0
2026-08-07,2026-08,CRDO,REGIME_ADX_TREND,LONG,-3.8,-0.2347986580045045,-0.056270781483424126,0
2026-08-11,2026-08,CRDO,FISHFINDER_ADX_TREND,LONG,-1.0,0.08410918478276329,0.1116213173532421,0
2026-08-12,2026-08,CRDO,FISHFINDER_ADX_TREND,LONG,-11.15,-0.5440681423691363,0.1445508995332807,0
2026-08-13,2026-08,CRDO,FISHFINDER_ADX_TREND,LONG,-2.8,-0.017434061130388923,-0.20558723152449176,0
2026-08-14,2026-08,CRDO,FISHFINDER_ADX_TREND,LONG,-1.75,0.3510433772469971,0.18969325409103333,0
2026-04-17,2026-04,CRM,FVG_FILL,LONG,0.12,-0.06627833547827078,-0.3982092121127955,0
2026-04-20,2026-04,CRM,FVG_FILL,LONG,-4.1,0.7473846127749465,0.53784000894049,1
2026-04-21,2026-04,CRM,FVG_FILL,LONG,5.2,0.05182272266185056,0.4706685416173455,0
2026-04-22,2026-04,CRM,FVG_FILL,LONG,0.2,-0.05263942744861139,0.04885803883884832,0
2026-05-21,2026-05,CRM,BEAR_MOMENTUM,SHORT,-6.58,-0.2609003004841117,-0.06686800807413318,0
2026-08-13,2026-08,CRM,FISHFINDER_ADX_TREND,LONG,-1.33,0.08511685885072051,0.20800058193680604,0
2026-08-14,2026-08,CRM,FISHFINDER_ADX_TREND,LONG,-1.47,-0.011254415093288398,0.025273192938513822,0
2026-08-27,2026-08,CRM,CATALYST_OVERRIDE,LONG,7.23,-0.2875549634705805,0.18727376874464796,0
2026-08-12,2026-08,CRWV,FISHFINDER_KELTNER_REVERT,SHORT,0.13,-1.6023952147975304,-0.3065281244313576,0
2026-08-13,2026-08,CRWV,CATALYST,LONG,-23.8,0.5826958727296143,0.2809811968153013,0
2026-08-14,2026-08,CRWV,FISHFINDER_ADX_TREND,LONG,-4.55,-0.11396900375931618,-0.5266240978390612,1
2026-07-30,2026-07,CSL,FVG_FILL,LONG,-17.3,2.778449532268348,0.33057918711371026,0
2026-08-05,2026-08,CTSH,REGIME_RSI_REVERT,SHORT,-2.28,-0.03447254658586403,-0.4018684255620556,0
2026-06-01,2026-06,DDOG,CATALYST,LONG,0.84,-0.47972893348804146,-0.22323456506243222,0
2026-06-29,2026-06,DDOG,CATALYST,LONG,-35.01,0.356040338273635,0.31590382431437025,0
2026-08-12,2026-08,DE,FISHFINDER_ADX_TREND,LONG,-2.48,0.15865460692353572,0.3268336498682386,0
2026-08-10,2026-08,DECK,FISHFINDER_ADX_TREND,SHORT,-1.54,0.017493330292598627,-0.22414563489610562,0
2026-08-12,2026-08,DECK,FISHFINDER_ADX_TREND,SHORT,-1.65,-0.01061373389274356,0.3939050980156536,0
2026-07-22,2026-07,DELL,CATALYST_OVERRIDE,LONG,-4.86,-0.3332929639447606,0.15050201626484427,0
2026-08-07,2026-08,DOCU,REGIME_KELTNER_REVERT,SHORT,-1.38,0.003790283867756039,-0.2725919586991137,0
2026-08-12,2026-08,DOCU,FISHFINDER_ADX_TREND,LONG,-2.64,0.006914907004402157,-0.19597564260790346,0
2026-08-13,2026-08,DOCU,FISHFINDER_ADX_TREND,LONG,-3.45,0.020755928459716216,0.32480244102950906,0
2026-08-14,2026-08,DOCU,FISHFINDER_ADX_TREND,LONG,-13.42,-0.3485114112424994,-0.36104386087830737,0
2026-08-05,2026-08,DT,REGIME_KELTNER_REVERT,SHORT,24.7,-0.04912930179505093,-0.17912859602828657,0
2026-05-04,2026-05,DXCM,BEAR_MOMENTUM,SHORT,-7.83,-0.010401290432658701,-0.006387530803613872,0
2026-07-16,2026-07,DXCM,CATALYST_OVERRIDE,LONG,-7.44,0.08058976596121803,0.2728600184243788,0
2026-08-10,2026-08,DXCM,FISHFINDER_KELTNER_REVERT,SHORT,-2.1,0.03986794677238034,-0.07261925072947539,0
2026-08-12,2026-08,DXCM,FISHFINDER_KELTNER_REVERT,SHORT,-2.25,0.05921915919060597,0.15566245377392568,0
2026-08-13,2026-08,DXCM,FISHFINDER_KELTNER_REVERT,SHORT,-1.8,-0.030438583843378886,-0.3872516521168896,0
2026-08-05,2026-08,ELF,REGIME_RSI_REVERT,SHORT,-1.61,0.029028288717470156,0.1307455404803068,0
2026-08-06,2026-08,ELF,CATALYST,LONG,3.6,0.6338617552427462,0.5021853892922421,1
2026-08-07,2026-08,ELF,REGIME_ADX_TREND,LONG,-3.08,0.07983095953534747,0.29262255634393475,0
2026-05-04,2026-05,EOSE,BEAR_MOMENTUM,SHORT,-28.7,-0.005625824657346262,-0.09188065059910733,0
2026-05-07,2026-05,EOSE,BEAR_MOMENTUM,SHORT,-6.24,0.009640647924317867,0.32484961470684276,0
2026-05-08,2026-05,EOSE,CATALYST,LONG,25.02,0.08430684679302644,0.44640885967176747,0
2026-08-05,2026-08,EPAM,REGIME_RSI_REVERT,SHORT,3.24,0.021368257893316422,0.08005712906173978,0
2026-08-06,2026-08,EPAM,REGIME_ADX_TREND,SHORT,20.02,-0.2649217211434216,0.09644944976261083,0
2026-08-19,2026-08,EPAM,CATALYST_OVERRIDE,LONG,20.16,0.349279629564467,0.4253581163040132,0
2026-08-24,2026-08,EZPW,CATALYST_OVERRIDE,LONG,-11.31,0.18396283283660603,0.5006948911588756,1
2026-06-23,2026-06,FCX,BEAR_MOMENTUM,SHORT,18.36,0.15200180294204724,0.2321089119952809,0
2026-08-05,2026-08,FCX,REGIME_RSI_REVERT,SHORT,-2.3,0.011739599034869236,-0.19757558486024984,0
2026-08-06,2026-08,FCX,REGIME_RSI_REVERT,SHORT,-1.9,-0.04266653957490546,-0.08024358266732823,0
2026-08-10,2026-08,FCX,FISHFINDER_KELTNER_REVERT,SHORT,-1.14,0.05236663326749191,0.3364908860556979,0
2026-08-21,2026-08,FCX,CATALYST,LONG,-6.6,0.2685323228811678,0.23211180201194537,0
2026-04-23,2026-04,FSLR,FVG_FILL,LONG,-2.58,0.18846499988685733,0.30917623857636733,0
2026-08-06,2026-08,FSLR,REGIME_RSI_REVERT,SHORT,10.5,0.3791473277855495,-0.16435107235858948,0
2026-08-07,2026-08,FSLR,REGIME_KELTNER_REVERT,SHORT,-4.0,0.003392764013085303,-0.051486515396656274,0
2026-08-10,2026-08,FSLR,FISHFINDER_ADX_TREND,LONG,-2.35,0.033420749735386224,-0.16746956872507462,0
2026-08-12,2026-08,FSLR,FISHFINDER_ADX_TREND,SHORT,-2.88,0.8154586926831311,0.4264884847922913,0
2026-08-13,2026-08,FSLR,FISHFINDER_ADX_TREND,SHORT,-2.52,-0.19391463585453467,-0.2965051044056507,0
2026-06-09,2026-06,GILD,BEAR_MOMENTUM,SHORT,2.66,0.06250889451892405,0.12072608204812929,0
2026-04-30,2026-04,GOOGL,FVG_FILL,LONG,-9.12,-0.16545263929772736,0.24072375851029948,0
2026-07-23,2026-07,GOOGL,BEAR_MOMENTUM,SHORT,6.04,1.877729868080718,0.3372330586419994,0
2026-05-07,2026-05,HIMS,BEAR_MOMENTUM,SHORT,-0.7,-0.014907995053617451,0.14714033296975826,0
2026-05-12,2026-05,HIMS,BEAR_MOMENTUM,SHORT,91.8,0.20098066960711536,0.1738746525792596,0
2026-05-13,2026-05,HIMS,BEAR_MOMENTUM,SHORT,-15.4,0.17868274830293995,0.47009340844028563,0
2026-08-07,2026-08,HIMS,REGIME_ADX_TREND,LONG,-3.52,-0.009493185236103853,0.1025010508028994,0
2026-08-12,2026-08,HIMS,FISHFINDER_ADX_TREND,SHORT,-10.81,-0.004582505408174313,-0.18668754251678854,0
2026-08-20,2026-08,HIMS,CATALYST_OVERRIDE,LONG,-18.9,0.17081357514827566,0.424717877486153,0
2026-06-03,2026-06,HL,BEAR_MOMENTUM,SHORT,1.06,0.08754099174073662,0.39244615112735526,0
2026-08-12,2026-08,HL,FISHFINDER_KELTNER_REVERT,SHORT,-1.54,-0.0012931261924354655,0.04685292533054175,0
2026-08-13,2026-08,HLIT,FISHFINDER_KELTNER_REVERT,SHORT,-14.7,-0.20551451046178731,-0.34178214082278124,0
2026-08-14,2026-08,HLIT,FISHFINDER_ADX_TREND,LONG,13.13,0.05379328579404699,0.4090489602929438,0
2026-04-22,2026-04,HOOD,FVG_FILL,LONG,-2.12,0.033175967104893817,0.6191084871968164,1
2026-06-08,2026-06,HOOD,FVG_FILL,LONG,-2.31,0.021855699336287282,0.25031485449937385,0
2026-06-18,2026-06,HOOD,CATALYST,LONG,-18.72,0.4280756950156861,0.6131633756155475,1
2026-07-17,2026-07,HOOD,BEAR_MOMENTUM,SHORT,-10.4,0.4733698834870914,0.2729518085148597,0
2026-08-07,2026-08,HOOD,REGIME_ADX_TREND,LONG,7.05,-0.03381251031235266,-0.3273968933392142,0
2026-08-11,2026-08,HOOD,FISHFINDER_ADX_TREND,LONG,-3.22,0.014001957574242642,0.25705503153257314,0
2026-08-12,2026-08,HOOD,FISHFINDER_ADX_TREND,LONG,-1.26,-0.012055351551395838,0.11565031035213225,0
2026-08-21,2026-08,HOOD,CATALYST_OVERRIDE,LONG,10.35,0.11548116419904186,0.1887430673280367,0
2026-09-03,2026-09,HOOD,CATALYST_OVERRIDE,LONG,5.44,0.19972984284434414,0.22937961968134868,0
2026-04-17,2026-04,HPE,FVG_FILL,LONG,3.0,-0.017258819656207586,-0.15774129346219695,0
2026-08-05,2026-08,HPE,REGIME_RSI_REVERT,SHORT,-2.08,0.04105133529416312,0.18491865459974877,0
2026-08-13,2026-08,HPE,FISHFINDER_KELTNER_REVERT,SHORT,-1.76,-0.17687765456401017,-0.2756984787371264,0
2026-08-14,2026-08,HPE,FISHFINDER_KELTNER_REVERT,SHORT,-1.38,0.007180451071530897,0.2158999326514751,0
2026-06-01,2026-06,HUBS,CATALYST,LONG,20.32,-0.8332418159416042,-0.34032124929806506,0
2026-08-19,2026-08,HUBS,CATALYST,LONG,9.0,-0.36456883794736417,0.1153216171668131,0
2026-07-23,2026-07,HUT,CATALYST_OVERRIDE,LONG,-9.68,0.37298882676023304,0.2783702757330281,0
2026-07-30,2026-07,HUT,CATALYST,LONG,-10.9,-0.17402195650858632,0.20225421291854773,0
2026-08-06,2026-08,HWM,REGIME_RSI_REVERT,SHORT,9.42,-0.34951554011348973,-0.4323469330333236,0
2026-05-08,2026-05,INTC,FVG_FILL,LONG,79.04,0.5989052059055913,0.44000037666771263,0
2026-05-20,2026-05,INTC,CATALYST,LONG,-21.85,0.7486976053118473,0.4718961527950931,0
2026-06-11,2026-06,INTC,CATALYST,LONG,46.2,-0.38293960964853335,0.03893590128292357,0
2026-07-07,2026-07,INTC,BEAR_MOMENTUM,SHORT,9.6,1.0412042511745212,0.40199679929481824,0
2026-08-07,2026-08,INTC,REGIME_ADX_TREND,LONG,-1.17,-0.042185327557626245,0.15270037492214705,0
2026-05-21,2026-05,IONQ,CATALYST,LONG,1.17,-0.10522259003446316,-0.44520598191095134,0
2026-05-22,2026-05,IONQ,CATALYST,LONG,64.44,0.2542339772181974,0.3319217768523217,0
2026-06-08,2026-06,IONQ,FVG_FILL,LONG,31.35,0.48405805506460053,0.3757983129452742,0
2026-07-07,2026-07,IONQ,BEAR_MOMENTUM,SHORT,-23.0,0.20505877414409857,0.3075042372869319,0
2026-08-07,2026-08,IONQ,CATALYST,LONG,90.72,-0.010398835740845769,0.11065431927625013,0
2026-08-11,2026-08,IONQ,FISHFINDER_ADX_TREND,LONG,25.6,0.026804426089646977,0.0515174911774281,0
2026-08-12,2026-08,IONQ,FISHFINDER_ADX_TREND,LONG,8.06,0.008537831700189236,0.3338517855356711,0
2026-08-13,2026-08,IONQ,FISHFINDER_ADX_TREND,LONG,-11.4,-0.08033732569071828,-0.012941972853190875,0
2026-04-17,2026-04,IREN,FVG_FILL,LONG,-2.48,0.018358008271541153,0.036777875013061956,0
2026-04-22,2026-04,IREN,FVG_FILL,LONG,8.72,0.04300928916896493,0.6941801462883705,1
2026-06-12,2026-06,IREN,CATALYST,LONG,30.4,0.07526381334000853,0.3054738716318328,0
2026-07-07,2026-07,IREN,BEAR_MOMENTUM,SHORT,-0.98,0.33424568760288287,0.5095723168121062,1
2026-07-17,2026-07,IREN,BEAR_MOMENTUM,SHORT,0.26,-0.0010631561314749516,0.13424253186492924,0
2026-07-22,2026-07,IREN,CATALYST,LONG,-7.95,-0.0261134844003878,0.04493191977208466,0
2026-07-29,2026-07,IREN,BEAR_MOMENTUM,SHORT,44.24,0.18803756530395466,0.4352008225034886,0
2026-07-31,2026-07,IREN,BEAR_MOMENTUM,SHORT,-0.55,0.19079931281343265,0.5360412395763865,1
2026-08-13,2026-08,IREN,CATALYST,LONG,-17.39,0.018757741121438798,0.13037649851220057,0
2026-07-17,2026-07,ISRG,BEAR_MOMENTUM,SHORT,7.34,0.48243420241472457,0.19369542170062998,0
2026-08-12,2026-08,ISRG,FISHFINDER_KELTNER_REVERT,SHORT,-1.44,0.25891080224086394,0.47474439685552233,0
2026-08-05,2026-08,IT,REGIME_ADX_TREND,LONG,-19.6,-0.19926827757953425,0.2655059087663725,0
2026-04-17,2026-04,ITA,FVG_FILL,LONG,-1.54,-0.011830445892111019,-0.15813864978614078,0
2026-04-20,2026-04,ITA,FVG_FILL,LONG,-0.69,0.15403585632254985,0.3492345056336027,0
2026-08-05,2026-08,ITA,REGIME_RSI_REVERT,SHORT,-1.26,-0.017459197058719372,-0.07268380742592118,0
2026-08-06,2026-08,ITA,REGIME_RSI_REVERT,SHORT,-1.98,-0.04611999187605065,0.019349357099094633,0
2026-08-11,2026-08,ITA,FISHFINDER_ADX_TREND,LONG,-2.3,-0.022465332043572976,-0.32418443586787316,0
2026-08-13,2026-08,ITA,FISHFINDER_ADX_TREND,SHORT,-1.4,-0.07552362015071605,-0.44927491106991746,0
2026-04-17,2026-04,JOBY,FVG_FILL,LONG,0.0,0.0016624317055382448,-0.24485956821733795,0
2026-05-13,2026-05,JOBY,FVG_FILL,LONG,-3.22,-0.013898755204171359,0.1911215801224022,0
2026-05-22,2026-05,JOBY,FVG_FILL,LONG,-39.27,0.031196967095727418,0.39343852871755247,0
2026-07-07,2026-07,JOBY,BEAR_MOMENTUM,SHORT,-6.1,-0.012588499536289738,0.15510893055980002,0
2026-08-11,2026-08,JOBY,FISHFINDER_ADX_TREND,LONG,-3.36,0.009296694128030303,-0.027395187077589978,0
2026-08-12,2026-08,JOBY,FISHFINDER_ADX_TREND,LONG,-2.0,-0.0006342742824253351,-0.6578148124739931,1
2026-04-22,2026-04,JPM,FVG_FILL,LONG,-0.92,-0.15906648132798618,-0.47360594044786825,0
2026-08-13,2026-08,KKR,FISHFINDER_KELTNER_REVERT,SHORT,-1.8,0.0028630211822292875,0.1487797879949096,0
2026-07-29,2026-07,KLAC,BEAR_MOMENTUM,SHORT,29.0,-0.5596695889071883,0.002504747917465633,0
2026-08-11,2026-08,KLAC,FISHFINDER_ADX_TREND,LONG,-1.61,0.18236683938164233,0.6981447512659453,1
2026-08-12,2026-08,KLAC,FISHFINDER_ADX_TREND,LONG,-1.44,-0.1280542071519924,-0.12477462059234207,0
2026-05-28,2026-05,KTOS,CATALYST,LONG,-9.86,-0.14747768383243431,0.33716785416451067,0
2026-08-06,2026-08,KTOS,CATALYST,LONG,-1.9,0.2563893084239684,0.4248558064071324,0
2026-08-07,2026-08,KTOS,REGIME_KELTNER_REVERT,SHORT,-2.76,0.07104057066586156,-0.04786181058217276,0
2026-07-30,2026-07,LFUS,FVG_FILL,LONG,-7.16,1.3945366539182338,0.2261892121166985,0
2026-08-05,2026-08,LFUS,REGIME_RSI_REVERT,SHORT,-2.47,-0.14477017278139293,-0.2453679945321081,0
2026-07-27,2026-07,LITE,BEAR_MOMENTUM,SHORT,44.64,3.292462566057244,0.33493768660001366,0
2026-08-12,2026-08,LITE,CATALYST_OVERRIDE,LONG,-29.84,-0.5850414977591036,0.44016830940998986,0
2026-08-14,2026-08,LITE,CATALYST_OVERRIDE,LONG,-26.86,8.041167921800858,0.5096520974273857,1
2026-08-05,2026-08,LQDA,REGIME_RSI_REVERT,SHORT,6.79,0.03834435778797837,0.031142677173464695,0
2026-04-24,2026-04,LRCX,FVG_FILL,LONG,-110.79,-0.1606317561469635,-0.11641601208077967,0
2026-05-05,2026-05,LRCX,FVG_FILL,LONG,15.0,1.6201994639524746,0.36733559325955145,0
2026-05-06,2026-05,LRCX,FVG_FILL,LONG,17.64,0.3458964501621704,0.14459207364243387,0
2026-06-08,2026-06,LRCX,FVG_FILL,LONG,51.3,0.3761258641650487,0.1856250311745773,0
2026-06-09,2026-06,LRCX,FVG_FILL,LONG,-84.5,2.052404550063396,0.3182185565166701,0
2026-06-18,2026-06,LRCX,CATALYST,LONG,-19.85,0.6456336752827481,0.1502389643602069,0
2026-05-27,2026-05,LULU,FVG_FILL,LONG,-37.44,-0.26757637000024426,0.05853785637155273,0
2026-07-13,2026-07,MARA,BEAR_MOMENTUM,SHORT,-14.06,0.0147647548432574,0.2625614317856238,0
2026-07-17,2026-07,MARA,BEAR_MOMENTUM,SHORT,6.56,0.03193299501614699,0.23915589628415668,0
2026-08-13,2026-08,MARA,FISHFINDER_ADX_TREND,SHORT,-3.02,-0.008207629310709133,0.18967716981918892,0
2026-08-20,2026-08,MARA,CATALYST_OVERRIDE,LONG,2.79,0.0027528010784322043,0.36457256717519626,0
2026-08-21,2026-08,MARA,CATALYST,LONG,-76.0,0.040518119142306686,0.15522238351942963,0
2026-06-01,2026-06,MDB,CATALYST,LONG,29.7,-0.7707925644528717,0.2982476919611151,0
2026-08-06,2026-08,MDB,REGIME_RSI_REVERT,SHORT,1.1,-0.12892557051610937,-0.2642814598581017,0
2026-08-07,2026-08,MDB,REGIME_KELTNER_REVERT,SHORT,-1.44,0.2567987500816542,-0.10754272730696057,0
2026-08-10,2026-08,MDB,CATALYST,LONG,-2.58,0.6991785902419902,0.19357040497083677,0
2026-08-11,2026-08,MDB,FISHFINDER_KELTNER_REVERT,SHORT,-8.28,-0.30060274623391203,-0.19155651328001533,0
2026-08-13,2026-08,MDB,FISHFINDER_KELTNER_REVERT,SHORT,-1.53,-0.007278275646209531,-0.3029473422783837,0
2026-08-27,2026-08,MDB,FVG_FILL,LONG,7.48,-0.8236936482957766,0.06609534677287776,0
2026-08-11,2026-08,META,FISHFINDER_ADX_TREND,LONG,-0.64,-0.10666777597546268,-0.18972639916185913,0
2026-09-02,2026-09,META,FVG_FILL,LONG,-1.76,1.8620851497913486,0.5156883448434713,1
2026-07-29,2026-07,MIR,BEAR_MOMENTUM,SHORT,39.9,0.1432496280863402,0.5045288336385809,1
2026-09-03,2026-09,MIR,FVG_FILL,LONG,-3.75,0.10452036242783827,0.37828251855906714,0
2026-05-18,2026-05,MP,BEAR_MOMENTUM,SHORT,57.66,0.33018490295660763,0.4267623437819579,0
2026-08-07,2026-08,MP,REGIME_KELTNER_REVERT,SHORT,-6.24,0.038652109138197,-0.37139010838593245,0
2026-08-10,2026-08,MP,CATALYST,LONG,-7.6,-0.10011059116893595,-0.1023385676841212,0
2026-08-11,2026-08,MP,FISHFINDER_ADX_TREND,LONG,22.62,-0.030239869427225285,-0.08121947466747498,0
2026-08-12,2026-08,MP,FISHFINDER_ADX_TREND,LONG,-4.0,0.006234776896466711,0.09911955376238213,0
2026-08-14,2026-08,MP,CATALYST_OVERRIDE,LONG,13.12,-0.019203984608056057,0.17837968099561363,0
2026-08-21,2026-08,MP,CATALYST_OVERRIDE,LONG,-4.8,-0.032063786658151905,0.26903336112602483,0
2026-06-04,2026-06,MRNA,CATALYST,LONG,-0.9,0.14031613195201664,0.465821218839397,0
2026-07-02,2026-07,MRNA,CATALYST,LONG,-14.0,0.5159496995616912,0.23509911455567223,0
2026-08-10,2026-08,MRNA,FISHFINDER_ADX_TREND,LONG,-4.83,0.015183969631084038,0.18515465831344136,0
2026-08-11,2026-08,MRNA,FISHFINDER_ADX_TREND,LONG,-5.52,0.06378496086910232,0.343799784111952,0
2026-08-12,2026-08,MRNA,FISHFINDER_ADX_TREND,LONG,-1.68,-0.013199928988531867,0.4369450591139715,0
2026-08-19,2026-08,MRNA,CATALYST,LONG,-58.66,1.2971871951114835,0.18298112114738296,0
2026-08-21,2026-08,MRNA,CATALYST_OVERRIDE,LONG,-49.98,0.27911681349489825,0.1370768620326286,0
2026-08-25,2026-08,MRNA,CATALYST_OVERRIDE,LONG,17.28,1.3571560896359411,0.3807568868328952,0
2026-05-13,2026-05,MRVL,FVG_FILL,LONG,19.03,-0.2361501113820002,-0.13742553837156685,0
2026-05-14,2026-05,MRVL,CATALYST,LONG,6.0,0.5336884465898706,0.30084375750292625,0
2026-05-20,2026-05,MRVL,CATALYST,LONG,-35.16,1.2574823550010237,0.3604318160265828,0
2026-06-08,2026-06,MRVL,FVG_FILL,LONG,43.68,1.2836377412993316,0.3099800977917181,0
2026-06-18,2026-06,MRVL,CATALYST,LONG,32.2,1.2809085997220486,0.27700594388661803,0
2026-07-13,2026-07,MRVL,BEAR_MOMENTUM,SHORT,-4.32,-0.882357046450319,-0.4549268507520633,0
2026-04-17,2026-04,MSTR,FVG_FILL,LONG,1.38,-0.14531186731838808,-0.3257198886867744,0
2026-05-18,2026-05,MSTR,BEAR_MOMENTUM,SHORT,11.2,1.0207941544511678,0.28982720109437754,0
2026-06-05,2026-06,MSTR,BEAR_MOMENTUM,SHORT,-22.05,0.14199292778893446,0.48965837672948936,0
2026-07-31,2026-07,MSTR,BEAR_MOMENTUM,SHORT,-5.94,0.22162840681018126,0.21418762218661208,0
2026-08-21,2026-08,MSTR,CATALYST,LONG,-12.48,0.3979826174589989,0.23713514678065428,0
2026-08-27,2026-08,MSTR,CATALYST_OVERRIDE,LONG,6.72,-0.4142314131721074,-0.48937423910308525,0
2026-09-03,2026-09,MSTR,CATALYST_OVERRIDE,LONG,11.06,0.32259246041927403,0.28716349914475126,0
2026-08-05,2026-08,MTRN,REGIME_ADX_TREND,LONG,-15.28,2.144627838340261,0.25431066677752756,0
2026-08-06,2026-08,MTRN,REGIME_ADX_TREND,LONG,-50.28,-1.5263535750999555,-0.1664904352708777,0
2026-08-07,2026-08,MTSI,REGIME_ADX_TREND,LONG,-4.88,-0.7350261657595674,0.03670513028992972,0
2026-05-04,2026-05,MU,FVG_FILL,LONG,-38.55,4.476454851575282,0.39630349639032436,0
2026-05-05,2026-05,MU,CATALYST,LONG,10.14,5.537964753508609,0.3938455615353478,0
2026-07-27,2026-07,MXL,BEAR_MOMENTUM,SHORT,12.32,0.5297583280152283,0.4205111949777073,0
2026-04-15,2026-04,NBIS,MOMENTUM_TECH,LONG,-0.21,-0.4901680551108658,-0.4128168760711117,0
2026-04-17,2026-04,NBIS,FVG_FILL,LONG,-2.18,-0.03303411135443243,-0.1931470583936175,0
2026-05-04,2026-05,NBIS,FVG_FILL,LONG,12.3,2.1818112783476264,0.3725843096427244,0
2026-05-14,2026-05,NBIS,CATALYST,LONG,42.88,1.1011033265488086,0.4732554518543294,0
2026-05-21,2026-05,NBIS,CATALYST,LONG,-1.0,-0.3788904065451302,-0.4964731271614639,0
2026-06-30,2026-06,NBIS,CATALYST,LONG,33.92,1.6355717137307861,0.5491992716253284,1
2026-07-07,2026-07,NBIS,BEAR_MOMENTUM,SHORT,-15.75,0.17614112930866455,0.1561243643061332,0
2026-07-22,2026-07,NBIS,CATALYST_OVERRIDE,LONG,-15.52,0.19260456685516125,0.21923538250380603,0
2026-07-23,2026-07,NBIS,CATALYST_OVERRIDE,LONG,-24.96,0.7266595551600442,0.2892799472050499,0
2026-07-29,2026-07,NBIS,BEAR_MOMENTUM,SHORT,14.1,1.1106545860368107,0.3733833012961153,0
2026-08-13,2026-08,NBIS,FISHFINDER_KELTNER_REVERT,SHORT,-5.65,-1.235374719057564,-0.3212355306365069,0
2026-05-06,2026-05,NEM,FVG_FILL,LONG,-4.35,0.20181782862148467,0.20093071894298808,0
2026-08-05,2026-08,NEM,REGIME_RSI_REVERT,SHORT,-1.02,0.18122831099484576,0.4694725787654617,0
2026-08-06,2026-08,NEM,REGIME_RSI_REVERT,SHORT,-1.26,0.013048831679703929,0.32500357461412377,0
2026-08-07,2026-08,NEM,REGIME_KELTNER_REVERT,SHORT,-2.04,0.10235707784968333,0.1569695800064948,0
2026-06-16,2026-06,NFLX,BEAR_MOMENTUM,SHORT,0.88,0.192725045444453,0.37975000946463844,0
2026-07-17,2026-07,NFLX,BEAR_MOMENTUM,SHORT,-6.15,-0.2252506435992767,-0.06713584448739773,0
2026-05-01,2026-05,NIO,BEAR_MOMENTUM,SHORT,6.06,-0.01670251081316476,-0.39186116829474593,0
2026-05-13,2026-05,NIO,FVG_FILL,LONG,21.84,-0.007815602381305572,-0.36954050383984405,0
2026-08-05,2026-08,NTAP,REGIME_RSI_REVERT,SHORT,-3.33,-0.03916559568366375,-0.07836841151447393,0
2026-08-11,2026-08,NTAP,FISHFINDER_KELTNER_REVERT,SHORT,-4.76,-0.2840966746315502,-0.11596614934192706,0
2026-04-17,2026-04,NTLA,FVG_FILL,LONG,-0.26,-0.01568475129655721,-0.2199453182097601,0
2026-04-20,2026-04,NTLA,FVG_FILL,LONG,14.04,-0.014864551929941308,-0.1352080514050663,0
2026-04-21,2026-04,NTLA,FVG_FILL,LONG,-0.78,0.012484982213059534,0.5013382974161,1
2026-04-22,2026-04,NTLA,FVG_FILL,LONG,14.75,0.008044705518761495,0.7309660801451479,1
2026-04-24,2026-04,NTLA,FVG_FILL,LONG,-92.4,0.06245907250447136,0.18977053505544617,0
2026-05-01,2026-05,NTLA,BEAR_MOMENTUM,SHORT,-8.16,0.004484470931433306,0.17554344686176254,0
2026-06-04,2026-06,NTLA,FVG_FILL,LONG,15.12,-0.05349854466948836,-0.2080801243341337,0
2026-08-10,2026-08,NTLA,FISHFINDER_ADX_TREND,LONG,-4.6,0.010902202225506426,0.26654578249225647,0
2026-08-27,2026-08,NTNX,FVG_FILL,LONG,-6.96,-0.13172136373360865,0.04320649630349338,0
2026-04-17,2026-04,NU,FVG_FILL,LONG,-0.26,-0.006213439242154818,-0.5048213425498943,1
2026-04-20,2026-04,NU,FVG_FILL,LONG,0.26,-0.03262342348978198,-0.5389053565993063,1
2026-04-21,2026-04,NU,FVG_FILL,LONG,-3.12,0.012045294405849194,0.48901962479812433,0
2026-04-22,2026-04,NU,FVG_FILL,LONG,-6.5,-0.016942613997438606,-0.66899703789398,1
2026-08-14,2026-08,NU,FISHFINDER_KELTNER_REVERT,SHORT,31.32,-0.17274395501470818,-0.354820109819285,0
2026-04-17,2026-04,NUTX,FVG_FILL,LONG,1.8,0.160509622135023,0.171835513579364,0
2026-04-17,2026-04,NUTX,FVG_FILL,LONG,1.2,-0.10721187273545618,-0.13962499216723534,0
2026-04-17,2026-04,NUTX,FVG_FILL,LONG,0.0,0.1568557395805249,0.20821381630010205,0
2026-04-20,2026-04,NUTX,FVG_FILL,LONG,2.34,0.07420715525978494,-0.012162068380888236,0
2026-05-01,2026-05,NUTX,FVG_FILL,LONG,-15.36,-0.24893778453469517,0.2895219531472837,0
2026-05-04,2026-05,NUTX,FVG_FILL,LONG,-93.17,1.4834262089368,0.39572679185559034,0
2026-06-04,2026-06,NUTX,CATALYST,LONG,-66.36,0.4646576204852422,0.3677046501003447,0
2026-07-01,2026-07,NUTX,CATALYST_OVERRIDE,LONG,19.8,-0.15642348849208876,0.39415959460548855,0
2026-08-07,2026-08,NUTX,FVG_FILL,LONG,-37.3,-0.368551889160015,0.13682489164076483,0
2026-08-10,2026-08,NUTX,CATALYST,LONG,-7.2,0.4016028443977149,0.37593189651200554,0
2026-08-11,2026-08,NUTX,FISHFINDER_ADX_TREND,LONG,-54.6,-1.1474343219040852,-0.8398314700727039,1
2026-08-14,2026-08,NUTX,FISHFINDER_ADX_TREND,LONG,-22.05,-0.12012236807732293,-0.08117461035496598,0
2026-04-27,2026-04,NVDA,FVG_FILL,LONG,5.84,0.06906660113218854,0.41975051633368565,0
2026-05-06,2026-05,NVDA,FVG_FILL,LONG,13.52,0.4549167776258043,0.26007108140846746,0
2026-05-14,2026-05,NVDA,FVG_FILL,LONG,11.48,0.38322601101685505,0.3809147738882125,0
2026-08-27,2026-08,NVDA,FVG_FILL,LONG,-1.53,-0.5048736788736616,0.0539799803637564,0
2026-04-17,2026-04,OKLO,FVG_FILL,LONG,-11.7,0.6732981216753509,0.4948125709289838,0
2026-04-17,2026-04,OKLO,FVG_FILL,LONG,-0.05,0.0016207165842179183,-0.18906009515356514,0
2026-04-17,2026-04,OKLO,FVG_FILL,LONG,-0.25,0.03406939322130895,-0.04760147102299883,0
2026-04-20,2026-04,OKLO,FVG_FILL,LONG,2.76,-0.1526407694762683,-0.2758861699033222,0
2026-04-22,2026-04,OKLO,FVG_FILL,LONG,12.5,0.17688497457982277,0.9040551735573872,1
2026-04-24,2026-04,OKLO,FVG_FILL,LONG,-2.28,-0.008367376027122897,-0.033104915512445376,0
2026-04-27,2026-04,OKLO,FVG_FILL,LONG,17.04,-0.04685060702702726,0.09969761363194629,0
2026-05-13,2026-05,OKLO,BEAR_MOMENTUM,SHORT,-34.58,0.504717602730697,0.4344857278583034,0
2026-05-15,2026-05,OKLO,BEAR_MOMENTUM,SHORT,12.6,0.3623945611478361,0.35871566642793934,0
2026-05-18,2026-05,OKLO,BEAR_MOMENTUM,SHORT,53.1,0.33251346080887556,0.4227316248163159,0
2026-05-19,2026-05,OKLO,BEAR_MOMENTUM,SHORT,58.45,0.1984161188297484,0.3794276773542357,0
2026-07-07,2026-07,OKLO,BEAR_MOMENTUM,SHORT,-1.11,-0.11833127121205933,0.09874820943269513,0
2026-08-10,2026-08,OKLO,FISHFINDER_ADX_TREND,LONG,-4.8,-0.07499378045473182,-0.1382308624186141,0
2026-05-29,2026-05,OKTA,FVG_FILL,LONG,94.86,2.082130834825632,0.4181126541917105,0
2026-07-02,2026-07,OKTA,FVG_FILL,LONG,-20.02,0.44480034245672856,0.49623911996959535,0
2026-07-06,2026-07,OKTA,FVG_FILL,LONG,-12.11,0.47465314475773335,0.3405645516857094,0
2026-08-27,2026-08,OKTA,CATALYST,LONG,34.62,3.11709211461189,0.3323995011795938,0
2026-08-05,2026-08,OLLI,REGIME_RSI_REVERT,SHORT,-1.76,0.0025971982200587076,0.17554658967247788,0
2026-05-13,2026-05,ON,FVG_FILL,LONG,0.68,-0.1805636085224519,-0.007953794931576386,0
2026-06-22,2026-06,ON,CATALYST,LONG,-38.08,0.930516735830345,0.3817490701612304,0
2026-06-23,2026-06,ON,BEAR_MOMENTUM,SHORT,8.4,0.39530614608840287,0.23503753045089443,0
2026-08-13,2026-08,ON,FISHFINDER_ADX_TREND,LONG,-3.04,0.02404801290668053,0.21453896774973458,0
2026-04-23,2026-04,ONDS,CATALYST,LONG,-65.33,-0.023746630615698046,-0.3391944736111923,0
2026-05-07,2026-05,ONDS,BEAR_MOMENTUM,SHORT,-6.06,-0.009942893058240171,-0.2808266057429666,0
2026-05-27,2026-05,ONDS,CATALYST,LONG,69.84,-0.00011090496002691408,0.15149467976360365,0
2026-05-28,2026-05,ONDS,CATALYST,LONG,58.5,-0.0875267420056915,-0.015990022112008673,0
2026-07-17,2026-07,ONDS,BEAR_MOMENTUM,SHORT,-7.05,-0.005846257971323765,0.054630453829596914,0
2026-07-22,2026-07,ONDS,CATALYST,LONG,0.0,0.05024895831186585,0.30860836219866694,0
2026-08-05,2026-08,ONDS,REGIME_RSI_REVERT,SHORT,-3.16,0.014576130176537846,0.29994234406998244,0
2026-06-12,2026-06,ONTO,CATALYST,LONG,13.08,-0.06799769079457363,0.2572288699822215,0
2026-07-09,2026-07,ONTO,CATALYST,LONG,-6.12,3.237170454492702,0.3365857666275459,0
2026-08-10,2026-08,ONTO,FISHFINDER_ADX_TREND,LONG,-4.24,-0.382806789148566,-0.17512705782810561,0
2026-04-15,2026-04,ORCL,MOMENTUM_TECH,LONG,0.27,1.0045398724702865,0.552225606541819,1
2026-04-17,2026-04,ORCL,FVG_FILL,LONG,1.12,-0.15304428412796311,-0.3807332185445159,0
2026-04-17,2026-04,ORCL,FVG_FILL,LONG,-0.14,0.24157624333489341,0.3566674534079396,0
2026-04-21,2026-04,ORCL,FVG_FILL,LONG,8.42,0.07220305258354426,0.7333086889329117,1
2026-04-22,2026-04,ORCL,FVG_FILL,LONG,3.84,-0.1832751775959629,0.10248110135801602,0
2026-05-04,2026-05,ORCL,FVG_FILL,LONG,10.9,0.7762034899113084,0.34172762679198376,0
2026-08-13,2026-08,ORCL,FISHFINDER_KELTNER_REVERT,SHORT,-2.0,-0.3735457873899266,-0.3730848991717791,0
2026-06-29,2026-06,OUST,CATALYST,LONG,-28.29,-0.10927094019457173,0.11652491802026821,0
2026-08-11,2026-08,OUST,CATALYST_OVERRIDE,LONG,-31.29,0.40825455697848634,0.42631282619689237,0
2026-08-05,2026-08,P,REGIME_RSI_REVERT,SHORT,-1.44,-0.04526641920917582,-0.4285664460701988,0
2026-08-10,2026-08,P,CATALYST,LONG,-3.41,-0.0848942396150445,0.12053199281236704,0
2026-08-11,2026-08,P,FISHFINDER_KELTNER_REVERT,SHORT,-13.78,-0.020176887588599757,-0.19497200133624237,0
2026-08-12,2026-08,P,FISHFINDER_KELTNER_REVERT,SHORT,-5.04,-0.16624758159667796,-0.29335940461808385,0
2026-04-17,2026-04,PANW,FVG_FILL,LONG,1.0,-0.05299140766193125,-0.2890732848378563,0
2026-05-29,2026-05,PANW,FVG_FILL,LONG,32.62,0.3973351458742731,0.26140758714810564,0
2026-08-11,2026-08,PANW,FISHFINDER_KELTNER_REVERT,SHORT,-2.94,-0.15815883182734608,-0.21222430085753108,0
2026-08-27,2026-08,PANW,FVG_FILL,LONG,-2.56,-0.3436309412000309,0.1429294792410878,0
2026-07-09,2026-07,PENG,CATALYST_OVERRIDE,LONG,10.56,0.5411791324324506,0.402324118780389,0
2026-08-05,2026-08,PI,REGIME_RSI_REVERT,SHORT,-1.56,0.09099624692957757,0.23245174341462538,0
2026-04-17,2026-04,PLTR,FVG_FILL,LONG,0.76,-0.07732160137618042,-0.2984540789664263,0
2026-04-20,2026-04,PLTR,FVG_FILL,LONG,2.08,-0.10218890950823428,-0.31437263018891765,0
2026-04-21,2026-04,PLTR,FVG_FILL,LONG,2.02,0.0070857448027847394,0.025354865949825722,0
2026-07-01,2026-07,PLTR,CATALYST_OVERRIDE,LONG,-0.56,0.19287377846370957,0.2906403265576638,0
2026-08-05,2026-08,PLTR,REGIME_ADX_TREND,LONG,-2.64,-0.23393997762763208,-0.33914306828968654,0
2026-08-07,2026-08,PLTR,REGIME_KELTNER_REVERT,SHORT,-1.76,-0.16056235241372097,-0.18659389006375537,0
2026-09-03,2026-09,PLTR,CATALYST_OVERRIDE,LONG,-2.55,-4.7279208184480837e-05,0.15451711637309784,0
2026-06-25,2026-06,POET,BEAR_MOMENTUM,SHORT,-14.56,0.08203159788640157,0.44173350910731596,0
2026-08-06,2026-08,POET,CATALYST_OVERRIDE,LONG,-54.88,0.004297256398710175,0.18696960656492634,0
2026-04-17,2026-04,QBTS,FVG_FILL,LONG,-11.7,0.026563878917659586,0.05205846362133604,0
2026-04-17,2026-04,QBTS,FVG_FILL,LONG,0.72,-0.013675830456705361,-0.5748169142192614,1
2026-04-17,2026-04,QBTS,FVG_FILL,LONG,-0.9,0.014137707118654363,0.216559934899617,0
2026-04-17,2026-04,QBTS,FVG_FILL,LONG,0.36,0.029479949052882582,0.6228404246044719,1
2026-04-20,2026-04,QBTS,FVG_FILL,LONG,2.85,-0.07690038949588988,-0.23793954305335335,0
2026-04-22,2026-04,QBTS,FVG_FILL,LONG,0.9,0.013750831514079957,0.6428333453853572,1
2026-04-30,2026-04,QBTS,FVG_FILL,LONG,23.4,-0.005955210016407433,0.4116935049610998,0
2026-05-15,2026-05,QBTS,BEAR_MOMENTUM,SHORT,-27.28,0.1894498464873281,0.3958172246384837,0
2026-05-19,2026-05,QBTS,BEAR_MOMENTUM,SHORT,1.96,0.07914905620834363,0.5465325987235685,1
2026-05-21,2026-05,QBTS,CATALYST,LONG,32.2,-0.0007566671228140809,0.3696902873392516,0
2026-05-22,2026-05,QBTS,CATALYST,LONG,63.2,0.08749397957086846,0.27082717282074975,0
2026-06-08,2026-06,QBTS,FVG_FILL,LONG,41.6,0.2085244292341848,0.44297187598251675,0
2026-07-07,2026-07,QBTS,BEAR_MOMENTUM,SHORT,-4.62,-0.07674961339538577,0.11125448927835069,0
2026-07-13,2026-07,QBTS,BEAR_MOMENTUM,SHORT,-15.98,0.034268526547705846,0.23134443645282982,0
2026-05-08,2026-05,QCOM,CATALYST,LONG,58.14,1.744308512917926,0.4868031436579977,0
2026-05-11,2026-05,QCOM,CATALYST,LONG,45.2,1.2112689345926508,0.2897189403284922,0
2026-05-22,2026-05,QCOM,FVG_FILL,LONG,-4.74,-0.8899644737621335,-0.30499597317517513,0
2026-05-29,2026-05,QCOM,FVG_FILL,LONG,-65.66,1.41335582417702,0.37926266148668153,0
2026-06-10,2026-06,QCOM,BEAR_MOMENTUM,SHORT,24.66,0.6748525769776806,0.45616749231772896,0
2026-06-23,2026-06,QCOM,BEAR_MOMENTUM,SHORT,24.8,0.15022681712887653,0.19707480757268814,0
2026-07-16,2026-07,QCOM,BEAR_MOMENTUM,SHORT,-2.1,-0.051479703758536166,0.09006096295510913,0
2026-06-03,2026-06,RBLX,BEAR_MOMENTUM,SHORT,-7.79,0.11375795652134382,0.4369883206754023,0
2026-08-31,2026-08,RBLX,CATALYST_OVERRIDE,LONG,-21.36,0.24920123301783947,0.5474790049217597,1
2026-04-17,2026-04,RBRK,FVG_FILL,LONG,-1.47,-0.04347235725416784,-0.3752065680833086,0
2026-04-21,2026-04,RBRK,FVG_FILL,LONG,0.28,0.09719777084280765,0.9665485190075374,1
2026-04-22,2026-04,RBRK,FVG_FILL,LONG,-2.31,0.030519508583533486,0.5597589624862043,1
2026-08-07,2026-08,RBRK,REGIME_KELTNER_REVERT,SHORT,-0.15,0.039327898212985046,-0.2589015783149262,0
2026-08-10,2026-08,RBRK,FISHFINDER_KELTNER_REVERT,SHORT,-4.34,0.051150082925386586,-0.2869520993541844,0
2026-08-11,2026-08,RBRK,FISHFINDER_KELTNER_REVERT,SHORT,8.96,-0.002305383942208694,0.06505440937545348,0
2026-08-14,2026-08,RBRK,FISHFINDER_KELTNER_REVERT,SHORT,0.0,0.18319777230291573,0.3456058063607029,0
2026-04-23,2026-04,RDW,CATALYST,LONG,-59.84,-0.07605561924821483,-0.30326401953304793,0
2026-05-11,2026-05,RDW,CATALYST,LONG,8.15,0.10812829904533408,0.5776000918896402,1
2026-05-14,2026-05,RDW,FVG_FILL,LONG,33.11,0.10590959262917071,0.30936423286131787,0
2026-05-22,2026-05,RDW,FVG_FILL,LONG,28.56,0.06958459898628466,0.3240165668088819,0
2026-05-27,2026-05,RDW,CATALYST,LONG,-29.52,-0.07860873012843156,-0.0445633416172706,0
2026-05-28,2026-05,RDW,CATALYST,LONG,-15.96,0.06192366820773881,0.4659741286592659,0
2026-06-04,2026-06,RDW,FVG_FILL,LONG,34.56,-0.09310651522726279,-0.21502065344352445,0
2026-08-06,2026-08,RDW,REGIME_ADX_TREND,LONG,35.7,0.0868831322805933,0.4255114701613115,0
2026-08-07,2026-08,RDW,REGIME_RSI_REVERT,SHORT,-7.02,-0.04561834418587374,-0.12917757720221779,0
2026-08-10,2026-08,RDW,FISHFINDER_KELTNER_REVERT,SHORT,-3.12,0.013975055666254645,0.09629172415345721,0
2026-04-22,2026-04,RGTI,FVG_FILL,LONG,-14.49,-0.0038970947893099336,0.3363094997724777,0
2026-07-23,2026-07,RIOT,CATALYST_OVERRIDE,LONG,-9.2,0.14582741588682202,0.3770374032045223,0
2026-07-30,2026-07,RIOT,CATALYST,LONG,-11.55,0.23317560759638345,0.2609505141506687,0
2026-05-01,2026-05,RIVN,BEAR_MOMENTUM,SHORT,-18.88,-0.0013945662581651141,0.42636421662375823,0
2026-05-04,2026-05,RIVN,BEAR_MOMENTUM,SHORT,-12.3,-0.014050234227141946,-0.13918124492136508,0
2026-07-02,2026-07,RIVN,CATALYST_OVERRIDE,LONG,-9.88,-0.007539996234768087,0.07661260610664866,0
2026-07-06,2026-07,RIVN,CATALYST,LONG,14.16,0.07531018707961644,0.5785377938599929,1
2026-07-09,2026-07,RIVN,CATALYST_OVERRIDE,LONG,11.2,0.0704965243480613,0.30577548712027824,0
2026-04-30,2026-04,RKLB,FVG_FILL,LONG,-20.58,0.044793103634839515,0.4833806187150541,0
2026-05-08,2026-05,RKLB,FVG_FILL,LONG,37.8,1.7673654323993118,0.46841795724704893,0
2026-05-11,2026-05,RKLB,CATALYST,LONG,46.58,0.8697651300379352,0.4430619511427375,0
2026-05-13,2026-05,RKLB,FVG_FILL,LONG,3.78,-0.24958614217125386,-0.026043426075248677,0
2026-05-22,2026-05,RKLB,FVG_FILL,LONG,-10.65,0.12289464517749638,0.14778741038987442,0
2026-07-07,2026-07,RKLB,BEAR_MOMENTUM,SHORT,16.8,0.6693842844045954,0.40413313767018955,0
2026-08-10,2026-08,RKLB,FISHFINDER_ADX_TREND,LONG,-2.56,-0.07211757827408,-0.11995221302625808,0
2026-08-13,2026-08,RKLB,FISHFINDER_ADX_TREND,LONG,-14.96,-0.04997799586666418,0.03674579611706952,0
2026-04-17,2026-04,RKT,FVG_FILL,LONG,-1.2,0.00368429709733524,0.009345574762549824,0
2026-04-20,2026-04,RKT,FVG_FILL,LONG,0.0,-0.0014390777967604185,0.04799880116666444,0
2026-04-22,2026-04,RKT,FVG_FILL,LONG,-13.68,-0.029507120416269544,-0.16049401774056343,0
2026-04-22,2026-04,RKT,FVG_FILL,LONG,-11.5,0.007554650282040276,-0.28546397992336364,0
2026-06-17,2026-06,SAIA,BEAR_MOMENTUM,SHORT,27.04,0.765375497387176,0.5843606539547489,1
2026-08-07,2026-08,SAIC,REGIME_KELTNER_REVERT,SHORT,-4.18,-0.03328057537723933,-0.41167994907332506,0
2026-08-05,2026-08,SHOP,REGIME_KELTNER_REVERT,SHORT,-4.95,-0.0611008737659402,-0.17309640939285442,0
2026-08-07,2026-08,SHOP,REGIME_KELTNER_REVERT,SHORT,-1.8,0.09425089213776949,0.48774379702235593,0
2026-08-06,2026-08,SITM,REGIME_ADX_TREND,LONG,37.5,11.856832552318739,0.35109013919182575,0
2026-08-07,2026-08,SITM,REGIME_KELTNER_REVERT,SHORT,-1.13,-3.89055993663672,-0.21427694338277103,0
2026-04-17,2026-04,SMCI,FVG_FILL,LONG,0.0,-0.002837699246742681,-0.19092520100207344,0
2026-05-06,2026-05,SMCI,FVG_FILL,LONG,37.4,0.1283830133222943,0.17387512539980854,0
2026-05-20,2026-05,SMCI,FVG_FILL,LONG,20.54,0.1569208780338195,0.46370771953469214,0
2026-05-22,2026-05,SMCI,FVG_FILL,LONG,15.17,0.04407853763848246,0.30289711411427134,0
2026-05-28,2026-05,SMCI,CATALYST,LONG,-0.96,0.2466859035011102,0.4538823140369106,0
2026-05-29,2026-05,SMCI,FVG_FILL,LONG,-67.51,0.4394117423141215,0.2941003733471369,0
2026-06-10,2026-06,SMCI,BEAR_MOMENTUM,SHORT,21.2,0.046258200870273214,0.26816373091394746,0
2026-07-22,2026-07,SMCI,CATALYST_OVERRIDE,LONG,11.47,0.021164954377068224,0.19897302636913516,0
2026-07-23,2026-07,SMCI,CATALYST_OVERRIDE,LONG,-15.19,0.09117773264100726,0.34478480328108363,0
2026-08-12,2026-08,SMCI,CATALYST_OVERRIDE,LONG,25.38,-0.06660860930142681,0.2458592148814176,0
2026-08-13,2026-08,SMCI,FISHFINDER_KELTNER_REVERT,SHORT,-10.15,-0.1458347848864241,-0.3579073061396274,0
2026-05-08,2026-05,SMH,FVG_FILL,LONG,16.5,1.916466486739063,0.39116689184508635,0
2026-06-08,2026-06,SMH,FVG_FILL,LONG,2.96,0.7153772533002822,0.27050829753639716,0
2026-06-22,2026-06,SMTC,CATALYST,LONG,67.34,0.7837347334056748,0.3569273996550907,0
2026-08-17,2026-08,SMTC,CATALYST_OVERRIDE,LONG,-5.4,0.04410061901238649,0.2347470691754986,0
2026-04-17,2026-04,SOUN,FVG_FILL,LONG,-8.33,0.01936445490762955,0.3231114188692529,0
2026-04-17,2026-04,SOUN,FVG_FILL,LONG,7.0,0.006988475860486874,0.10070763294098373,0
2026-04-17,2026-04,SOUN,FVG_FILL,LONG,0.0,0.011309660858223748,0.3222643591200267,0
2026-04-20,2026-04,SOUN,FVG_FILL,LONG,2.94,-0.002216506930215613,0.4183946888789807,0
2026-04-21,2026-04,SOUN,FVG_FILL,LONG,-17.48,0.00211610968154307,0.47021309913988363,0
2026-04-22,2026-04,SOUN,CATALYST,LONG,5.88,0.0050959310514924715,0.5021154995410819,1
2026-06-03,2026-06,SOUN,BEAR_MOMENTUM,SHORT,16.9,0.05288831424812722,0.2900077286028171,0
2026-07-17,2026-07,SOUN,BEAR_MOMENTUM,SHORT,-98.01,-0.0008387533650329251,0.21979689257143825,0
2026-08-07,2026-08,SOUN,REGIME_KELTNER_REVERT,SHORT,14.64,-0.04109122642827283,-0.3072387742704088,0
2026-08-21,2026-08,TGTX,CATALYST_OVERRIDE,LONG,-30.94,0.26504004970748385,0.30037561422709835,0
2026-08-05,2026-08,THC,REGIME_RSI_REVERT,SHORT,-1.76,0.1567932547106643,0.08229831577121982,0
2026-04-17,2026-04,TOST,FVG_FILL,LONG,2.73,0.010047210696495924,0.026444643021988123,0
2026-04-20,2026-04,TOST,FVG_FILL,LONG,-2.99,0.013088686789200596,0.3874780351749618,0
2026-04-21,2026-04,TOST,FVG_FILL,LONG,-2.6,0.02363671944659694,0.39966900933388216,0
2026-04-22,2026-04,TOST,FVG_FILL,LONG,0.0,-0.0012865910649998962,0.26254645302990876,0
2026-05-12,2026-05,TOST,BEAR_MOMENTUM,SHORT,6.16,0.09952271939288326,0.308051891744467,0
2026-08-05,2026-08,TOST,REGIME_RSI_REVERT,SHORT,-0.8,-0.0030472080054926003,0.1346735183391613,0
2026-08-06,2026-08,TOST,REGIME_RSI_REVERT,SHORT,-2.6,0.008038995424618181,0.038052309590409894,0
2026-08-05,2026-08,TPR,REGIME_RSI_REVERT,SHORT,-1.72,0.03655048474335104,0.29241377144974395,0
2026-08-07,2026-08,TPR,REGIME_KELTNER_REVERT,SHORT,-2.16,0.09548945175652931,0.23939734215193165,0
2026-04-17,2026-04,TSLA,FVG_FILL,LONG,0.04,-0.24111173500683125,-0.20229992620096682,0
2026-06-05,2026-06,TSLA,BEAR_MOMENTUM,SHORT,17.08,-0.21514019868395717,0.49771483419476964,0
2026-08-31,2026-08,TSLA,CATALYST_OVERRIDE,LONG,-2.3,-0.1846097434866234,0.25710831846122917,0
2026-08-06,2026-08,TTMI,CATALYST_OVERRIDE,LONG,-33.54,-0.5108280813543458,-0.2817404199917577,0
2026-08-07,2026-08,TWLO,REGIME_KELTNER_REVERT,SHORT,-15.7,-0.8559103530970287,-0.21646330717482898,0
2026-08-10,2026-08,TWLO,FISHFINDER_KELTNER_REVERT,SHORT,-13.8,-1.6460142420635286,-0.608513277312287,1
2026-04-17,2026-04,UBER,FVG_FILL,LONG,-0.9,0.016488475349455717,0.03722662084126116,0
2026-08-05,2026-08,UFPT,REGIME_ADX_TREND,LONG,-11.0,-1.361744653082134,-0.323540387310265,0
2026-07-08,2026-07,UPST,BEAR_MOMENTUM,SHORT,-23.94,-0.024894033982509445,0.6959466365867563,1
2026-07-17,2026-07,UPST,BEAR_MOMENTUM,SHORT,-7.5,0.1165660297962271,0.44038772052563524,0
2026-08-05,2026-08,UPST,REGIME_ADX_TREND,LONG,-7.74,0.129450876097345,0.282131138977441,0
2026-04-17,2026-04,USAR,FVG_FILL,LONG,3.4,-0.008098692518656206,-0.20466655865110434,0
2026-04-24,2026-04,USAR,FVG_FILL,LONG,40.68,0.06729239939251544,0.48036830885653947,0
2026-04-27,2026-04,USAR,FVG_FILL,LONG,-15.96,-0.01013222230269542,0.24811710147564414,0
2026-04-30,2026-04,USAR,FVG_FILL,LONG,43.2,-0.04641662007137,0.027539349189755535,0
2026-05-18,2026-05,USAR,BEAR_MOMENTUM,SHORT,40.8,0.19591292468732857,0.44790547233317995,0
2026-05-19,2026-05,USAR,BEAR_MOMENTUM,SHORT,10.68,0.11258402008759211,0.39584182105120114,0
2026-07-07,2026-07,USAR,BEAR_MOMENTUM,SHORT,14.0,0.15358873229121528,0.45463730814690617,0
2026-08-10,2026-08,USAR,FISHFINDER_ADX_TREND,LONG,-2.13,0.026841979643585083,0.2141366389635011,0
2026-08-21,2026-08,USAR,CATALYST_OVERRIDE,LONG,19.08,0.05681284720416424,0.33189001096948445,0
2026-04-17,2026-04,UUUU,FVG_FILL,LONG,-12.24,-0.03619526604594388,-0.023382162764225556,0
2026-04-17,2026-04,UUUU,FVG_FILL,LONG,-2.09,-0.009925070793747881,-0.5522177597169812,1
2026-04-20,2026-04,UUUU,FVG_FILL,LONG,1.71,0.08116953352589917,0.4408654592292921,0
2026-04-22,2026-04,UUUU,FVG_FILL,LONG,24.84,0.008135341690068871,0.7013968702906768,1
2026-04-27,2026-04,UUUU,FVG_FILL,LONG,7.56,0.014492740750169694,0.19121842998750793,0
2026-05-12,2026-05,UUUU,BEAR_MOMENTUM,SHORT,56.28,0.0778021774820612,0.21503725748919494,0
2026-05-15,2026-05,UUUU,BEAR_MOMENTUM,SHORT,16.32,0.08302173327633205,0.3613500275339151,0
2026-05-19,2026-05,UUUU,BEAR_MOMENTUM,SHORT,24.84,0.0701027468701088,0.41524554900345734,0
2026-08-10,2026-08,UUUU,FISHFINDER_ADX_TREND,LONG,-8.82,-0.01424256816868942,-0.04521604166916815,0
2026-08-06,2026-08,VECO,REGIME_ADX_TREND,LONG,3.25,0.23872298101225478,0.47596608822121556,0
2026-05-01,2026-05,VIAV,CATALYST,LONG,50.04,0.27472765396740845,0.34716083652173557,0
2026-06-12,2026-06,VIAV,CATALYST,LONG,-23.94,-0.10560751965832615,0.1958906697334062,0
2026-08-13,2026-08,VIAV,FISHFINDER_ADX_TREND,LONG,-1.92,0.002443804525728094,0.20974355822243673,0
2026-08-21,2026-08,VIRT,CATALYST_OVERRIDE,LONG,4.62,-0.01854881499708816,0.2770708929550737,0
2026-04-17,2026-04,VST,FVG_FILL,LONG,-1.46,0.02382752054178583,0.1956847062519088,0
2026-04-20,2026-04,VST,FVG_FILL,LONG,-1.84,-0.08983288072879086,-0.3472498847411817,0
2026-04-21,2026-04,VST,FVG_FILL,LONG,-12.08,0.025811527722202743,-0.039520379423392815,0
2026-04-22,2026-04,VST,FVG_FILL,LONG,-7.14,0.2291417025996451,0.9684330323787433,1
2026-05-12,2026-05,VST,BEAR_MOMENTUM,SHORT,-2.52,0.4877043000539837,0.3277041082580495,0
2026-05-13,2026-05,VST,BEAR_MOMENTUM,SHORT,-33.48,0.6888512590538092,0.3755537199693221,0
2026-05-22,2026-05,VST,FVG_FILL,LONG,-10.53,-0.1112335536806347,0.3703245650077094,0
2026-07-14,2026-07,VST,FVG_FILL,LONG,-10.44,-0.39456635898813364,-0.08262118284330483,0
2026-08-05,2026-08,WCC,REGIME_RSI_REVERT,SHORT,-1.35,0.1143135877751964,0.4632408730788241,0
2026-07-30,2026-07,WDC,CATALYST,LONG,-15.74,6.40754293093323,0.40152016691271,0
2026-07-29,2026-07,WULF,BEAR_MOMENTUM,SHORT,-2.24,0.07003297113075148,0.35109673400603875,0
2026-05-07,2026-05,XBI,BEAR_MOMENTUM,SHORT,-7.41,-0.12409826269541369,-0.007587416567612304,0
2026-07-14,2026-07,ZS,CATALYST_OVERRIDE,LONG,27.24,0.5735492258866817,0.3243050487150928,0
