date,trade_idx,side,entry_time,pnl,win,ovn_pos,daily_bias,range_consumed,fib_dist,golden_zone,rsi_1h,hurst,poc_above,poc_dist,mtf_1h_bull,mtf_4h_bull,mtf_aligned,atr,fib_runway,fib_floor,fib_density,above_P,above_P_pts,near_golden,struct_rr
2025-01-02,0,LONG,10:50,-213.24,0,0.614,BOTH,0.453,17.25,0,52.42,0.3781,0,-144.5,0,0,0,70.7,99.8,134.8,1,1,17.2,0,0.74
2025-01-02,1,LONG,11:30,-0.74,0,0.614,BOTH,0.811,2.5,0,47.17,0.3564,0,-164.2,0,0,0,63.8,119.5,115.1,1,0,-2.5,0,1.04
2025-01-03,0,LONG,10:30,-0.74,0,0.942,LONG,0.914,19.42,0,68.03,0.2978,1,130.5,1,1,1,66.5,19.4,332.6,1,1,156.6,0,0.06
2025-01-03,1,LONG,10:45,-0.74,0,0.942,LONG,1.364,2.58,0,72.44,0.2823,1,152.5,1,1,1,60.7,36.1,354.6,2,1,178.6,0,0.1
2025-01-06,0,LONG,10:35,-0.74,0,0.901,LONG,2.814,81.33,0,99.51,0.0791,1,464.0,1,1,1,43.0,81.3,515.7,0,1,405.1,0,0.16
2025-01-06,1,LONG,11:50,-68.24,0,0.901,LONG,5.888,70.83,0,98.1,0.0633,1,474.5,1,1,1,22.3,70.8,526.2,0,1,415.6,0,0.13
2025-01-08,0,LONG,10:35,-0.74,0,0.593,BOTH,0.431,13.84,1,40.04,-0.0996,0,-330.0,0,0,0,70.2,338.1,39.1,2,0,-185.2,0,8.65
2025-01-08,1,LONG,11:10,-0.74,0,0.593,BOTH,0.377,3.84,1,42.13,-0.1032,0,-320.0,0,0,0,53.7,328.1,49.1,1,0,-175.2,0,6.68
2025-01-10,0,LONG,10:30,165.26,1,0.431,BOTH,2.353,5.17,0,27.97,-0.1839,0,-304.2,0,0,0,69.5,372.1,125.9,1,0,-270.7,0,2.96
2025-01-10,1,SHORT,11:05,-0.74,0,0.431,BOTH,3.636,54.92,0,20.72,-0.1863,0,-375.2,0,0,1,64.5,54.9,443.1,0,0,-341.7,0,0.12
2025-01-15,0,LONG,10:30,-137.24,0,0.817,BOTH,2.824,3.67,0,92.56,-0.0256,1,419.2,1,1,1,45.3,999.0,619.3,1,1,483.3,0,
2025-01-15,1,LONG,13:00,147.26,1,0.817,BOTH,4.105,23.08,0,86.9,-0.0574,1,392.5,1,1,1,24.7,23.1,592.6,1,1,456.6,0,0.04
2025-01-16,0,LONG,10:55,-0.74,0,0.665,BOTH,1.41,25.61,0,52.02,-0.2383,1,194.8,0,1,0,49.8,25.6,155.5,1,1,70.8,0,0.16
2025-01-16,1,LONG,11:25,-132.74,0,0.665,BOTH,2.008,43.36,0,50.71,-0.1549,1,177.0,0,1,0,43.8,43.4,137.8,0,1,53.0,0,0.31
2025-01-17,0,LONG,10:30,154.76,1,0.935,LONG,1.681,27.39,0,82.0,-0.0774,1,97.5,1,1,1,58.0,62.7,263.1,1,1,173.1,0,0.24
2025-01-17,1,LONG,11:40,-85.74,0,0.935,LONG,1.589,9.92,0,85.29,-0.1372,1,150.2,1,1,1,28.2,9.9,315.9,1,1,225.8,0,0.03
2025-01-21,0,LONG,10:40,44.26,1,0.831,BOTH,1.323,23.4,0,56.73,-0.5006,1,35.0,0,0,0,56.5,23.4,122.9,1,1,49.8,0,0.19
2025-01-22,0,LONG,10:45,-87.74,0,0.909,LONG,4.197,34.25,0,85.78,0.1382,1,426.8,1,1,1,28.8,34.2,455.2,1,1,361.0,0,0.08
2025-01-22,1,LONG,11:05,94.76,1,0.909,LONG,4.151,45.25,0,80.78,0.1926,1,415.8,1,1,1,26.5,45.2,444.2,0,1,350.0,0,0.1
2025-01-24,0,LONG,11:40,-58.74,0,0.832,BOTH,0.835,15.42,0,46.53,-0.02,1,108.2,1,1,1,19.2,29.4,133.7,4,1,88.8,0,0.22
2025-01-29,0,SHORT,11:10,-0.74,0,0.414,BOTH,2.653,34.83,0,37.63,-0.1278,1,218.2,0,0,1,38.2,197.2,142.9,1,1,34.8,0,1.38
2025-01-29,1,SHORT,13:05,-0.74,0,0.414,BOTH,4.167,4.92,0,30.37,-0.354,1,178.5,0,0,1,33.8,157.4,182.6,1,0,-4.9,0,0.86
2025-01-30,0,LONG,11:50,-133.24,0,0.812,BOTH,1.08,12.04,0,45.57,-0.0315,1,160.0,0,1,0,44.0,12.0,198.1,3,1,107.1,0,0.06
2025-01-30,1,LONG,13:30,165.26,1,0.812,BOTH,2.657,9.93,0,43.78,-0.0557,1,134.0,0,0,0,27.7,9.9,172.1,2,1,81.1,0,0.06
2025-01-31,0,LONG,10:40,-0.74,0,0.828,BOTH,3.573,36.67,0,69.6,-0.1475,1,287.8,1,1,1,37.5,36.7,419.0,1,1,293.1,0,0.09
2025-01-31,1,LONG,11:40,20.26,1,0.828,BOTH,4.537,49.67,0,70.51,-0.1251,1,274.8,1,1,1,26.7,49.7,406.0,0,1,280.1,0,0.12
2025-02-03,0,LONG,10:30,-0.74,0,0.422,BOTH,1.979,58.25,0,75.53,0.0284,0,-520.5,1,0,0,77.8,468.0,82.5,0,0,-327.2,0,5.67
2025-02-03,1,LONG,10:45,-0.74,0,0.422,BOTH,2.466,17.0,0,77.16,-0.0134,0,-479.2,1,0,0,79.2,426.8,123.8,2,0,-286.0,0,3.45
2025-02-04,0,LONG,10:50,-0.74,0,0.504,BOTH,6.04,30.33,0,62.34,0.1024,1,433.8,1,1,1,37.8,123.1,437.1,2,1,283.7,0,0.28
2025-02-04,1,LONG,11:50,-82.74,0,0.504,BOTH,8.567,34.58,0,67.53,0.0123,1,438.0,1,1,1,27.2,118.8,441.3,2,1,287.9,0,0.27
2025-02-05,0,LONG,10:30,-0.74,0,0.46,BOTH,0.635,5.67,0,51.35,-0.3237,0,-59.8,1,1,1,44.5,116.4,104.7,1,0,-5.7,0,1.11
2025-02-05,1,LONG,11:20,200.76,1,0.46,BOTH,0.913,3.17,0,52.56,-0.2745,0,-57.2,1,1,1,33.7,113.9,107.2,1,0,-3.2,0,1.06
2025-02-06,0,LONG,10:30,-0.74,0,0.557,BOTH,0.82,1.06,0,56.42,0.0436,1,269.5,1,1,1,32.3,2.2,238.8,3,1,150.0,0,0.01
2025-02-06,1,LONG,11:05,-2.24,0,0.557,BOTH,0.35,12.94,0,51.51,-0.1312,1,255.5,1,1,1,35.7,12.9,224.8,3,1,136.0,1,0.06
2025-02-10,0,LONG,10:30,-94.74,0,0.928,LONG,3.361,14.86,0,87.55,-0.0238,1,50.2,1,1,1,31.2,33.4,327.1,3,1,171.0,0,0.1
2025-02-10,1,LONG,13:00,8.76,1,0.928,LONG,6.321,13.36,0,86.96,-0.0764,1,48.8,1,1,1,16.3,34.9,325.6,3,1,169.5,0,0.11
2025-02-12,0,SHORT,11:25,-118.24,0,0.12,SHORT,2.929,28.91,0,39.44,0.1584,0,-75.2,0,0,1,39.0,36.4,199.9,2,0,-134.6,0,0.18
2025-02-13,0,LONG,10:30,92.26,1,0.669,BOTH,2.456,43.5,0,62.53,-0.3607,1,425.8,1,1,1,49.7,43.5,367.2,0,1,259.8,0,0.12
2025-02-13,1,LONG,10:50,-116.74,0,0.669,BOTH,4.331,1.25,0,66.33,-0.2883,1,470.5,1,1,1,38.5,194.5,412.0,1,1,304.5,0,0.47
2025-02-18,0,LONG,11:05,-15.24,0,0.549,BOTH,1.846,8.61,0,40.1,-0.1294,1,78.5,0,0,0,34.0,8.6,82.1,5,1,36.8,0,0.1
2025-02-20,0,SHORT,10:40,125.26,1,0.639,BOTH,3.082,13.17,0,35.92,0.2164,0,-132.2,0,0,1,49.0,13.2,238.0,1,0,-168.6,0,0.06
2025-02-20,1,SHORT,11:55,-100.24,0,0.639,BOTH,5.424,14.83,0,30.35,0.2105,0,-160.2,0,0,1,33.0,57.3,266.0,1,0,-196.6,0,0.22
2025-02-21,0,SHORT,11:50,121.76,1,0.581,BOTH,6.113,11.5,0,28.46,-0.2014,0,-24.5,0,0,1,35.5,11.5,228.5,3,0,-123.0,0,0.05
2025-02-24,0,SHORT,10:40,-0.74,0,0.627,BOTH,4.596,31.75,0,25.38,0.0306,0,-682.2,0,0,1,59.7,150.8,553.0,1,0,-370.5,0,0.27
2025-02-24,1,LONG,11:25,-0.74,0,0.627,BOTH,3.881,4.62,1,34.63,0.0743,0,-567.8,0,0,0,41.2,438.5,4.6,1,0,-256.0,0,95.33
2025-02-25,0,SHORT,11:05,121.76,1,0.63,BOTH,5.054,43.25,0,22.44,-0.0409,0,-458.0,0,0,1,63.2,43.2,665.2,0,0,-525.8,0,0.06
2025-02-25,1,LONG,11:55,201.26,1,0.63,BOTH,4.314,62.25,0,30.8,0.0101,0,-359.5,0,0,0,51.2,566.7,141.8,0,0,-427.2,0,4.0
2025-02-26,0,LONG,10:30,-0.74,0,0.512,BOTH,1.327,41.31,0,72.01,-0.2273,1,255.5,1,1,1,55.0,41.3,269.6,0,1,114.2,0,0.15
2025-02-27,0,SHORT,11:00,-223.74,0,0.842,BOTH,4.17,7.0,0,36.91,0.2426,0,-185.8,0,0,1,74.2,7.0,297.3,2,0,-165.5,0,0.02
2025-02-27,1,LONG,11:20,-186.74,0,0.842,BOTH,3.42,64.04,0,45.94,0.2749,0,-88.0,0,0,0,61.8,199.5,64.0,0,0,-67.8,0,3.12
2025-02-28,0,LONG,10:30,-245.24,0,0.434,BOTH,1.94,55.16,0,63.72,-0.229,0,-204.0,1,0,0,81.3,428.9,55.2,0,0,-198.6,0,7.77
2025-02-28,1,LONG,11:35,-0.74,0,0.434,BOTH,2.241,15.41,0,62.88,-0.1626,0,-243.8,1,0,0,52.7,468.7,15.4,1,0,-238.3,0,30.44
2025-03-03,0,LONG,10:30,-0.74,0,0.829,BOTH,1.33,28.08,0,50.39,0.0553,1,345.5,0,1,0,80.8,28.1,408.3,1,1,289.4,0,0.07
2025-03-03,1,LONG,10:50,-0.74,0,0.829,BOTH,1.585,47.08,0,48.79,-0.0889,1,326.5,0,1,0,79.8,47.1,389.3,0,1,270.4,0,0.12
2025-03-05,0,SHORT,10:30,-0.74,0,0.167,SHORT,0.65,97.25,0,37.3,-0.1379,1,33.2,0,0,1,86.2,97.2,340.9,0,0,-109.5,0,0.29
2025-03-05,1,SHORT,11:00,179.76,1,0.167,SHORT,0.845,84.5,0,39.1,-0.1134,1,20.5,0,0,1,81.3,84.5,353.6,0,0,-122.2,0,0.24
2025-03-06,0,SHORT,11:35,-0.74,0,0.032,SHORT,0.682,1.07,0,33.14,-0.0693,0,-19.0,0,0,1,64.2,59.2,391.1,2,0,-196.1,0,0.15
2025-03-06,1,SHORT,11:50,187.26,1,0.032,SHORT,0.396,8.58,0,30.38,-0.028,0,-86.8,0,0,1,60.7,51.7,458.8,1,0,-263.8,0,0.11
2025-03-07,0,SHORT,10:30,-0.74,0,0.042,SHORT,1.04,7.08,0,28.42,-0.0564,0,-325.0,0,0,1,81.5,36.1,457.3,2,0,-262.3,0,0.08
2025-03-07,1,SHORT,10:45,84.76,1,0.042,SHORT,0.062,22.68,0,33.81,0.0294,0,-235.0,0,0,1,85.3,22.7,367.3,1,0,-172.3,0,0.06
2025-03-10,0,SHORT,10:30,148.76,1,0.058,SHORT,3.331,58.17,0,19.26,-0.1666,0,-365.0,0,0,1,73.3,58.2,643.5,0,0,-449.6,0,0.09
2025-03-10,1,SHORT,11:00,-188.74,0,0.058,SHORT,5.028,11.83,0,11.07,-0.1793,0,-435.0,0,0,1,62.5,174.8,713.5,1,0,-519.6,0,0.24
2025-03-11,0,LONG,11:15,106.26,1,0.631,BOTH,0.534,35.5,0,61.31,-0.3636,0,-372.0,1,0,0,95.5,270.2,205.3,1,0,-35.5,0,1.32
2025-03-11,1,LONG,11:50,-247.24,0,0.631,BOTH,0.976,6.5,0,62.46,-0.3483,0,-343.0,1,0,0,82.0,241.2,234.3,1,0,-6.5,0,1.03
2025-03-12,0,SHORT,11:05,-203.74,0,0.779,BOTH,3.967,60.0,0,47.06,-0.0638,0,-54.8,0,0,1,67.5,125.8,245.8,0,0,-60.0,0,0.51
2025-03-12,1,LONG,11:45,-0.74,0,0.779,BOTH,1.548,66.84,0,58.24,-0.0075,1,124.2,1,1,1,57.3,66.8,304.8,0,1,119.0,0,0.22
2025-03-13,0,SHORT,10:45,80.26,1,0.591,BOTH,2.11,4.79,0,35.36,0.118,0,-205.0,0,0,1,73.0,4.8,331.9,2,0,-186.1,0,0.01
2025-03-13,1,SHORT,11:25,101.76,1,0.591,BOTH,3.676,14.91,0,32.97,-0.0153,0,-269.8,0,0,1,59.5,130.9,396.7,1,0,-250.8,0,0.33
2025-03-14,0,LONG,10:35,-0.74,0,0.763,BOTH,1.235,6.92,0,77.35,0.1193,1,174.5,1,1,1,67.0,11.2,351.8,3,1,194.6,0,0.03
2025-03-14,1,LONG,11:00,-0.74,0,0.763,BOTH,2.81,27.53,0,82.83,0.1353,1,261.8,1,1,1,60.5,129.7,439.0,1,1,281.8,0,0.3
2025-03-17,0,LONG,13:20,125.76,1,0.667,BOTH,1.153,15.9,0,69.05,0.0886,1,255.8,1,1,1,33.8,17.9,221.2,2,1,125.2,0,0.08
2025-03-17,1,LONG,13:55,126.26,1,0.667,BOTH,3.914,9.5,0,73.82,0.1251,1,330.2,1,1,1,29.0,86.5,295.8,2,1,199.8,0,0.29
2025-03-18,0,SHORT,10:30,-0.74,0,0.069,SHORT,3.46,3.0,0,24.83,0.0955,0,-254.5,0,0,1,54.8,120.2,460.1,1,0,-333.8,0,0.26
2025-03-18,1,SHORT,11:00,-146.74,0,0.069,SHORT,5.531,41.75,0,21.09,0.0751,0,-333.0,0,0,1,48.5,41.8,538.6,0,0,-412.2,0,0.08
2025-03-19,0,LONG,10:30,126.26,1,0.949,LONG,1.465,2.24,0,61.66,-0.0207,1,45.5,1,1,1,43.0,2.2,221.2,3,1,109.5,0,0.01
2025-03-19,1,LONG,13:00,-75.24,0,0.949,LONG,3.304,9.5,0,61.67,-0.0151,1,64.0,1,1,1,24.7,9.5,239.7,3,1,128.0,0,0.04
2025-03-20,0,SHORT,11:55,225.76,1,0.149,SHORT,5.293,6.83,0,47.4,0.1129,1,196.8,0,1,0,37.8,165.7,158.4,1,1,6.8,0,1.05
2025-03-20,1,SHORT,13:20,-0.74,0,0.149,SHORT,2.25,56.92,0,36.42,0.0788,1,88.0,0,0,1,40.7,56.9,267.1,0,0,-101.9,0,0.21
2025-03-24,0,LONG,10:30,-0.74,0,0.871,LONG,1.959,134.42,0,85.18,-0.4475,1,717.2,1,1,1,37.0,999.0,758.8,0,1,627.1,0,
2025-03-24,1,LONG,11:05,-79.24,0,0.871,LONG,4.067,167.67,0,90.21,-0.4233,1,750.5,1,1,1,26.0,999.0,792.0,0,1,660.3,0,
2025-03-25,0,LONG,10:30,84.76,1,0.705,BOTH,0.846,0.58,0,63.99,-0.1666,1,182.0,1,1,1,37.8,0.6,162.2,4,1,102.1,0,0.0
2025-03-25,1,LONG,11:50,-0.74,0,0.705,BOTH,2.17,7.92,0,63.4,-0.1723,1,190.5,1,1,1,18.7,52.2,170.7,3,1,110.6,0,0.31
2025-03-26,0,SHORT,10:30,-0.74,0,0.103,SHORT,3.386,11.25,0,18.65,0.1203,0,-113.0,0,0,1,45.3,54.2,196.4,1,0,-145.2,0,0.28
2025-03-26,1,SHORT,11:35,151.26,1,0.103,SHORT,6.363,20.0,0,19.06,0.019,0,-121.8,0,0,1,25.5,45.5,205.2,1,0,-154.0,0,0.22
2025-03-27,0,SHORT,11:40,-0.74,0,0.178,SHORT,1.321,48.03,0,48.58,0.1624,0,-179.5,0,0,1,34.8,48.0,268.8,0,0,-117.7,0,0.18
2025-03-27,1,SHORT,13:25,-106.24,0,0.178,SHORT,0.543,16.97,0,37.2,0.0742,0,-244.5,0,0,1,35.0,34.2,333.8,2,0,-182.7,0,0.1
2025-03-31,0,SHORT,10:30,55.26,1,0.141,SHORT,0.143,38.75,0,44.96,-0.078,0,-637.5,0,0,1,68.3,38.8,643.5,1,0,-463.0,0,0.06
2025-03-31,1,SHORT,10:40,-185.24,0,0.141,SHORT,1.015,13.75,0,39.11,-0.1074,0,-690.0,0,0,1,61.3,307.5,696.0,1,0,-515.5,0,0.44
2025-04-01,0,LONG,10:35,148.76,1,0.425,BOTH,0.457,42.73,0,58.99,0.1802,1,307.2,1,1,1,65.2,42.7,292.9,0,1,133.1,0,0.15
2025-04-01,1,LONG,11:00,123.26,1,0.425,BOTH,2.324,10.71,0,64.89,0.2339,1,415.0,1,1,1,59.2,43.6,400.7,1,1,240.8,0,0.11
2025-04-03,0,SHORT,10:30,79.76,1,0.087,SHORT,0.387,123.67,0,44.36,0.0652,0,-687.0,0,0,1,79.5,123.7,942.1,0,0,-723.2,0,0.13
2025-04-03,1,SHORT,10:50,86.76,1,0.087,SHORT,2.135,14.92,0,39.61,0.0793,0,-795.8,0,0,1,65.3,14.9,1050.8,1,0,-831.9,0,
2025-04-08,0,LONG,10:30,-267.24,0,0.966,LONG,1.827,15.83,0,74.49,-0.0251,1,623.2,1,1,1,88.7,15.8,1455.2,2,1,810.8,0,
2025-04-09,0,LONG,11:30,-0.74,0,0.684,BOTH,1.49,186.73,0,55.76,0.0248,0,-775.0,1,0,0,98.0,627.8,186.7,0,0,-247.4,0,3.36
2025-04-09,1,LONG,11:45,197.76,1,0.684,BOTH,1.861,215.98,0,56.39,0.0022,0,-745.8,1,0,0,94.2,598.6,216.0,0,0,-218.2,0,2.77
2025-04-10,0,SHORT,11:00,200.26,1,0.125,SHORT,2.037,149.33,0,25.63,-0.2295,1,24.8,0,1,0,95.8,817.9,583.6,0,1,149.3,0,1.4
2025-04-10,1,SHORT,11:30,-0.74,0,0.125,SHORT,3.893,20.83,0,22.53,-0.2385,0,-103.8,0,1,0,83.2,689.4,712.1,1,1,20.8,0,0.97
2025-04-11,0,LONG,11:35,-0.74,0,0.476,BOTH,1.252,113.75,0,56.39,0.1262,1,276.2,1,0,0,99.7,250.5,478.0,0,1,113.8,0,0.52
2025-04-11,1,LONG,13:00,-0.74,0,0.476,BOTH,5.03,49.99,0,59.1,0.1541,1,476.8,1,1,1,64.7,50.0,678.5,0,1,314.2,0,0.07
2025-04-14,0,LONG,10:30,-0.74,0,0.951,LONG,1.285,78.25,0,58.88,0.0069,1,679.0,1,1,1,76.7,132.0,681.5,0,1,471.2,0,0.19
2025-04-14,1,LONG,10:50,-200.24,0,0.951,LONG,0.69,79.25,0,61.72,0.0157,1,731.8,1,1,1,66.3,79.2,734.2,0,1,524.0,0,0.11
2025-04-15,0,LONG,10:30,-0.74,0,0.786,BOTH,0.678,6.75,0,60.54,0.1874,0,-17.5,1,1,1,69.3,190.6,204.1,1,1,6.8,0,0.93
2025-04-15,1,LONG,10:50,-0.74,0,0.786,BOTH,0.651,7.5,0,60.62,-0.0808,0,-16.8,1,1,1,73.3,189.9,204.9,1,1,7.5,0,0.93
2025-04-16,0,SHORT,11:50,-0.74,0,0.169,SHORT,0.448,3.5,0,43.76,0.0223,0,-433.5,0,0,1,41.8,999.0,501.9,1,0,-402.5,0,
2025-04-16,1,SHORT,13:00,166.76,1,0.169,SHORT,0.877,52.5,0,42.95,-0.0477,0,-482.5,0,0,1,34.5,999.0,550.9,0,0,-451.5,0,
2025-04-17,0,LONG,11:10,-172.24,0,0.514,BOTH,1.417,66.33,0,45.84,0.2222,0,-198.5,0,0,0,57.0,151.6,296.2,0,1,66.3,0,0.51
2025-04-17,1,LONG,11:35,-0.74,0,0.514,BOTH,1.706,47.83,0,44.35,0.197,0,-217.0,0,0,0,58.2,170.1,277.7,0,1,47.8,0,0.61
2025-04-21,0,SHORT,10:30,99.26,1,0.143,SHORT,3.99,61.17,0,14.84,0.1425,0,-532.8,0,0,1,50.5,999.0,563.5,0,0,-462.3,0,
2025-04-21,1,SHORT,11:35,-0.74,0,0.143,SHORT,6.984,147.17,0,13.11,0.0068,0,-618.8,0,0,1,41.2,999.0,649.5,0,0,-548.3,0,
2025-04-22,0,LONG,10:30,157.76,1,0.94,LONG,3.123,55.83,0,73.14,0.0166,1,176.0,1,1,1,42.7,55.8,587.8,0,1,409.9,0,0.09
2025-04-22,1,LONG,11:15,-98.24,0,0.94,LONG,7.036,38.42,0,75.49,0.0169,1,270.2,1,1,1,32.3,137.2,682.1,1,1,504.2,0,0.2
2025-04-23,0,LONG,10:30,-0.74,0,0.963,LONG,2.138,188.5,0,81.6,-0.0864,1,1002.0,1,1,1,87.0,999.0,976.1,0,1,818.2,0,
2025-04-23,1,LONG,10:45,-231.74,0,0.963,LONG,2.011,157.0,0,80.72,-0.0662,1,970.5,1,1,1,76.8,999.0,944.6,0,1,786.8,0,
2025-04-24,0,LONG,11:05,-0.74,0,0.851,LONG,7.787,5.12,0,72.81,0.275,1,152.5,1,1,1,37.5,5.1,413.6,1,1,253.7,1,0.01
2025-04-24,1,LONG,11:25,-0.74,0,0.851,LONG,7.392,23.62,0,72.22,0.268,1,134.0,1,1,1,37.0,23.6,395.1,2,1,235.2,1,0.06
2025-04-28,0,LONG,10:35,-179.24,0,0.789,BOTH,0.48,31.74,0,61.85,-0.0257,1,179.8,1,1,1,59.3,31.7,212.7,1,1,90.5,0,0.15
2025-04-29,0,SHORT,11:20,-126.74,0,0.19,SHORT,2.355,64.68,0,43.7,0.2092,0,-6.0,0,1,0,41.8,214.2,64.7,0,1,74.8,0,3.31
2025-05-01,0,LONG,10:30,103.26,1,0.858,LONG,0.54,119.58,0,55.81,0.1524,1,732.8,1,1,1,54.2,179.3,780.7,0,1,599.6,0,0.23
2025-05-01,1,LONG,11:25,-93.74,0,0.858,LONG,3.438,102.58,0,64.08,0.0833,1,809.5,1,1,1,30.8,102.6,857.4,0,1,676.3,0,0.12
2025-05-02,0,LONG,10:30,-0.74,0,0.872,LONG,1.464,0.34,0,69.97,-0.0225,1,149.8,1,1,1,48.2,101.8,267.6,3,1,165.5,0,0.38
2025-05-02,1,LONG,11:25,193.26,1,0.872,LONG,1.546,7.0,0,68.84,0.0037,1,129.5,1,1,1,32.5,19.9,247.3,3,1,145.2,1,0.08
2025-05-05,0,SHORT,10:30,-133.24,0,0.17,SHORT,0.188,13.88,0,39.95,-0.3867,0,-48.0,0,0,1,44.0,13.9,243.6,3,0,-145.2,1,0.06
2025-05-06,0,SHORT,13:20,-0.74,0,0.042,SHORT,1.926,24.83,0,39.59,0.0031,0,-211.5,0,0,1,39.3,64.1,309.5,1,0,-230.8,0,0.21
2025-05-08,0,LONG,10:30,-132.24,0,0.717,BOTH,1.466,39.25,0,57.51,-0.117,1,253.8,0,1,0,43.7,39.2,374.3,1,1,260.0,0,0.1
2025-05-08,1,LONG,11:10,218.26,1,0.717,BOTH,1.505,51.75,0,51.71,-0.0681,1,241.2,0,1,0,50.8,51.8,361.8,0,1,247.5,0,0.14
2025-05-09,0,SHORT,10:40,-126.24,0,0.699,BOTH,2.808,49.91,0,48.49,0.0965,1,29.5,0,0,1,41.7,49.9,224.7,0,0,-87.4,0,0.22
2025-05-09,1,SHORT,11:10,-0.74,0,0.699,BOTH,1.673,42.92,0,49.19,0.1227,1,74.0,0,0,1,43.3,94.4,180.2,0,0,-42.9,0,0.52
2025-05-12,0,LONG,10:40,28.26,1,0.917,LONG,2.439,293.0,0,72.2,0.0993,1,700.8,1,1,1,50.8,999.0,711.1,0,1,626.2,0,
2025-05-12,1,LONG,13:30,-0.74,0,0.917,LONG,0.673,401.75,0,73.76,0.0829,1,809.5,1,1,1,22.7,999.0,819.9,0,1,735.0,0,
2025-05-13,0,LONG,10:45,94.26,1,0.757,BOTH,5.587,51.67,0,86.28,0.0123,1,345.2,1,1,1,36.3,51.7,458.8,0,1,360.9,0,0.11
2025-05-13,1,LONG,11:25,79.26,1,0.757,BOTH,10.095,19.58,0,88.25,-0.0008,1,416.5,1,1,1,27.2,999.0,530.1,1,1,432.2,0,
2025-05-14,0,LONG,10:45,109.76,1,0.533,BOTH,0.708,15.94,0,62.33,-0.1049,1,337.8,1,1,1,41.7,15.9,256.4,1,1,126.8,0,0.06
2025-05-14,1,LONG,13:45,-0.74,0,0.533,BOTH,1.22,14.94,0,58.53,-0.1338,1,338.8,1,1,1,25.0,14.9,257.4,1,1,127.8,0,0.06
2025-05-15,0,LONG,10:50,186.76,1,0.498,BOTH,0.418,21.32,0,42.15,-0.3677,1,7.8,0,0,0,38.8,91.0,21.3,4,0,-34.8,0,4.27
2025-05-15,1,LONG,11:30,85.76,1,0.498,BOTH,3.235,10.74,0,52.86,-0.307,1,88.0,1,1,1,29.8,10.7,101.6,3,1,45.4,0,0.11
2025-05-16,0,LONG,11:30,-0.74,0,0.762,BOTH,1.415,33.42,0,57.19,-0.0822,1,121.5,1,1,1,32.5,74.1,140.9,1,1,33.4,0,0.53
2025-05-16,1,LONG,13:10,-0.74,0,0.762,BOTH,1.058,47.87,0,56.16,-0.1456,1,147.8,1,1,1,18.7,47.9,167.2,0,1,59.7,0,0.29
2025-05-20,0,SHORT,10:30,-125.24,0,0.111,SHORT,0.218,3.67,0,30.34,-0.3615,0,-11.8,0,1,0,41.3,127.7,135.1,1,0,-3.7,0,0.95
2025-05-28,0,LONG,13:00,22.76,1,0.748,BOTH,1.695,8.27,0,55.63,-0.1523,1,222.8,1,1,1,16.7,8.3,217.1,1,1,104.4,0,0.04
2025-05-29,0,LONG,10:50,-151.24,0,0.658,BOTH,3.545,13.25,0,19.32,-0.0162,1,24.5,0,0,0,50.0,49.1,75.6,1,1,13.2,0,0.65
2025-05-29,1,SHORT,13:35,157.76,1,0.658,BOTH,9.858,8.39,0,26.5,0.0006,0,-59.5,0,0,1,26.5,10.2,133.1,4,0,-70.8,0,0.08
2025-05-30,0,LONG,10:30,-123.74,0,0.777,BOTH,0.245,69.58,0,53.75,-0.0554,0,-44.8,1,0,0,40.8,210.9,74.9,0,0,-69.6,0,2.82
2025-06-02,0,LONG,10:30,31.26,1,0.515,BOTH,1.965,9.29,0,68.16,0.37,1,276.2,1,1,1,59.7,29.4,259.9,2,1,134.6,0,0.11
2025-06-02,1,LONG,13:00,140.76,1,0.515,BOTH,7.204,11.33,0,88.29,0.2323,1,329.5,1,1,1,23.7,11.3,313.1,3,1,187.8,1,0.04
2025-06-03,0,LONG,10:30,115.26,1,0.829,BOTH,1.228,12.7,0,73.47,-0.1709,1,323.5,1,1,1,41.3,12.7,272.8,3,1,169.9,1,0.05
2025-06-03,1,LONG,11:10,169.26,1,0.829,BOTH,4.096,43.33,0,78.96,-0.1952,1,389.5,1,1,1,28.5,59.6,338.8,0,1,235.9,0,0.18
2025-06-04,0,LONG,10:30,-0.74,0,0.626,BOTH,0.485,6.82,0,61.02,0.0687,1,187.8,1,1,1,39.2,6.8,184.0,2,1,88.6,0,0.04
2025-06-04,1,LONG,11:35,-72.74,0,0.626,BOTH,1.626,12.93,0,71.14,0.076,1,207.5,1,1,1,23.8,16.5,203.7,3,1,108.3,0,0.08
2025-06-05,0,LONG,10:35,108.26,1,0.536,BOTH,0.344,14.71,0,56.71,-0.4298,1,82.5,1,1,1,57.3,14.7,104.4,2,1,47.1,0,0.14
2025-06-05,1,LONG,10:50,158.26,1,0.536,BOTH,0.395,8.96,0,61.45,-0.3629,1,125.2,1,1,1,58.2,10.1,147.2,4,1,89.8,1,0.07
2025-06-06,0,LONG,10:35,-0.74,0,0.961,LONG,0.532,15.17,0,84.07,-0.0717,1,81.5,1,1,1,38.5,15.2,224.1,2,1,98.2,0,0.07
2025-06-06,1,LONG,11:45,-95.74,0,0.961,LONG,0.54,18.67,0,82.62,-0.0542,1,78.0,1,1,1,31.5,18.7,220.6,2,1,94.7,0,0.08
2025-06-10,0,LONG,10:30,-93.74,0,0.433,BOTH,1.289,12.26,0,51.75,-0.3691,1,11.2,1,1,1,30.8,12.3,96.4,2,1,42.1,0,0.13
2025-06-10,1,LONG,11:45,84.76,1,0.433,BOTH,0.593,19.83,0,27.23,-0.2682,0,-11.0,0,1,0,29.5,34.5,74.2,2,1,19.8,0,0.46
2025-06-11,0,LONG,10:30,-99.24,0,0.662,BOTH,0.857,13.87,0,67.31,0.1003,1,186.5,1,1,1,32.7,13.9,227.6,3,1,140.2,1,0.06
2025-06-11,1,LONG,11:15,-77.74,0,0.662,BOTH,0.853,9.29,0,66.29,0.0025,1,180.2,1,1,1,25.5,20.1,221.3,4,1,133.9,1,0.09
2025-06-12,0,LONG,10:30,-0.74,0,0.58,BOTH,2.968,14.33,0,64.12,0.2717,0,-24.2,1,1,1,31.0,91.3,120.0,1,1,14.3,0,0.76
2025-06-12,1,LONG,11:20,82.76,1,0.58,BOTH,2.949,4.92,0,62.69,0.2743,0,-43.5,1,1,1,24.7,110.5,100.7,1,0,-4.9,0,1.1
2025-06-13,0,LONG,10:35,-0.74,0,0.44,BOTH,0.679,33.75,0,63.81,0.3156,0,-130.0,1,0,0,51.2,256.9,33.8,2,0,-195.2,0,7.6
2025-06-13,1,LONG,10:50,82.76,1,0.44,BOTH,1.394,3.0,0,66.76,0.2454,0,-99.2,1,0,0,47.0,226.2,64.5,1,0,-164.5,0,3.51
2025-06-16,0,LONG,10:40,-95.74,0,0.855,LONG,5.722,7.08,0,83.98,-0.0906,1,253.0,1,1,1,31.5,103.8,357.1,1,1,260.3,0,0.29
2025-06-16,1,LONG,13:00,-0.74,0,0.855,LONG,7.338,26.42,0,82.63,-0.0608,1,219.5,1,1,1,20.0,26.4,323.6,1,1,226.8,0,0.08
2025-06-23,0,LONG,10:30,-138.24,0,0.803,BOTH,2.655,12.25,0,80.28,-0.2273,1,280.0,1,1,1,45.7,93.2,306.3,1,1,225.0,0,0.3
2025-06-23,1,LONG,13:00,155.76,1,0.803,BOTH,0.513,1.48,0,62.19,-0.1129,1,185.0,1,1,1,51.2,1.5,211.3,3,1,130.0,1,0.01
2025-06-24,0,LONG,10:30,91.26,1,0.706,BOTH,1.266,15.58,0,63.11,-0.0543,1,547.5,1,1,1,31.0,204.1,498.9,1,1,367.1,0,0.41
2025-06-24,1,LONG,11:55,124.26,1,0.706,BOTH,3.66,52.58,0,63.01,-0.2741,1,584.5,1,1,1,20.8,167.1,535.9,0,1,404.1,0,0.31
2025-06-25,0,LONG,10:40,-86.74,0,0.903,LONG,0.509,12.75,0,73.6,-0.0416,1,226.2,1,1,1,28.5,54.5,200.5,3,1,133.2,0,0.27
2025-06-26,0,LONG,10:30,-0.74,0,0.781,BOTH,0.849,18.62,0,74.76,-0.0556,1,70.2,1,1,1,32.7,42.5,178.6,2,1,117.5,0,0.24
2025-06-26,1,LONG,11:30,114.26,1,0.781,BOTH,1.474,19.12,0,77.76,-0.1535,1,70.8,1,1,1,19.2,42.0,179.1,2,1,118.0,0,0.23
2025-06-27,0,LONG,10:30,-0.74,0,0.453,BOTH,2.524,37.5,0,72.15,0.2002,1,219.2,1,1,1,27.3,41.5,247.8,2,1,168.8,0,0.17
2025-06-27,1,LONG,11:00,43.76,1,0.453,BOTH,2.219,30.25,0,68.8,0.2014,1,212.0,1,1,1,27.8,48.8,240.5,2,1,161.5,0,0.2
2025-06-30,0,LONG,10:45,-0.74,0,0.768,BOTH,1.528,4.03,0,49.44,0.0276,1,28.0,0,1,0,27.0,4.0,219.7,3,1,134.2,1,0.02
2025-06-30,1,LONG,13:10,-94.24,0,0.768,BOTH,2.548,2.28,0,36.95,0.0145,1,29.8,0,1,0,15.5,2.3,221.5,3,1,136.0,1,0.01
2025-07-03,0,LONG,10:40,21.76,1,0.933,LONG,4.633,58.25,0,86.84,-0.0983,1,374.5,1,1,1,24.5,70.2,345.7,0,1,266.2,0,0.2
2025-07-03,1,LONG,13:00,38.76,1,0.933,LONG,7.63,61.75,0,79.5,-0.0697,1,378.0,1,1,1,15.3,66.8,349.2,0,1,269.8,0,0.19
2025-07-08,0,LONG,10:30,-91.24,0,0.772,BOTH,0.417,24.79,0,52.7,0.0045,0,-15.5,1,0,0,30.0,24.8,126.3,1,1,50.8,0,0.2
2025-07-08,1,LONG,11:00,88.26,1,0.772,BOTH,1.052,26.25,0,50.85,0.0697,0,-40.0,0,0,0,35.2,49.3,101.8,1,1,26.2,0,0.48
2025-07-09,0,LONG,10:30,11.26,1,0.993,LONG,0.68,17.58,0,66.21,0.4581,1,91.0,1,1,1,30.2,17.6,150.7,2,1,104.2,0,0.12
2025-07-09,1,LONG,11:25,3.76,1,0.993,LONG,0.046,9.93,0,59.97,0.3687,1,72.0,1,1,1,32.3,36.6,131.7,5,1,85.2,0,0.28
2025-07-10,0,LONG,10:45,-0.74,0,0.943,LONG,3.101,27.12,0,44.8,0.1033,0,-45.5,0,0,0,32.2,121.3,27.1,1,0,-47.1,0,4.48
2025-07-14,0,LONG,10:35,121.26,1,0.904,LONG,0.031,11.58,0,70.49,-0.2814,1,40.0,1,1,1,40.3,72.2,49.1,1,0,-11.6,0,1.47
2025-07-14,1,LONG,11:10,19.76,1,0.904,LONG,2.434,6.48,0,76.79,-0.2406,1,105.8,1,1,1,26.5,6.5,114.8,3,1,54.2,0,0.06
2025-07-15,0,LONG,10:30,-104.74,0,0.914,LONG,0.978,38.0,0,66.7,0.1258,1,216.0,1,1,1,34.5,44.2,263.2,1,1,181.0,0,0.17
2025-07-15,1,LONG,11:20,-91.74,0,0.914,LONG,1.517,26.0,0,51.4,0.131,1,204.0,1,1,1,30.2,56.2,251.2,2,1,169.0,0,0.22
2025-07-16,0,LONG,10:30,-102.74,0,0.937,LONG,1.781,18.58,0,52.0,0.0073,0,-177.8,0,0,0,33.8,175.1,18.6,3,0,-121.7,0,9.41
2025-07-16,1,LONG,11:00,-103.24,0,0.937,LONG,1.699,21.08,0,47.95,-0.0944,0,-175.2,1,0,0,34.0,172.6,21.1,3,0,-119.2,0,8.18
2025-07-17,0,LONG,10:30,104.26,1,0.589,BOTH,2.415,12.25,0,70.95,0.3078,1,181.0,1,1,1,29.5,80.2,266.5,2,1,174.0,0,0.3
2025-07-17,1,LONG,11:15,35.26,1,0.589,BOTH,5.182,28.0,0,79.63,0.2748,1,233.2,1,1,1,23.8,28.0,318.8,1,1,226.2,0,0.09
2025-07-18,0,LONG,11:45,-60.74,0,0.768,BOTH,2.723,37.31,0,45.28,-0.0777,1,154.0,0,1,0,19.8,37.3,124.3,1,1,44.9,0,0.3
2025-07-21,0,LONG,10:45,-67.74,0,0.495,BOTH,6.192,23.25,0,73.66,0.4182,1,193.0,1,1,1,22.2,37.0,216.7,2,1,163.2,0,0.17
2025-07-21,1,LONG,13:05,1.76,1,0.495,BOTH,10.714,24.25,0,76.23,0.2924,1,205.8,1,1,1,14.0,24.2,229.5,2,1,176.0,0,0.11
2025-07-22,0,LONG,10:30,-0.74,0,0.784,BOTH,3.281,21.67,0,34.25,0.2148,0,-75.2,0,0,0,43.7,213.3,21.7,1,0,-148.3,0,9.83
2025-07-22,1,LONG,13:00,-0.74,0,0.784,BOTH,7.004,23.67,0,35.5,0.1506,0,-73.2,0,0,0,20.2,211.3,23.7,1,0,-146.3,0,8.92
2025-07-23,0,LONG,10:50,182.26,1,0.808,BOTH,2.234,36.17,0,47.97,-0.1754,1,26.2,0,0,0,30.7,129.7,57.3,1,0,-36.2,0,2.26
2025-07-23,1,LONG,13:00,-0.74,0,0.808,BOTH,1.131,7.08,0,49.62,-0.0674,1,69.5,0,0,0,22.3,86.4,100.6,1,1,7.1,0,0.86
2025-07-24,0,LONG,10:35,20.26,1,0.594,BOTH,0.627,8.83,0,37.69,-0.312,1,129.5,0,1,0,33.5,8.8,170.2,4,1,100.8,1,0.05
2025-07-24,1,LONG,13:00,174.76,1,0.594,BOTH,0.222,12.92,0,49.38,-0.2576,1,153.8,0,1,0,14.7,56.4,194.4,3,1,125.1,0,0.29
2025-07-30,0,LONG,10:30,-78.24,0,0.552,BOTH,1.091,9.0,0,61.95,-0.1282,0,-99.2,1,0,0,25.7,90.8,72.8,1,0,-9.0,0,1.25
2025-07-30,1,LONG,11:20,45.76,1,0.552,BOTH,0.686,22.25,0,56.14,-0.1202,0,-112.5,1,0,0,21.5,104.1,59.6,1,0,-22.2,0,1.75
2025-08-01,0,SHORT,10:30,55.76,1,0.136,SHORT,1.387,32.0,0,33.54,0.0835,0,-694.5,0,0,1,57.5,233.2,649.1,1,0,-478.5,0,0.36
2025-08-01,1,SHORT,10:40,7.26,1,0.136,SHORT,2.377,81.0,0,29.33,0.0722,0,-743.5,0,0,1,54.2,184.2,698.1,0,0,-527.5,0,0.26
2025-08-04,0,LONG,10:40,-0.74,0,0.989,LONG,4.016,6.0,0,83.09,0.3629,1,275.2,1,1,1,31.5,6.0,418.6,1,1,301.2,0,0.01
2025-08-04,1,LONG,10:55,81.76,1,0.989,LONG,3.946,11.5,0,81.96,0.0099,1,269.8,1,1,1,30.7,11.5,413.1,1,1,295.8,0,0.03
2025-08-06,0,LONG,10:30,88.26,1,0.679,BOTH,0.692,16.92,0,72.79,-0.3292,1,25.2,1,0,0,51.7,124.8,91.5,1,0,-16.9,0,1.36
2025-08-06,1,LONG,10:55,82.26,1,0.679,BOTH,2.532,47.08,0,78.52,-0.2918,1,103.0,1,1,1,44.8,47.1,169.2,0,1,60.8,0,0.28
2025-08-08,0,LONG,10:45,-88.24,0,0.512,BOTH,4.948,8.86,0,65.76,0.2148,1,78.2,1,1,1,29.0,121.5,350.1,1,1,219.8,0,0.35
2025-08-08,1,LONG,11:40,124.26,1,0.512,BOTH,3.75,15.62,0,58.27,0.3143,1,13.5,1,1,1,21.0,15.6,285.4,3,1,155.0,0,0.05
2025-08-11,0,LONG,10:30,34.26,1,0.454,BOTH,1.193,3.75,0,53.8,-0.2089,1,112.2,1,1,1,26.8,3.8,163.8,4,1,93.5,0,0.02
2025-08-11,1,LONG,13:00,-53.24,0,0.454,BOTH,1.688,6.5,0,48.12,-0.1804,1,109.5,1,1,1,17.3,6.5,161.0,4,1,90.8,0,0.04
2025-08-12,0,LONG,10:30,-0.74,0,0.606,BOTH,0.282,19.42,0,60.65,0.2318,1,25.5,1,1,1,49.7,19.4,97.1,4,1,38.4,0,0.2
2025-08-12,1,LONG,11:00,98.26,1,0.606,BOTH,1.626,5.79,0,62.48,0.2231,1,69.8,1,1,1,35.8,12.4,141.4,4,1,82.7,1,0.09
2025-08-15,0,LONG,10:35,-121.24,0,0.422,BOTH,1.519,4.5,1,43.43,0.0996,0,-24.0,0,0,0,40.0,139.0,4.5,4,0,-76.2,0,30.89
2025-08-15,1,SHORT,13:15,-59.74,0,0.422,BOTH,6.141,29.0,0,28.69,0.0832,0,-83.0,0,0,1,19.5,29.0,198.0,2,0,-135.2,0,0.15
2025-08-20,0,LONG,11:20,-0.74,0,0.591,BOTH,5.182,15.92,0,38.32,0.326,0,-502.5,0,0,0,40.7,448.9,15.9,1,0,-329.6,0,28.23
2025-08-22,0,LONG,10:30,-0.74,0,0.921,LONG,4.321,4.0,0,81.13,0.142,1,378.2,1,1,1,75.3,999.0,439.1,1,1,351.8,0,
2025-08-22,1,LONG,11:50,-89.74,0,0.921,LONG,10.839,1.75,0,80.09,0.0895,1,372.5,1,1,1,29.5,1.8,433.4,1,1,346.0,0,0.0
2025-08-26,0,LONG,10:30,-4.24,0,0.663,BOTH,1.816,9.0,0,75.64,-0.4535,1,51.8,1,1,1,34.8,74.6,56.6,1,0,-9.0,0,1.32
2025-08-26,1,LONG,13:00,-74.24,0,0.663,BOTH,5.836,1.25,0,71.45,-0.4633,1,59.5,1,1,1,12.2,66.9,64.4,1,0,-1.2,0,1.04
2025-08-28,0,LONG,10:30,95.76,1,0.826,BOTH,0.413,5.58,0,73.77,0.0169,1,152.0,1,1,1,50.8,14.4,154.6,4,1,90.1,1,0.09
2025-08-28,1,LONG,11:05,-0.74,0,0.826,BOTH,2.162,26.42,0,75.85,0.059,1,204.5,1,1,1,34.0,26.4,207.1,2,1,142.6,0,0.13
2025-09-02,0,SHORT,10:40,151.26,1,0.081,SHORT,1.543,63.92,0,29.85,0.1707,0,-270.2,0,0,1,52.8,91.9,432.2,0,0,-330.4,0,0.21
2025-09-02,1,SHORT,13:15,-68.24,0,0.081,SHORT,1.164,36.42,0,32.25,0.2011,0,-325.8,0,0,1,22.3,36.4,487.7,1,0,-385.9,0,0.07
2025-09-03,0,LONG,13:10,-69.24,0,0.815,BOTH,0.96,14.25,0,62.61,-0.136,1,382.0,1,1,1,22.7,136.5,367.0,1,1,269.5,0,0.37
2025-09-04,0,LONG,10:30,-0.74,0,0.473,BOTH,0.42,1.12,0,48.71,-0.198,1,79.5,1,1,1,43.5,23.4,184.4,4,1,105.0,1,0.13
2025-09-04,1,LONG,10:45,-0.74,0,0.473,BOTH,1.031,2.64,0,53.27,-0.2094,1,100.2,1,1,1,37.8,2.6,205.1,2,1,125.8,1,0.01
2025-09-08,0,LONG,10:30,-0.74,0,0.911,LONG,2.141,13.07,0,70.24,-0.1379,1,224.8,1,1,1,34.3,22.9,316.8,3,1,164.9,0,0.07
2025-09-08,1,LONG,11:00,-76.74,0,0.911,LONG,3.099,17.57,0,70.33,-0.1238,1,229.2,1,1,1,25.2,18.4,321.3,3,1,169.4,0,0.06
2025-09-09,0,LONG,13:05,5.76,1,0.468,BOTH,0.539,8.42,0,51.27,-0.0976,1,46.8,1,1,1,14.8,8.4,84.2,4,1,36.2,0,0.1
2025-09-10,0,LONG,10:30,-108.24,0,0.78,BOTH,0.827,30.17,0,62.46,-0.0549,1,162.0,1,1,1,35.7,50.9,211.6,1,1,161.4,0,0.24
2025-09-11,0,LONG,10:30,37.26,1,0.991,LONG,0.619,5.94,0,75.34,-0.0591,1,31.2,1,1,1,33.5,68.8,201.7,2,1,126.9,0,0.34
2025-09-11,1,LONG,13:00,72.76,1,0.991,LONG,1.885,9.69,0,69.69,-0.0415,1,35.0,1,1,1,13.0,65.1,205.4,2,1,130.7,0,0.32
2025-09-15,0,LONG,10:30,-0.74,0,0.949,LONG,2.643,16.17,0,73.89,-0.0424,1,195.8,1,1,1,23.8,16.2,199.9,1,1,140.8,0,0.08
2025-09-15,1,LONG,11:25,22.76,1,0.949,LONG,4.035,3.17,0,76.83,-0.0791,1,208.8,1,1,1,18.8,3.2,212.9,1,1,153.8,0,0.02
2025-09-16,0,LONG,13:10,1.76,1,0.502,BOTH,4.191,4.3,0,40.11,-0.0626,1,104.8,0,1,0,11.3,10.1,97.7,4,1,51.0,1,0.1
2025-09-17,0,SHORT,11:30,31.76,1,0.661,BOTH,5.465,12.67,0,24.65,0.1521,0,-126.5,0,0,1,19.2,12.7,170.2,2,0,-132.7,0,0.07
2025-09-18,0,LONG,10:35,-0.74,0,0.709,BOTH,2.233,56.08,0,74.07,0.1818,1,459.0,1,1,1,36.8,104.8,467.2,0,1,353.6,0,0.22
2025-09-18,1,LONG,11:50,37.76,1,0.709,BOTH,2.273,34.83,0,70.47,0.1625,1,437.8,1,1,1,26.8,126.1,446.0,1,1,332.3,0,0.28
2025-09-22,0,LONG,10:30,45.76,1,0.524,BOTH,3.507,89.25,0,63.58,-0.1684,1,489.5,1,1,1,23.2,999.0,503.3,0,1,421.8,0,
2025-09-22,1,LONG,13:10,168.76,1,0.524,BOTH,10.421,173.0,0,67.92,-0.1551,1,573.2,1,1,1,15.8,999.0,587.1,0,1,505.5,0,
2025-09-23,0,LONG,11:10,-63.24,0,0.526,BOTH,1.899,8.25,0,41.05,-0.0233,1,126.2,0,1,0,20.7,71.7,78.2,1,1,8.2,0,0.92
2025-09-23,1,SHORT,13:05,100.76,1,0.526,BOTH,4.456,28.25,0,28.92,-0.0404,1,89.8,0,0,1,17.0,41.8,108.2,1,0,-28.2,0,0.39
2025-09-24,0,LONG,10:45,-79.74,0,0.724,BOTH,2.293,39.33,0,46.75,-0.1381,1,20.8,0,0,0,26.2,124.4,48.7,1,0,-39.3,0,2.55
2025-09-24,1,SHORT,13:45,-59.24,0,0.724,BOTH,9.181,11.42,0,30.23,0.0099,0,-96.8,0,0,1,19.3,73.7,241.9,2,0,-156.8,0,0.3
2025-09-25,0,SHORT,13:20,164.76,1,0.144,SHORT,0.271,12.2,0,34.15,0.1081,0,-294.8,0,0,1,27.7,91.4,283.5,2,0,-179.8,0,0.32
2025-09-26,0,LONG,11:25,122.76,1,0.48,BOTH,0.477,51.38,0,53.26,-0.1317,1,148.0,1,0,0,46.7,51.4,158.7,0,1,53.7,0,0.32
2025-09-26,1,LONG,13:25,-69.74,0,0.48,BOTH,2.387,7.08,0,59.79,-0.1065,1,224.8,1,1,1,22.8,7.1,235.5,4,1,130.4,0,0.03
2025-09-29,0,LONG,10:30,-105.74,0,0.691,BOTH,2.935,57.33,0,84.61,-0.0714,1,304.5,1,1,1,34.8,57.3,376.7,0,1,296.6,0,0.15
2025-09-30,0,LONG,10:30,100.76,1,0.646,BOTH,0.685,2.9,1,40.76,-0.1564,0,-87.2,0,0,0,42.0,131.2,17.8,3,0,-69.8,0,7.37
2025-09-30,1,LONG,11:10,-102.74,0,0.646,BOTH,0.214,33.1,0,51.37,-0.1239,0,-51.2,1,0,0,33.8,95.2,33.1,2,0,-33.8,0,2.88
2025-10-01,0,LONG,10:30,153.76,1,0.485,BOTH,2.956,4.05,0,60.72,-0.2162,1,111.2,1,1,1,45.2,50.0,145.6,4,1,91.5,0,0.34
2025-10-01,1,LONG,13:25,-79.24,0,0.485,BOTH,16.962,37.0,0,70.18,-0.1826,1,198.2,1,1,1,13.0,46.0,232.6,1,1,178.5,0,0.2
2025-10-02,0,LONG,10:35,-116.74,0,0.919,LONG,1.994,2.92,0,54.55,0.4759,1,298.0,1,1,1,38.5,33.8,265.8,3,1,158.4,0,0.13
2025-10-02,1,LONG,11:50,48.26,1,0.919,LONG,3.621,14.36,0,48.5,0.2536,1,272.8,0,1,0,28.2,22.3,240.6,2,1,133.2,0,0.09
2025-10-03,0,LONG,10:40,-0.74,0,0.488,BOTH,0.679,18.17,0,38.32,0.1515,1,73.8,0,0,0,33.5,48.8,85.1,1,1,18.2,0,0.57
2025-10-03,1,LONG,11:50,-57.74,0,0.488,BOTH,0.159,23.03,0,42.57,0.1069,1,99.5,0,1,0,18.8,23.0,110.9,1,1,43.9,0,0.21
2025-10-06,0,LONG,11:00,97.26,1,0.898,LONG,1.968,3.92,0,68.85,-0.2991,1,20.8,1,1,1,26.2,25.3,222.7,4,1,127.9,0,0.11
2025-10-06,1,LONG,13:45,55.76,1,0.898,LONG,0.488,32.9,0,73.18,-0.359,1,79.0,1,1,1,13.8,61.8,280.9,1,1,186.2,0,0.22
2025-10-08,0,LONG,10:40,158.26,1,0.635,BOTH,4.396,6.97,0,74.37,0.0528,1,96.2,1,1,1,26.5,7.0,207.1,2,1,100.1,0,0.03
2025-10-08,1,LONG,13:00,138.76,1,0.635,BOTH,14.829,16.46,0,76.56,0.0148,1,152.8,1,1,1,11.7,16.6,263.6,2,1,156.6,1,0.06
2025-10-10,0,LONG,10:30,0.26,1,0.59,BOTH,0.765,4.58,0,50.38,-0.0133,1,126.5,1,1,1,34.3,15.9,158.1,4,1,91.7,1,0.1
2025-10-10,1,LONG,10:45,-92.24,0,0.59,BOTH,1.269,3.62,0,51.99,-0.0699,1,138.8,1,1,1,30.3,3.6,170.4,4,1,103.9,1,0.02
2025-10-13,0,LONG,10:30,-0.74,0,0.847,BOTH,0.514,15.33,0,52.67,0.09,0,-241.5,1,1,1,55.0,267.3,333.5,1,1,15.3,0,0.8
2025-10-13,1,LONG,11:10,97.26,1,0.847,BOTH,0.09,8.67,0,48.1,0.1556,0,-265.5,1,1,1,47.2,291.3,309.5,1,0,-8.7,0,0.94
2025-10-15,0,LONG,10:30,-141.24,0,0.93,LONG,2.245,19.42,0,93.41,0.1708,1,591.0,1,1,1,46.7,172.4,543.4,2,1,351.6,0,0.32
2025-10-16,0,LONG,10:30,97.76,1,0.76,BOTH,1.294,19.62,0,81.01,-0.3698,1,402.2,1,1,1,49.7,19.6,381.0,3,1,207.5,0,0.05
2025-10-16,1,LONG,10:50,-150.24,0,0.76,BOTH,1.862,2.75,0,82.57,-0.3026,1,430.5,1,1,1,49.7,2.8,409.3,2,1,235.8,0,0.01
2025-10-20,0,LONG,10:30,82.76,1,0.827,BOTH,4.371,35.42,0,77.14,-0.0711,1,419.0,1,1,1,34.8,35.4,476.4,1,1,346.6,0,0.07
2025-10-20,1,LONG,11:35,35.26,1,0.827,BOTH,9.725,10.08,0,79.45,-0.1211,1,464.5,1,1,1,20.3,242.1,521.9,1,1,392.1,0,0.46
2025-10-21,0,LONG,10:35,-0.74,0,0.419,BOTH,1.33,12.75,0,28.87,-0.0212,1,92.2,0,1,0,38.2,104.5,79.0,1,0,-12.8,0,1.32
2025-10-21,1,LONG,11:30,-0.74,0,0.419,BOTH,0.365,26.75,0,39.85,-0.0126,1,131.8,0,1,0,30.8,65.0,118.5,1,1,26.8,0,0.55
2025-10-22,0,SHORT,10:40,-141.74,0,0.444,BOTH,4.078,9.25,0,33.74,-0.0235,0,-162.2,0,0,1,46.8,999.0,268.7,1,0,-213.5,0,
2025-10-22,1,SHORT,11:15,164.76,1,0.444,BOTH,2.954,22.75,0,30.83,0.0466,0,-116.0,0,0,1,49.0,37.0,222.4,2,0,-167.2,0,0.17
2025-10-23,0,LONG,10:30,-0.74,0,0.426,BOTH,3.512,48.4,0,63.16,-0.041,1,202.5,1,1,1,41.5,48.4,321.6,0,1,136.6,0,0.15
2025-10-23,1,LONG,10:55,-124.24,0,0.426,BOTH,4.232,20.65,0,65.39,-0.1732,1,230.2,1,1,1,41.0,20.7,349.3,1,1,164.3,0,0.06
2025-10-24,0,LONG,10:35,-120.24,0,0.797,BOTH,1.128,33.83,0,85.56,-0.0242,1,362.8,1,1,1,39.7,155.3,423.7,1,1,323.3,0,0.37
2025-10-24,1,LONG,11:10,91.26,1,0.797,BOTH,1.169,25.33,0,82.48,0.0277,1,354.2,1,1,1,31.0,163.8,415.2,1,1,314.8,0,0.39
2025-10-27,0,LONG,10:30,40.26,1,0.896,LONG,1.923,127.58,0,88.05,0.123,1,347.5,1,1,1,30.2,999.0,405.6,0,1,355.2,0,
2025-10-27,1,LONG,13:30,117.76,1,0.896,LONG,9.356,161.58,0,87.09,0.0254,1,381.5,1,1,1,9.8,999.0,439.6,0,1,389.2,0,
2025-10-28,0,LONG,11:05,-70.24,0,0.912,LONG,0.054,10.92,0,71.16,-0.0233,1,216.2,1,1,1,23.0,84.7,215.3,1,1,160.9,0,0.39
2025-10-28,1,LONG,11:55,121.26,1,0.912,LONG,0.439,18.67,0,72.25,-0.1718,1,224.0,1,1,1,20.5,76.9,223.1,1,1,168.7,0,0.34
2025-10-29,0,LONG,10:30,-76.24,0,0.724,BOTH,1.52,26.0,0,71.73,-0.1244,1,191.8,1,1,1,25.0,44.2,232.2,2,1,162.0,0,0.19
2025-10-30,0,SHORT,10:30,-0.74,0,0.147,SHORT,1.11,1.0,0,35.8,0.3277,0,-124.5,0,0,1,68.7,31.9,247.1,4,0,-140.5,0,0.13
2025-10-30,1,SHORT,10:45,95.26,1,0.147,SHORT,1.063,2.25,0,36.07,0.2731,0,-118.2,0,0,1,65.8,2.2,240.8,4,0,-134.2,0,0.01
2025-10-31,0,LONG,10:30,81.26,1,0.824,BOTH,1.883,7.25,0,39.52,-0.0266,1,124.8,0,0,0,41.2,20.8,189.1,3,1,98.2,0,0.11
2025-11-03,0,LONG,11:55,42.26,1,0.94,LONG,3.341,40.76,0,54.95,0.0763,1,12.8,1,1,1,35.2,40.8,197.4,0,1,78.3,0,0.21
2025-11-04,0,SHORT,10:50,-0.74,0,0.181,SHORT,1.704,68.5,0,36.3,0.1131,0,-439.5,0,0,1,38.0,68.5,418.6,0,0,-322.0,0,0.16
2025-11-04,1,SHORT,11:50,212.76,1,0.181,SHORT,0.638,26.5,0,37.56,0.0949,0,-481.5,0,0,1,35.7,26.5,460.6,1,0,-364.0,0,0.06
2025-11-07,0,SHORT,10:30,110.76,1,0.165,SHORT,2.481,17.58,0,22.0,-0.1463,0,-427.2,0,0,1,77.0,242.8,691.3,1,0,-505.1,0,0.35
2025-11-07,1,SHORT,10:55,-0.74,0,0.165,SHORT,4.248,113.33,0,19.1,-0.1182,0,-523.0,0,0,1,67.5,147.1,787.1,0,0,-600.8,0,0.19
2025-11-10,0,LONG,10:30,-110.74,0,0.925,LONG,3.137,16.83,0,86.17,0.0833,1,663.5,1,1,1,36.5,16.8,819.2,1,1,672.8,0,0.02
2025-11-10,1,LONG,13:10,-0.74,0,0.925,LONG,4.311,22.83,0,68.08,0.2678,1,657.5,1,1,1,25.2,22.8,813.2,1,1,666.8,0,0.03
2025-11-11,0,SHORT,10:30,-0.74,0,0.167,SHORT,2.064,13.23,0,21.92,-0.1286,0,-41.5,0,0,1,43.0,19.3,224.1,3,0,-118.7,0,0.09
2025-11-11,1,SHORT,11:05,-117.24,0,0.167,SHORT,2.483,12.08,0,21.96,-0.1445,0,-48.8,0,0,1,38.7,12.1,231.3,3,0,-125.9,0,0.05
2025-11-12,0,SHORT,10:55,79.76,1,0.745,BOTH,4.669,20.42,0,33.25,-0.0101,0,-17.5,0,0,1,47.3,20.4,141.9,2,0,-58.9,0,0.14
2025-11-12,1,SHORT,11:45,-124.74,0,0.745,BOTH,6.559,0.71,0,30.67,-0.0125,0,-66.5,0,0,1,41.2,0.7,190.9,4,0,-107.9,0,0.0
2025-11-13,0,SHORT,10:30,160.76,1,0.149,SHORT,2.197,0.67,0,16.52,0.1567,0,-296.5,0,0,1,72.5,169.4,403.9,1,0,-292.4,0,0.42
2025-11-13,1,SHORT,10:55,90.76,1,0.149,SHORT,3.305,60.67,0,14.92,0.1452,0,-356.5,0,0,1,66.3,109.4,463.9,0,0,-352.4,0,0.24
2025-11-17,0,SHORT,10:30,170.26,1,0.023,SHORT,1.106,51.75,0,42.64,0.0163,1,357.0,0,0,1,81.2,306.7,203.2,0,1,51.8,0,1.51
2025-11-17,1,SHORT,11:15,-196.74,0,0.023,SHORT,0.56,74.5,0,32.45,0.035,1,230.8,0,0,1,65.2,180.5,329.5,0,0,-74.5,0,0.55
2025-11-19,0,LONG,10:45,-167.24,0,0.576,BOTH,4.572,5.42,0,71.17,0.4812,1,115.5,1,1,1,55.3,5.4,393.2,1,1,220.6,0,0.01
2025-11-19,1,LONG,11:00,-147.24,0,0.576,BOTH,3.185,50.08,0,58.01,0.5585,1,17.5,1,1,1,48.7,50.1,295.2,0,1,122.6,0,0.17
2025-11-20,0,LONG,10:30,-0.74,0,0.911,LONG,0.767,47.08,0,61.56,0.0883,1,611.5,1,1,1,64.8,178.8,710.4,0,1,527.1,0,0.25
2025-11-21,0,LONG,11:30,91.76,1,0.77,BOTH,0.369,15.95,1,49.69,0.0151,0,-420.0,1,0,0,99.5,838.0,114.5,1,0,-438.2,0,7.32
2025-11-21,1,LONG,11:50,176.26,1,0.77,BOTH,0.849,92.55,0,54.05,0.0131,0,-311.5,1,0,0,84.5,729.5,92.6,0,0,-329.8,0,7.88
2025-11-24,0,LONG,10:30,179.76,1,0.808,BOTH,3.213,12.65,0,69.77,-0.07,1,589.5,1,1,1,74.0,243.0,681.9,2,1,426.2,0,0.36
2025-11-24,1,LONG,11:15,84.76,1,0.808,BOTH,7.644,120.15,0,71.29,-0.0534,1,697.0,1,1,1,45.2,135.5,789.4,0,1,533.8,0,0.17
2025-11-26,0,LONG,10:30,148.76,1,0.921,LONG,0.005,28.08,0,58.13,-0.0238,1,470.8,1,1,1,54.5,135.3,487.3,1,1,323.9,0,0.28
2025-11-26,1,LONG,11:15,-0.74,0,0.921,LONG,2.314,49.08,0,65.22,0.0368,1,557.0,1,1,1,37.2,49.1,573.6,0,1,410.2,0,0.09
2025-11-28,0,LONG,10:30,-0.74,0,0.549,BOTH,0.643,2.37,0,76.1,-0.1282,1,215.2,1,1,1,36.2,26.0,181.4,2,1,94.3,0,0.14
2025-11-28,1,LONG,11:30,-0.74,0,0.549,BOTH,1.688,6.54,0,82.79,-0.0773,1,234.8,1,1,1,25.3,6.5,200.9,4,1,113.8,0,0.03
2025-12-01,0,SHORT,10:30,-154.24,0,0.176,SHORT,0.657,20.83,0,47.12,0.004,0,-174.0,0,0,1,51.0,20.8,215.1,1,0,-149.9,0,0.1
2025-12-02,0,LONG,10:30,12.76,1,0.845,BOTH,1.267,1.96,0,68.02,0.1708,1,173.2,1,1,1,46.2,107.6,288.7,3,1,179.2,0,0.37
2025-12-02,1,LONG,10:40,-0.74,0,0.845,BOTH,2.722,36.33,0,78.99,0.1641,1,244.5,1,1,1,47.7,36.3,360.0,1,1,250.4,0,0.1
2025-12-04,0,LONG,10:30,-0.74,0,0.84,BOTH,2.139,0.42,0,42.9,-0.2896,1,98.5,0,0,0,54.0,96.7,84.9,1,0,-0.4,0,1.14
2025-12-04,1,SHORT,11:00,-125.24,0,0.84,BOTH,4.306,22.42,0,32.25,-0.2262,1,36.0,0,0,1,41.3,22.4,159.2,2,0,-62.9,0,0.14
2025-12-05,0,LONG,10:30,-137.24,0,0.571,BOTH,3.866,32.67,0,70.56,0.0835,1,218.5,1,1,1,45.3,76.4,345.3,1,1,258.9,0,0.22
2025-12-05,1,LONG,10:55,-117.24,0,0.571,BOTH,1.642,7.34,0,57.59,0.1278,1,106.8,1,1,1,38.7,79.1,233.6,3,1,147.2,0,0.34
2025-12-11,0,LONG,10:30,-186.74,0,0.605,BOTH,1.043,3.92,1,45.21,0.3138,0,-98.8,0,0,0,61.8,298.5,35.5,2,0,-170.9,0,8.41
2025-12-11,1,LONG,10:55,-0.74,0,0.605,BOTH,1.984,11.75,0,41.97,0.3211,0,-146.0,0,0,0,56.3,345.8,115.8,1,0,-218.2,0,2.99
2025-12-12,0,SHORT,10:30,247.76,1,0.083,SHORT,3.352,48.28,0,21.13,0.0517,0,-118.5,0,0,1,63.2,78.8,381.0,0,0,-253.9,0,0.21
2025-12-12,1,SHORT,11:10,79.76,1,0.083,SHORT,5.197,46.17,0,14.74,0.2257,0,-272.2,0,0,1,70.3,46.2,534.8,0,0,-407.7,0,0.09
2025-12-15,0,LONG,11:15,-184.24,0,0.997,LONG,2.746,80.42,0,47.88,-0.0884,1,71.0,0,0,0,61.0,272.5,111.6,0,0,-80.4,0,2.44
2025-12-16,0,LONG,10:50,-0.74,0,0.528,BOTH,1.053,16.94,0,64.38,-0.1206,0,-295.2,1,0,0,73.8,269.9,16.9,1,0,-126.5,0,15.97
2025-12-16,1,SHORT,11:20,-173.74,0,0.528,BOTH,0.0,12.25,0,56.77,-0.0613,0,-373.0,1,0,0,57.5,12.2,347.7,3,0,-204.2,0,0.04
2025-12-17,0,SHORT,10:45,103.76,1,0.648,BOTH,4.433,13.34,0,31.66,0.2554,0,-119.2,0,0,1,63.2,77.7,251.6,1,0,-160.6,0,0.31
2025-12-17,1,SHORT,13:40,-0.74,0,0.648,BOTH,12.907,19.33,0,25.84,0.0344,0,-280.2,0,0,1,34.2,19.3,412.6,1,0,-321.6,0,0.05
2025-12-18,0,LONG,10:30,-0.74,0,0.983,LONG,1.301,2.92,0,89.07,0.3606,1,228.5,1,1,1,62.7,2.9,447.3,1,1,252.3,0,0.01
2025-12-18,1,LONG,10:50,-0.74,0,0.983,LONG,1.745,13.58,0,89.41,0.3654,1,245.0,1,1,1,56.2,46.7,463.8,1,1,268.8,0,0.1
2025-12-22,0,LONG,11:10,17.76,1,0.966,LONG,2.741,277.08,0,51.97,0.0023,1,739.8,1,1,1,27.0,999.0,748.2,0,1,652.7,0,
2025-12-22,1,LONG,13:00,-79.24,0,0.966,LONG,5.25,282.83,0,55.88,0.0114,1,745.5,1,1,1,13.0,999.0,753.9,0,1,658.4,0,
2025-12-26,0,LONG,10:30,-88.24,0,0.703,BOTH,0.216,5.54,0,51.16,0.0565,1,88.5,1,1,1,29.0,7.5,90.0,4,1,47.8,1,0.08
2025-12-26,1,LONG,13:45,-46.24,0,0.703,BOTH,1.552,3.21,0,51.82,0.0394,1,79.8,1,1,1,9.7,3.2,81.2,5,1,39.0,0,0.04
2025-12-30,0,SHORT,10:30,-91.74,0,0.12,SHORT,0.041,15.41,0,44.13,-0.0105,0,-77.2,0,0,1,30.2,15.4,115.2,3,0,-49.9,0,0.13
2025-12-30,1,SHORT,11:50,-8.74,0,0.12,SHORT,1.772,14.42,0,53.62,0.081,0,-41.8,0,0,1,19.3,50.9,79.7,1,0,-14.4,0,0.64
2025-12-31,0,SHORT,11:00,-72.74,0,0.764,BOTH,4.846,36.17,0,41.61,0.0896,0,-147.5,0,0,1,23.8,37.7,202.7,2,0,-156.7,0,0.19
2025-12-31,1,SHORT,13:00,-89.24,0,0.764,BOTH,6.562,16.92,0,46.1,0.0303,0,-128.2,0,0,1,14.7,56.9,183.4,1,0,-137.4,0,0.31
2026-01-05,0,LONG,10:30,-153.24,0,0.986,LONG,0.804,18.86,0,84.64,-0.2034,1,256.8,1,1,1,50.7,18.9,392.4,1,1,186.8,0,0.05
2026-01-06,0,LONG,10:35,-114.24,0,0.739,BOTH,2.808,21.58,0,67.02,0.2944,1,114.2,1,1,1,37.7,43.2,191.1,1,1,126.3,0,0.23
2026-01-06,1,LONG,11:00,22.76,1,0.739,BOTH,0.852,18.17,0,53.99,0.3772,1,34.5,1,1,1,30.5,18.2,111.3,3,1,46.6,0,0.16
2026-01-07,0,LONG,10:30,-106.74,0,0.539,BOTH,2.616,2.92,0,64.84,0.0869,1,229.0,1,1,1,35.2,2.9,209.6,3,1,135.4,0,0.01
2026-01-07,1,LONG,10:40,109.76,1,0.539,BOTH,1.634,1.17,0,59.55,-0.0128,1,201.0,1,1,1,39.2,23.9,181.6,4,1,107.4,1,0.13
2026-01-08,0,LONG,10:30,-0.74,0,0.643,BOTH,2.245,13.58,0,33.51,0.0928,0,-130.8,0,0,0,53.7,300.5,13.6,1,0,-213.7,0,22.1
2026-01-08,1,LONG,10:55,-143.74,0,0.643,BOTH,2.137,32.58,0,35.86,-0.0074,0,-111.8,0,0,0,47.5,281.5,32.6,1,0,-194.7,0,8.63
2026-01-09,0,LONG,10:30,-0.74,0,0.442,BOTH,2.167,44.17,0,75.65,-0.0777,1,207.8,1,1,1,69.3,44.2,278.2,0,1,189.1,0,0.16
2026-01-09,1,LONG,11:30,88.26,1,0.442,BOTH,3.517,35.93,0,72.93,0.034,1,198.8,1,1,1,40.2,53.2,269.2,1,1,180.1,0,0.2
2026-01-13,0,LONG,11:15,-113.74,0,0.521,BOTH,0.953,7.75,0,56.35,-0.071,1,112.5,1,1,1,37.5,113.5,90.5,1,0,-7.8,0,1.25
2026-01-14,0,SHORT,10:30,205.26,1,0.173,SHORT,2.196,66.25,0,18.54,0.0658,0,-262.2,0,0,1,66.8,80.2,393.8,0,0,-303.2,0,0.2
2026-01-14,1,SHORT,10:55,-173.24,0,0.173,SHORT,4.33,21.25,0,14.21,0.0754,0,-363.8,0,0,1,57.3,999.0,495.2,1,0,-404.8,0,
2026-01-15,0,LONG,10:30,-156.24,0,0.93,LONG,0.368,52.67,0,79.98,-0.2967,1,177.8,1,1,1,51.7,52.7,458.7,0,1,317.3,0,0.11
2026-01-15,1,LONG,10:55,-0.74,0,0.93,LONG,0.815,66.67,0,78.97,-0.0885,1,155.8,1,1,1,50.3,74.7,436.7,0,1,295.3,0,0.17
2026-01-16,0,LONG,11:35,-94.24,0,0.947,LONG,4.565,0.03,0,40.23,-0.1127,0,-149.8,0,0,0,31.0,166.2,0.0,2,0,-85.2,0,
2026-01-16,1,LONG,13:20,-66.24,0,0.947,LONG,6.623,1.97,1,39.28,-0.0721,0,-151.8,0,0,0,21.7,168.2,24.4,2,0,-87.2,0,6.89
2026-01-21,0,LONG,10:30,112.26,1,0.738,BOTH,4.014,5.09,0,65.34,0.2732,1,108.8,1,1,1,53.5,5.1,308.2,2,1,188.5,1,0.02
2026-01-21,1,LONG,11:30,-102.24,0,0.738,BOTH,6.609,2.66,0,65.51,0.2861,1,116.5,1,1,1,33.7,117.0,315.9,2,1,196.2,0,0.37
2026-01-22,0,LONG,10:30,-0.74,0,0.963,LONG,1.825,34.2,0,52.58,-0.2602,1,270.5,1,1,1,58.5,34.2,362.8,1,1,166.2,0,0.09
2026-01-22,1,LONG,11:00,104.76,1,0.963,LONG,2.522,30.45,0,55.52,-0.2264,1,274.2,1,1,1,40.8,30.5,366.5,1,1,170.0,0,0.08
2026-01-26,0,LONG,10:30,-0.74,0,0.996,LONG,3.041,0.17,0,70.25,0.218,1,241.0,1,1,1,36.7,26.1,256.9,3,1,148.8,0,0.1
2026-01-26,1,LONG,11:20,-0.74,0,0.996,LONG,4.765,6.19,0,77.58,0.0568,1,273.2,1,1,1,30.2,101.9,289.2,3,1,181.1,0,0.35
2026-01-29,0,LONG,13:00,124.76,1,0.459,BOTH,7.824,85.33,0,28.78,0.286,0,-452.2,0,0,0,41.7,472.0,999.0,0,0,-393.9,0,
2026-01-30,0,LONG,10:35,-0.74,0,0.473,BOTH,0.597,17.5,0,52.23,-0.0688,1,67.2,1,0,0,73.7,227.5,262.5,1,1,17.5,0,0.87
2026-02-02,0,LONG,10:40,92.76,1,0.687,BOTH,6.148,19.0,0,72.54,0.2112,1,9.2,1,1,1,54.0,19.0,307.8,3,1,166.2,0,0.06
2026-02-02,1,LONG,13:20,-0.74,0,0.687,BOTH,20.986,20.47,0,81.8,0.3043,1,51.5,1,1,1,17.8,20.5,350.0,2,1,208.5,1,0.06
2026-02-03,0,SHORT,11:10,106.26,1,0.516,BOTH,5.448,18.27,0,19.43,-0.2031,0,-52.2,0,0,1,70.2,18.3,390.5,2,0,-234.3,1,0.05
2026-02-03,1,SHORT,11:40,-0.74,0,0.516,BOTH,8.31,30.23,0,18.01,-0.2034,0,-100.8,0,0,1,51.8,125.9,439.0,1,0,-282.8,0,0.29
2026-02-05,0,SHORT,10:50,-0.74,0,0.134,SHORT,1.738,102.82,0,19.99,0.0233,0,-710.8,0,0,1,99.8,127.3,705.3,0,0,-475.2,0,0.18
2026-02-05,1,SHORT,11:15,-279.74,0,0.134,SHORT,1.021,24.07,0,30.15,0.0181,0,-632.0,0,0,1,92.8,206.1,626.6,1,0,-396.4,0,0.33
2026-02-06,0,LONG,10:30,-0.74,0,0.821,BOTH,1.815,14.6,0,75.69,0.1228,1,192.0,1,1,1,91.2,35.2,338.7,3,1,176.7,0,0.1
2026-02-06,1,LONG,10:55,177.26,1,0.821,BOTH,1.722,15.15,0,74.71,-0.0031,1,162.2,1,1,1,78.8,15.1,309.0,1,1,146.9,0,0.05
2026-02-10,0,LONG,10:35,-0.74,0,0.682,BOTH,0.258,51.21,0,59.03,-0.0756,1,376.0,1,1,1,59.2,51.2,296.8,0,1,129.7,0,0.17
2026-02-10,1,LONG,10:55,-15.74,0,0.682,BOTH,0.03,67.96,0,56.04,-0.0911,1,359.2,1,1,1,50.3,68.0,280.1,0,1,112.9,0,0.24
2026-02-11,0,LONG,10:50,-228.74,0,0.892,LONG,2.09,22.57,0,45.22,0.0988,0,-40.0,0,0,0,75.8,123.8,22.6,1,0,-54.5,0,5.48
2026-02-11,1,LONG,13:20,91.26,1,0.892,LONG,4.635,8.82,0,45.71,0.0226,0,-53.8,0,0,0,37.2,137.5,8.8,2,0,-68.2,0,15.62
2026-02-12,0,SHORT,10:40,120.76,1,0.659,BOTH,3.918,0.83,0,28.09,0.0477,0,-107.5,0,0,1,66.2,14.3,345.1,3,0,-189.4,0,0.04
2026-02-13,0,LONG,10:40,101.26,1,0.502,BOTH,0.324,21.15,1,48.9,0.0186,0,-508.0,1,0,0,98.0,468.7,48.8,1,0,-247.6,0,9.6
2026-02-13,1,LONG,11:15,-0.74,0,0.502,BOTH,0.94,18.35,0,51.08,-0.0071,0,-468.5,1,0,0,75.8,429.2,18.3,1,0,-208.1,0,23.45
2026-02-18,0,LONG,10:30,96.26,1,0.41,BOTH,3.519,33.09,0,78.3,0.1545,1,338.8,1,1,1,60.7,135.1,473.3,2,1,305.2,0,0.29
2026-02-18,1,LONG,11:05,-0.74,0,0.41,BOTH,7.303,71.08,0,80.32,0.1065,1,402.8,1,1,1,38.0,71.1,537.3,0,1,369.2,0,0.13
2026-02-19,0,SHORT,10:50,102.26,1,0.146,SHORT,0.662,45.67,0,35.78,-0.3331,1,80.5,0,0,1,59.7,98.2,189.5,0,0,-45.7,0,0.52
2026-02-19,1,SHORT,13:00,-118.24,0,0.146,SHORT,1.596,3.59,0,31.55,-0.2956,0,-21.2,0,0,1,39.0,40.8,291.2,1,0,-147.4,0,0.14
2026-02-20,0,SHORT,13:15,-0.74,0,0.066,SHORT,5.056,11.9,0,55.22,0.2757,1,178.5,1,1,0,52.2,225.7,69.8,2,1,144.0,0,3.23
2026-02-23,0,SHORT,10:40,160.76,1,0.62,BOTH,2.603,44.52,0,48.12,0.0546,0,-153.8,0,0,1,58.5,44.5,309.0,0,0,-132.2,0,0.14
2026-02-23,1,SHORT,11:45,97.76,1,0.62,BOTH,5.316,20.12,0,40.43,0.1257,0,-232.8,0,0,1,43.5,20.1,388.0,3,0,-211.2,0,0.05
2026-02-25,0,LONG,10:30,46.26,1,0.907,LONG,3.389,15.67,0,71.82,0.2732,1,542.5,1,1,1,40.5,15.7,518.8,1,1,371.1,0,0.03
2026-02-25,1,LONG,13:00,76.76,1,0.907,LONG,12.733,33.83,0,83.03,0.2363,1,592.0,1,1,1,14.7,198.6,568.3,1,1,420.6,0,0.35
2026-02-27,0,SHORT,13:00,-0.74,0,0.068,SHORT,2.886,32.44,0,39.15,-0.2277,1,1.8,0,0,1,39.3,32.4,334.3,1,0,-150.9,0,0.1
2026-02-27,1,SHORT,13:55,-81.24,0,0.068,SHORT,3.253,5.69,0,36.88,-0.2521,0,-25.0,0,0,1,26.7,5.7,361.0,1,0,-177.7,0,0.02
2026-03-05,0,SHORT,10:30,-201.24,0,0.091,SHORT,0.191,69.05,0,44.52,0.1871,1,71.8,0,1,0,66.7,69.1,239.2,0,0,-85.1,0,0.29
2026-03-05,1,SHORT,10:50,218.76,1,0.091,SHORT,1.355,16.42,0,50.41,0.1201,1,173.2,0,1,0,65.5,170.6,137.7,1,1,16.4,0,1.24
2026-03-09,0,LONG,10:30,114.76,1,0.635,BOTH,0.042,22.67,0,72.78,-0.2139,0,-235.2,1,0,0,83.5,450.1,137.4,1,0,-331.9,0,3.28
2026-03-10,0,LONG,10:30,84.76,1,0.506,BOTH,1.033,40.08,0,60.3,-0.0063,1,581.0,1,1,1,60.5,223.8,643.7,0,1,476.8,0,0.35
2026-03-10,1,LONG,10:50,-0.74,0,0.506,BOTH,2.495,113.58,0,64.77,0.0899,1,654.5,1,1,1,54.5,150.3,717.2,0,1,550.3,0,0.21
2026-03-11,0,LONG,10:55,-187.24,0,0.612,BOTH,0.484,12.67,0,50.3,-0.0459,1,29.0,1,1,1,62.0,111.6,136.9,1,1,12.7,0,0.82
2026-03-16,0,LONG,10:55,-0.74,0,0.919,LONG,0.849,2.0,0,66.68,-0.0437,1,41.5,1,1,1,45.7,2.0,342.4,2,1,169.8,0,0.01
2026-03-16,1,LONG,13:05,-0.74,0,0.919,LONG,1.171,2.5,0,65.76,-0.0608,1,41.0,1,1,1,32.7,2.5,341.9,2,1,169.2,0,0.01
2026-03-17,0,LONG,10:30,-128.24,0,0.935,LONG,1.683,41.25,0,71.06,-0.0307,1,406.5,1,1,1,42.3,999.0,444.2,0,1,362.5,0,
2026-03-17,1,LONG,13:00,0.76,1,0.935,LONG,1.033,1.0,0,67.92,-0.1049,1,366.2,1,1,1,30.0,999.0,404.0,1,1,322.2,0,
2026-03-18,0,SHORT,10:30,-154.74,0,0.19,SHORT,1.793,16.0,0,31.36,-0.2318,0,-181.2,0,0,1,51.2,76.8,248.9,1,0,-184.5,0,0.31
2026-03-18,1,SHORT,11:10,-0.74,0,0.19,SHORT,0.561,13.12,0,34.16,-0.1777,0,-114.0,0,0,1,43.7,51.2,181.6,3,0,-117.2,0,0.28
2026-03-19,0,SHORT,11:20,83.76,1,0.084,SHORT,0.526,53.17,0,34.49,-0.1946,0,-497.5,0,0,1,58.5,53.2,470.8,0,0,-374.4,0,0.11
2026-03-19,1,SHORT,13:05,-117.74,0,0.084,SHORT,1.094,20.08,0,25.49,-0.1074,0,-570.8,0,0,1,38.8,999.0,544.1,1,0,-447.7,0,
2026-03-20,0,SHORT,13:15,107.76,1,0.494,BOTH,7.249,51.92,0,26.2,-0.0999,0,-394.5,0,0,1,33.8,51.9,455.6,0,0,-315.3,0,0.11
2026-03-20,1,SHORT,13:45,85.76,1,0.494,BOTH,9.369,13.58,0,24.16,-0.0979,0,-460.0,0,0,1,33.2,120.1,521.1,1,0,-380.8,0,0.23
2026-03-23,0,LONG,10:30,-0.74,0,0.728,BOTH,2.016,4.58,0,76.44,0.0006,1,198.2,1,1,1,69.8,4.6,583.5,1,1,420.9,0,0.01
2026-03-23,1,LONG,11:20,-147.24,0,0.728,BOTH,3.221,11.42,0,74.93,-0.002,1,214.2,1,1,1,48.7,137.4,599.5,1,1,436.9,0,0.23
2026-03-24,0,SHORT,10:35,-214.74,0,0.198,SHORT,0.717,53.82,0,41.2,-0.2227,0,-315.5,0,0,1,71.2,93.2,438.8,0,0,-291.8,0,0.21
2026-03-24,1,SHORT,13:00,-0.74,0,0.198,SHORT,0.824,37.57,0,46.18,-0.1889,0,-299.2,0,0,1,42.2,109.5,422.6,1,0,-275.5,0,0.26
2026-03-25,0,LONG,10:30,-168.24,0,0.648,BOTH,1.19,31.83,0,53.87,0.0516,1,238.0,1,1,1,55.7,31.8,313.7,1,1,218.2,0,0.1
2026-03-25,1,LONG,13:25,83.26,1,0.648,BOTH,0.033,1.33,0,54.22,0.0206,1,173.0,1,1,1,37.8,1.3,248.7,3,1,153.2,1,0.01
2026-03-27,0,SHORT,10:30,-0.74,0,0.175,SHORT,2.571,52.08,0,24.82,-0.147,0,-576.2,0,0,1,61.2,222.1,614.4,0,0,-470.3,0,0.36
2026-03-27,1,SHORT,10:50,-0.74,0,0.175,SHORT,2.84,58.58,0,24.05,-0.1728,0,-582.8,0,0,1,57.7,215.6,620.9,0,0,-476.8,0,0.35
2026-03-30,0,LONG,10:55,-0.74,0,0.854,LONG,2.45,58.5,0,65.93,0.2108,0,-233.0,1,0,0,53.7,185.0,77.0,0,0,-58.5,0,2.4
2026-03-30,1,LONG,11:30,-0.74,0,0.854,LONG,2.175,49.5,0,63.77,0.146,0,-224.0,1,0,0,56.3,176.0,86.0,0,0,-49.5,0,2.05
2026-03-31,0,LONG,10:30,-181.24,0,0.884,LONG,2.975,43.01,0,74.71,-0.2204,1,173.0,1,1,1,60.0,148.1,543.3,0,1,352.2,0,0.27
2026-03-31,1,LONG,11:00,27.76,1,0.884,LONG,1.468,5.04,0,57.79,-0.1022,1,76.0,1,1,1,55.5,54.0,446.3,1,1,255.2,0,0.12
2026-04-01,0,LONG,10:30,152.26,1,0.585,BOTH,1.137,66.0,0,58.48,-0.0903,1,395.5,1,1,1,60.7,66.0,615.0,0,1,443.0,0,0.11
2026-04-01,1,LONG,10:45,-0.74,0,0.585,BOTH,2.34,11.25,0,62.52,-0.143,1,472.8,1,1,1,62.5,325.8,692.2,1,1,520.2,0,0.47
2026-04-06,0,LONG,10:30,-207.24,0,0.681,BOTH,1.442,30.33,0,65.95,-0.339,1,222.5,1,1,1,68.7,30.3,553.1,3,1,327.8,0,0.05
2026-04-08,0,LONG,11:45,-0.74,0,0.936,LONG,3.097,407.42,0,48.65,-0.2012,1,915.0,1,1,1,38.8,999.0,1091.5,0,1,953.3,0,
2026-04-09,0,LONG,10:50,91.76,1,0.9,LONG,1.24,26.08,0,54.63,-0.1377,0,-46.5,1,0,0,36.5,150.3,98.2,1,0,-26.1,0,1.53
2026-04-09,1,LONG,11:25,185.26,1,0.9,LONG,0.734,3.58,0,56.61,-0.0538,0,-24.0,1,0,0,31.0,127.8,120.7,1,0,-3.6,0,1.06
2026-04-10,0,LONG,10:30,-0.74,0,0.702,BOTH,1.023,18.5,0,63.85,-0.0749,1,360.8,1,1,1,39.3,97.5,322.8,2,1,206.8,0,0.3
2026-04-14,0,LONG,10:30,201.76,1,0.673,BOTH,4.116,42.67,0,78.28,-0.2976,1,576.5,1,1,1,33.8,42.7,549.3,0,1,444.4,0,0.08
2026-04-14,1,LONG,11:55,83.26,1,0.673,BOTH,9.418,37.83,0,84.05,-0.2084,1,657.0,1,1,1,23.3,999.0,629.8,1,1,524.9,0,
2026-04-16,0,LONG,10:30,-0.74,0,0.696,BOTH,1.215,5.08,0,40.23,-0.1766,1,356.8,0,1,0,53.5,5.1,293.1,2,1,168.7,0,0.02
2026-04-16,1,LONG,13:10,92.26,1,0.696,BOTH,0.106,14.08,0,49.98,-0.1575,1,425.2,1,1,1,33.2,110.3,361.6,2,1,237.2,0,0.31
2026-04-17,0,LONG,10:30,83.26,1,0.679,BOTH,1.943,73.58,0,86.07,0.0686,1,311.5,1,1,1,51.3,73.6,474.7,0,1,365.1,0,0.16
2026-04-17,1,LONG,10:55,-0.74,0,0.679,BOTH,3.426,38.58,0,87.13,0.0958,1,346.5,1,1,1,39.3,38.6,509.7,1,1,400.1,0,0.08
2026-04-20,0,SHORT,11:00,-0.74,0,0.844,BOTH,4.044,2.5,0,38.45,-0.1522,0,-69.5,0,0,1,47.2,2.5,251.0,3,0,-154.2,1,0.01
2026-04-20,1,SHORT,11:40,-149.74,0,0.844,BOTH,2.823,6.33,0,44.17,-0.1026,0,-18.5,0,0,1,49.5,20.2,200.0,3,0,-103.2,0,0.1
2026-04-21,0,LONG,10:30,-127.24,0,0.456,BOTH,0.815,2.5,0,54.17,0.0361,1,176.0,1,1,1,42.0,11.5,229.2,4,1,131.0,0,0.05
2026-04-21,1,SHORT,13:20,-115.74,0,0.456,BOTH,4.795,11.92,0,27.22,-0.0475,0,-41.2,0,0,1,38.2,11.9,184.4,2,0,-86.2,0,0.06
2026-04-22,0,LONG,10:30,-0.74,0,0.936,LONG,2.04,50.04,0,75.24,-0.0322,1,254.8,1,1,1,41.7,58.8,335.0,0,1,226.2,0,0.18
2026-04-22,1,LONG,10:45,-0.74,0,0.936,LONG,2.366,46.83,0,76.09,-0.1491,1,266.8,1,1,1,41.0,46.8,347.0,0,1,238.2,0,0.13
2026-04-23,0,LONG,10:30,110.76,1,0.576,BOTH,0.496,17.62,0,47.59,0.0497,1,79.0,1,1,1,46.3,17.6,161.8,1,1,74.9,0,0.11
2026-04-23,1,LONG,11:10,-0.74,0,0.576,BOTH,3.036,1.33,0,62.26,0.0778,1,160.8,1,1,1,34.5,85.6,243.6,3,1,156.7,0,0.35
2026-04-24,0,LONG,10:35,151.76,1,0.658,BOTH,0.373,25.08,0,61.34,0.0326,1,437.8,1,1,1,59.0,156.8,501.1,1,1,319.2,0,0.31
2026-04-24,1,LONG,11:20,90.26,1,0.658,BOTH,3.086,62.5,0,67.44,0.0283,1,532.0,1,1,1,37.7,62.5,595.3,0,1,413.5,0,0.1
2026-04-30,0,LONG,10:45,163.76,1,0.747,BOTH,2.766,28.83,0,34.19,0.0162,1,108.2,0,0,0,73.8,46.4,95.2,1,1,28.8,0,0.49
2026-04-30,1,LONG,11:05,-0.74,0,0.747,BOTH,1.269,18.67,0,41.89,0.0818,1,228.8,1,1,1,66.0,47.7,215.7,2,1,149.3,0,0.22
2026-05-01,0,LONG,10:30,-0.74,0,0.703,BOTH,3.494,70.33,0,69.39,0.1969,1,396.0,1,1,1,51.7,75.1,505.6,0,1,360.2,0,0.15
2026-05-01,1,LONG,11:05,96.26,1,0.703,BOTH,4.056,58.83,0,66.07,0.2149,1,384.5,1,1,1,41.7,86.6,494.1,0,1,348.7,0,0.18
2026-05-04,0,LONG,10:30,-0.74,0,0.645,BOTH,0.811,24.72,0,49.78,0.3587,1,205.8,1,1,1,45.3,24.7,206.4,1,1,90.8,0,0.12
2026-05-04,1,LONG,11:00,-128.74,0,0.645,BOTH,0.847,25.47,0,44.86,0.0566,1,205.0,1,1,1,42.5,25.5,205.6,1,1,90.1,0,0.12
2026-05-05,0,LONG,10:30,13.76,1,0.933,LONG,3.333,22.42,0,96.4,0.1687,1,375.0,1,1,1,41.3,139.9,474.0,1,1,349.2,0,0.3
2026-05-05,1,LONG,13:00,85.76,1,0.933,LONG,7.004,25.92,0,95.37,0.1329,1,378.5,1,1,1,20.2,136.4,477.5,1,1,352.7,0,0.29
2026-05-06,0,LONG,10:30,81.76,1,0.537,BOTH,1.488,15.75,0,70.55,-0.2593,1,425.8,1,1,1,64.3,999.0,452.8,1,1,374.5,0,
2026-05-06,1,LONG,11:00,-0.74,0,0.537,BOTH,3.526,81.0,0,73.12,-0.1927,1,491.0,1,1,1,45.7,999.0,518.0,0,1,439.8,0,
2026-05-08,0,LONG,10:40,-0.74,0,0.772,BOTH,5.388,28.75,0,93.22,0.0157,1,468.8,1,1,1,48.2,134.8,569.8,1,1,420.2,0,0.24
2026-05-08,1,LONG,11:20,114.26,1,0.772,BOTH,7.818,58.5,0,93.43,0.0172,1,498.5,1,1,1,37.0,105.0,599.6,0,1,450.0,0,0.18
2026-05-11,0,LONG,10:35,126.76,1,0.459,BOTH,0.771,21.91,0,59.49,-0.0986,1,438.8,1,1,1,66.2,32.0,357.9,2,1,196.6,0,0.09
2026-05-11,1,LONG,11:40,78.76,1,0.459,BOTH,3.448,21.5,0,61.96,-0.1014,1,503.2,1,1,1,33.5,21.5,422.4,3,1,261.1,1,0.05
2026-05-13,0,LONG,10:30,108.26,1,0.587,BOTH,0.162,28.17,0,60.31,-0.2611,1,149.5,1,1,1,72.5,28.2,460.9,3,1,249.1,0,0.06
2026-05-13,1,LONG,11:30,82.76,1,0.587,BOTH,0.873,11.92,0,58.79,-0.266,1,196.8,1,1,1,40.7,46.3,508.2,2,1,296.3,0,0.09
2026-05-14,0,SHORT,13:15,-121.74,0,0.12,SHORT,3.498,16.92,1,56.59,0.0606,1,471.2,1,1,0,40.2,404.7,16.9,1,1,228.1,0,23.95
2026-05-18,0,SHORT,11:15,-0.74,0,0.836,BOTH,3.664,46.35,0,49.28,0.0358,0,-149.0,0,0,1,90.3,105.5,443.8,0,0,-292.0,0,0.24
2026-05-18,1,SHORT,13:20,233.76,1,0.836,BOTH,5.91,75.85,0,46.38,-0.028,0,-178.5,0,0,1,61.0,76.0,473.3,0,0,-321.5,0,0.16
2026-05-19,0,SHORT,10:40,96.76,1,0.124,SHORT,1.082,14.17,0,30.96,0.0486,0,-478.0,0,0,1,98.2,14.2,506.7,3,0,-299.4,0,0.03
2026-05-19,1,SHORT,10:55,-0.74,0,0.124,SHORT,0.538,31.59,0,33.21,0.0553,0,-417.5,0,0,1,85.0,32.5,446.2,2,0,-238.9,0,0.07
2026-05-20,0,LONG,10:30,90.76,1,0.74,BOTH,1.581,17.5,0,72.53,-0.4338,1,367.0,1,1,1,89.2,17.5,444.0,3,1,267.0,1,0.04
2026-05-20,1,LONG,11:05,255.26,1,0.74,BOTH,2.613,23.46,0,72.28,-0.449,1,409.8,1,1,1,70.3,153.5,486.7,2,1,309.8,0,0.32
2026-05-22,0,LONG,10:35,154.76,1,0.634,BOTH,0.386,4.67,0,53.94,-0.0386,1,383.8,1,1,1,65.3,22.0,404.5,3,1,241.6,1,0.05
2026-05-22,1,LONG,11:15,-111.74,0,0.634,BOTH,3.244,72.26,0,67.15,-0.0128,1,478.0,1,1,1,36.8,90.7,498.8,0,1,335.8,0,0.18
2026-05-26,0,LONG,10:30,-0.74,0,0.812,BOTH,3.537,86.08,0,80.73,0.1424,1,483.5,1,1,1,49.8,999.0,564.3,0,1,465.9,0,
2026-05-26,1,LONG,10:50,-123.74,0,0.812,BOTH,4.2,81.33,0,80.51,0.1557,1,478.8,1,1,1,40.8,999.0,559.5,0,1,461.2,0,
2026-05-27,0,SHORT,11:45,-143.74,0,0.455,BOTH,6.032,13.49,0,32.86,0.1635,1,13.0,0,0,1,47.5,13.5,210.0,2,0,-98.2,0,0.06
2026-05-29,0,LONG,10:30,-149.74,0,0.993,LONG,1.091,7.06,0,70.22,0.2931,1,341.2,1,1,1,49.5,7.1,412.2,2,1,253.6,1,0.02
2026-05-29,1,LONG,11:05,12.76,1,0.993,LONG,0.12,4.04,0,62.36,0.2762,1,294.5,1,1,1,60.7,4.0,365.4,1,1,206.8,0,0.01
2026-06-02,0,LONG,10:30,121.26,1,0.885,LONG,0.696,56.58,0,76.99,0.1449,1,232.2,1,1,1,56.0,95.1,208.2,0,1,56.6,0,0.46
2026-06-02,1,LONG,11:30,-0.74,0,0.885,LONG,3.734,18.32,0,88.92,0.1288,1,309.0,1,1,1,31.0,18.3,285.0,1,1,133.3,0,0.06
2026-06-03,0,LONG,11:25,-133.74,0,0.81,BOTH,1.947,44.47,0,48.52,-0.0068,1,151.8,0,1,0,44.2,44.5,175.4,0,1,65.8,0,0.25
2026-06-03,1,SHORT,13:10,-123.24,0,0.81,BOTH,5.195,50.17,0,35.83,-0.0545,1,26.5,0,0,1,40.7,50.2,169.7,0,0,-59.4,0,0.3
2026-06-05,0,SHORT,10:30,109.76,1,0.092,SHORT,1.67,76.67,0,26.13,-0.0437,0,-381.5,0,0,1,81.0,76.7,705.4,0,0,-534.4,0,0.11
2026-06-05,1,SHORT,10:50,96.76,1,0.092,SHORT,2.644,11.42,0,21.93,-0.0521,0,-446.8,0,0,1,75.8,11.4,770.6,1,0,-599.7,0,0.01
2026-06-08,0,LONG,10:40,178.76,1,0.905,LONG,0.251,142.67,0,63.11,0.0194,0,-499.8,1,1,1,94.5,214.9,544.1,0,1,142.7,0,0.39
2026-06-08,1,LONG,10:55,85.76,1,0.905,LONG,1.743,88.17,0,66.45,0.0169,0,-373.0,1,1,1,86.3,88.2,670.9,0,1,269.4,0,0.13
2026-06-11,0,LONG,11:45,-0.74,0,0.727,BOTH,0.753,21.67,0,59.29,-0.0152,0,-38.0,1,1,1,98.7,210.2,279.9,1,1,21.7,0,0.75
2026-06-15,0,LONG,10:30,95.76,1,0.991,LONG,1.523,328.67,0,90.37,-0.1384,1,1241.8,1,1,1,64.5,999.0,1382.5,0,1,1180.1,0,
2026-06-15,1,LONG,11:05,-0.74,0,0.991,LONG,3.73,419.42,0,91.13,-0.0709,1,1332.5,1,1,1,50.7,999.0,1473.3,0,1,1270.8,0,
