date,entry_time,exit_time,side,setup,entry,exit,stop_init,target,contracts,pnl,exit_reason,grade,flip_age
2021-06-04,11:25,12:55,LONG,PM_LONG,13764.5,13760.0,13564.5,15264.5,1,-10.24,no_move,A+,1
2021-06-11,11:00,12:30,SHORT,ORB_SHORT,13937.75,13953.75,14137.75,12437.75,1,-33.24,no_move,A+,16
2021-06-14,13:45,15:10,LONG,PM_LONG,14068.5,14054.0,13868.5,15568.5,1,-30.24,eod,A+,1
2021-06-17,11:50,13:20,LONG,PM_LONG,14175.75,14156.0,13975.75,15675.75,1,-40.74,no_move,A+,13
2021-06-21,13:40,15:10,LONG,PM_LONG,14125.5,14117.25,13925.5,15625.5,1,-17.74,no_move,A+,1
2021-06-22,10:30,12:00,LONG,PM_LONG,14169.25,14203.5,13969.25,15669.25,1,67.26,no_move,A+,1
2021-06-24,11:40,13:10,LONG,PM_LONG,14390.0,14375.25,14190.0,15890.0,1,-30.74,no_move,A+,19
2021-06-29,10:45,12:15,LONG,PM_LONG,14525.5,14533.75,14325.5,16025.5,1,15.26,no_move,A+,13
2021-07-01,11:20,12:50,SHORT,ORB_SHORT,14481.25,14491.0,14681.25,12981.25,1,-20.74,no_move,A+,3
2021-07-02,11:55,13:25,LONG,PM_LONG,14668.25,14680.5,14468.25,16168.25,1,23.26,no_move,A+,5
2021-07-09,10:50,12:20,LONG,PM_LONG,14769.5,14805.0,14569.5,16269.5,1,69.76,no_move,A+,3
2021-07-13,11:20,12:50,LONG,PM_LONG,14987.0,14979.5,14787.0,16487.0,1,-16.24,no_move,A+,1
2021-07-15,10:40,12:10,SHORT,ORB_SHORT,14786.5,14747.5,14986.5,13286.5,1,76.76,no_move,A+,6
2021-07-15,13:40,15:10,SHORT,ORB_SHORT,14733.75,14766.25,14933.75,13233.75,1,-66.24,no_move,A+,3
2021-07-16,11:00,12:30,SHORT,ORB_SHORT,14735.75,14761.5,14935.75,13235.75,1,-52.74,no_move,A+,16
2021-07-19,13:55,15:10,SHORT,ORB_SHORT,14464.25,14502.0,14664.25,12964.25,1,-76.74,eod,A+,1
2021-07-20,13:00,14:30,LONG,PM_LONG,14715.5,14759.75,14515.5,16215.5,1,87.26,no_move,A+,11
2021-07-21,11:00,12:30,LONG,PM_LONG,14776.25,14769.0,14576.25,16276.25,1,-15.74,no_move,A+,1
2021-07-21,13:40,15:10,LONG,PM_LONG,14780.0,14794.75,14580.0,16280.0,1,28.26,no_move,A+,1
2021-07-22,10:35,12:25,LONG,PM_LONG,14914.75,14876.75,14714.75,16414.75,1,-77.24,no_move,A+,3
2021-07-23,10:35,12:05,LONG,PM_LONG,15010.25,15060.5,14810.25,16510.25,1,99.26,no_move,A+,1
2021-07-23,13:10,14:40,LONG,PM_LONG,15097.75,15104.25,14897.75,16597.75,1,11.76,no_move,A+,2
2021-07-27,11:15,12:45,SHORT,ORB_SHORT,14861.5,14844.5,15061.5,13361.5,1,32.76,no_move,A+,1
2021-07-27,13:15,15:10,SHORT,ORB_SHORT,14790.75,14908.5,14990.75,13290.75,1,-236.74,eod,A+,1
2021-07-28,10:40,12:10,LONG,VWAP_LONG,15001.75,15020.5,14801.75,16501.75,1,36.26,no_move,A+,2
2021-07-29,10:40,12:10,LONG,PM_LONG,15061.0,15071.25,14861.0,16561.0,1,19.26,no_move,A+,1
2021-08-05,10:50,12:20,LONG,PM_LONG,15148.25,15151.5,14948.25,16648.25,1,5.26,no_move,A+,1
2021-08-06,10:55,12:25,SHORT,ORB_SHORT,15077.5,15095.25,15277.5,13577.5,1,-36.74,no_move,A+,3
2021-08-16,10:30,12:35,SHORT,ORB_SHORT,14958.5,14996.5,15158.5,13458.5,1,-77.24,no_move,A+,3
2021-08-17,13:00,14:30,SHORT,ORB_SHORT,14919.75,14954.25,15119.75,13419.75,1,-70.24,no_move,A+,7
2021-08-19,10:55,13:25,LONG,PM_LONG,14897.0,14944.0,14697.0,16397.0,1,92.76,no_move,A+,2
2021-08-23,11:30,13:00,LONG,PM_LONG,15284.75,15324.5,15084.75,16784.75,1,78.26,no_move,A+,1
2021-08-24,10:50,12:20,LONG,PM_LONG,15357.5,15343.5,15157.5,16857.5,1,-29.24,no_move,A+,9
2021-08-25,10:30,12:00,SHORT,ORB_SHORT,15353.25,15349.0,15553.25,13853.25,1,7.26,no_move,A+,10
2021-08-26,10:35,12:50,SHORT,ORB_SHORT,15294.75,15326.0,15494.75,13794.75,1,-63.74,no_move,A+,3
2021-08-30,11:45,13:15,LONG,PM_LONG,15592.75,15593.0,15392.75,17092.75,1,-0.74,no_move,A+,1
2021-09-08,10:30,12:00,SHORT,ORB_SHORT,15593.0,15543.25,15793.0,14093.0,1,98.26,no_move,A+,2
2021-09-20,10:30,13:25,SHORT,VWAP_SHORT,15036.25,14938.0,15236.25,13536.25,1,195.26,rev_exit,A+,4
2021-09-21,11:30,14:50,LONG,ORB_LONG,15099.5,15079.5,14899.5,16599.5,1,-41.24,no_move,A+,22
2021-09-22,11:50,13:20,LONG,PM_LONG,15173.25,15135.75,14973.25,16673.25,1,-76.24,no_move,A+,2
2021-09-23,10:45,12:15,LONG,PM_LONG,15326.0,15295.5,15126.0,16826.0,1,-62.24,no_move,A+,1
2021-09-23,13:05,14:35,LONG,PM_LONG,15325.5,15325.25,15125.5,16825.5,1,-1.74,no_move,A+,1
2021-09-28,10:35,12:05,SHORT,ORB_SHORT,14871.5,14813.25,15071.5,13371.5,1,115.26,no_move,A+,1
2021-09-29,11:00,14:10,LONG,PM_LONG,14860.25,14841.75,14660.25,16360.25,1,-38.24,no_move,A+,1
2021-09-30,11:45,13:15,SHORT,ORB_SHORT,14732.5,14758.75,14932.5,13232.5,1,-53.74,no_move,A+,3
2021-10-01,10:45,14:55,SHORT,ORB_SHORT,14589.5,14789.5,14789.5,13089.5,1,-401.24,stop,A+,7
2021-10-04,11:05,12:35,SHORT,ORB_SHORT,14453.75,14399.0,14653.75,12953.75,1,108.26,no_move,A+,1
2021-10-05,11:00,12:30,LONG,PM_LONG,14691.75,14717.25,14491.75,16191.75,1,49.76,no_move,A+,1
2021-10-05,13:40,15:10,LONG,PM_LONG,14742.0,14745.75,14542.0,16242.0,1,6.26,no_move,A+,1
2021-10-14,11:40,13:10,LONG,PM_LONG,15004.5,15026.25,14804.5,16504.5,1,42.26,no_move,A+,1
2021-10-15,10:55,12:25,LONG,PM_LONG,15110.5,15086.75,14910.5,16610.5,1,-48.74,no_move,A+,15
2021-10-18,13:15,14:45,LONG,PM_LONG,15238.75,15264.5,15038.75,16738.75,1,50.26,no_move,A+,2
2021-10-19,10:55,12:25,LONG,PM_LONG,15375.5,15382.75,15175.5,16875.5,1,13.26,no_move,A+,1
2021-10-20,13:05,14:35,SHORT,ORB_SHORT,15358.25,15368.75,15558.25,13858.25,1,-22.24,no_move,A+,31
2021-10-21,11:00,12:30,LONG,PM_LONG,15435.5,15418.75,15235.5,16935.5,1,-34.74,no_move,A+,1
2021-10-22,10:30,15:10,LONG,VWAP_LONG,15435.0,15341.0,15235.0,16935.0,1,-189.24,eod,A+,1
2021-10-27,13:25,14:55,LONG,PM_LONG,15706.0,15682.5,15506.0,17206.0,1,-48.24,no_move,A+,1
2021-11-02,11:45,13:15,LONG,PM_LONG,15964.75,15947.0,15764.75,17464.75,1,-36.74,no_move,A+,1
2021-11-04,11:10,12:40,LONG,PM_LONG,16297.75,16301.5,16097.75,17797.75,1,6.26,no_move,A+,18
2021-11-04,13:30,15:00,LONG,PM_LONG,16317.25,16329.5,16117.25,17817.25,1,23.26,no_move,A+,1
2021-11-05,11:50,15:10,LONG,PM_LONG,16433.75,16353.25,16233.75,17933.75,1,-162.24,eod,A+,1
2021-11-10,13:25,14:50,SHORT,VWAP_SHORT,16053.0,15957.75,16253.0,14553.0,1,189.26,stop,A+,1
2021-11-12,10:45,15:10,LONG,ORB_LONG,16086.75,16183.25,15886.75,17586.75,1,191.76,eod,A+,13
2021-11-15,11:50,13:20,SHORT,ORB_SHORT,16110.75,16148.75,16310.75,14610.75,1,-77.24,no_move,A+,3
2021-11-17,10:40,12:10,LONG,PM_LONG,16340.5,16359.0,16140.5,17840.5,1,35.76,no_move,A+,2
2021-11-18,11:10,12:55,LONG,MOM_LONG,16376.75,16428.16,16176.75,17876.75,1,101.58,stop,A+,18
2021-11-19,11:35,13:05,LONG,PM_LONG,16618.5,16604.0,16418.5,18118.5,1,-30.24,no_move,A+,2
2021-11-23,10:40,12:10,SHORT,ORB_SHORT,16217.0,16175.75,16417.0,14717.0,1,81.26,no_move,A+,8
2021-11-30,11:30,13:00,SHORT,ORB_SHORT,16133.75,16107.0,16333.75,14633.75,1,52.26,no_move,A+,3
2021-12-01,10:45,12:15,LONG,ORB_LONG,16356.75,16366.25,16156.75,17856.75,1,17.76,no_move,A+,8
2021-12-02,10:45,12:20,SHORT,VWAP_SHORT,15839.25,16039.25,16039.25,14339.25,1,-401.24,stop,A+,1
2021-12-03,10:50,12:15,SHORT,ORB_SHORT,15700.5,15620.0,15900.5,14200.5,1,159.76,stop,A+,1
2021-12-07,11:35,13:05,LONG,PM_LONG,16308.25,16310.25,16108.25,17808.25,1,2.76,no_move,A+,1
2021-12-09,10:30,12:00,SHORT,ORB_SHORT,16275.25,16274.75,16475.25,14775.25,1,-0.24,no_move,A+,3
2021-12-09,13:50,15:10,SHORT,ORB_SHORT,16228.75,16163.5,16428.75,14728.75,1,129.26,eod,A+,3
2021-12-10,11:05,15:10,SHORT,ORB_SHORT,16145.75,16245.25,16345.75,14645.75,1,-200.24,eod,A+,10
2021-12-13,11:00,12:30,SHORT,ORB_SHORT,16184.75,16173.25,16384.75,14684.75,1,21.76,no_move,A+,1
2021-12-22,10:35,12:10,LONG,PM_LONG,16065.5,16122.5,15865.5,17565.5,1,112.76,no_move,A+,1
2021-12-23,10:30,12:00,LONG,PM_LONG,16260.25,16318.25,16060.25,17760.25,1,114.76,no_move,A+,2
2021-12-23,13:25,14:55,LONG,PM_LONG,16331.5,16337.25,16131.5,17831.5,1,10.26,no_move,A+,1
2021-12-27,11:10,12:40,LONG,PM_LONG,16531.5,16520.75,16331.5,18031.5,1,-22.74,no_move,A+,1
2021-12-30,10:55,12:25,LONG,PM_LONG,16528.25,16542.75,16328.25,18028.25,1,27.76,no_move,A+,6
2022-01-06,10:10,10:55,SHORT,ORB_SHORT,15651.25,15851.25,15851.25,14151.25,1,-401.24,stop,A+,3
2022-01-06,11:15,12:45,LONG,PM_LONG,15848.5,15861.0,15648.5,17348.5,1,23.76,no_move,A+,1
2022-01-07,10:40,12:15,SHORT,ORB_SHORT,15587.5,15624.25,15787.5,14087.5,1,-74.74,no_move,A+,8
2022-01-11,11:10,12:20,LONG,PM_LONG,15702.75,15791.0,15502.75,17202.75,1,175.26,rev_exit,A+,3
2022-01-14,10:15,15:10,LONG,PM_LONG,15591.5,15529.5,15391.5,17091.5,1,-125.24,eod,A+,1
2022-01-21,10:05,10:25,SHORT,ORB_SHORT,14648.0,14595.91,14848.0,13148.0,1,102.94,stop,A+,3
2022-01-21,10:45,11:30,LONG,PM_LONG,14759.75,14804.19,14559.75,16259.75,1,87.64,stop,A+,4
2022-01-24,10:00,10:15,SHORT,ORB_SHORT,14086.0,14041.11,14286.0,12586.0,1,88.54,stop,A+,2
2022-01-24,10:20,11:15,SHORT,ORB_SHORT,14087.75,14038.7,14287.75,12587.75,1,96.86,stop,A+,1
2022-01-24,11:20,11:50,SHORT,ORB_SHORT,14007.0,13880.5,14207.0,12507.0,1,251.76,stop,A+,6
2022-01-25,11:05,12:35,SHORT,ORB_SHORT,14108.0,14086.25,14308.0,12608.0,1,42.26,no_move,A+,3
2022-01-28,10:50,11:30,LONG,PM_LONG,14108.75,14208.0,13908.75,15608.75,1,197.26,rev_exit,A+,1
2022-01-28,11:35,13:05,LONG,PM_LONG,14225.5,14254.75,14025.5,15725.5,1,57.26,no_move,A+,1
2022-01-31,10:40,12:10,LONG,PM_LONG,14694.5,14738.5,14494.5,16194.5,1,86.76,no_move,A+,1
2022-02-01,11:05,12:35,LONG,VWAP_LONG,14887.5,14858.5,14687.5,16387.5,1,-59.24,no_move,A+,17
2022-02-02,10:35,11:20,SHORT,VWAP_SHORT,15078.25,15005.5,15278.25,13578.25,1,144.26,stop,A+,11
2022-02-09,10:55,12:25,LONG,PM_LONG,14947.5,14950.5,14747.5,16447.5,1,4.76,no_move,A+,1
2022-02-11,11:10,12:40,SHORT,ORB_SHORT,14585.75,14557.25,14785.75,13085.75,1,55.76,no_move,A+,5
2022-02-14,11:15,12:45,LONG,PM_LONG,14338.0,14378.5,14138.0,15838.0,1,79.76,no_move,A+,1
2022-02-15,10:40,12:10,LONG,PM_LONG,14539.75,14517.0,14339.75,16039.75,1,-46.74,no_move,A+,2
2022-02-15,13:20,14:50,LONG,ORB_LONG,14529.25,14555.25,14329.25,16029.25,1,50.76,no_move,A+,1
2022-02-17,10:45,12:15,SHORT,ORB_SHORT,14344.5,14327.75,14544.5,12844.5,1,32.26,no_move,A+,3
2022-02-17,13:10,14:40,SHORT,ORB_SHORT,14308.75,14249.5,14508.75,12808.75,1,117.26,no_move,A+,1
2022-02-18,10:30,12:05,SHORT,ORB_SHORT,14066.0,14014.25,14266.0,12566.0,1,102.26,no_move,A+,5
2022-02-22,10:30,11:50,LONG,PM_LONG,14048.5,13848.5,13848.5,15548.5,1,-401.24,stop,A+,3
2022-02-23,11:30,13:00,SHORT,ORB_SHORT,13758.75,13751.75,13958.75,12258.75,1,12.76,no_move,A+,3
2022-02-23,13:10,15:10,SHORT,ORB_SHORT,13687.25,13545.0,13887.25,12187.25,1,283.26,eod,A+,2
2022-02-24,11:00,11:25,LONG,PM_LONG,13430.75,13494.75,13230.75,14930.75,1,126.76,rev_exit,A+,1
2022-02-24,11:30,13:00,LONG,PM_LONG,13495.0,13458.0,13295.0,14995.0,1,-75.24,no_move,A+,4
2022-02-24,13:35,15:10,LONG,PM_LONG,13593.0,13821.0,13393.0,15093.0,1,454.76,eod,A+,1
2022-02-25,10:30,11:00,LONG,VWAP_LONG,13986.25,14032.6,13786.25,15486.25,1,91.46,stop,A+,10
2022-02-25,13:55,15:10,LONG,PM_LONG,14110.75,14103.25,13910.75,15610.75,1,-16.24,eod,A+,6
2022-02-28,10:35,11:45,LONG,PM_LONG,14180.5,14230.9,13980.5,15680.5,1,99.56,stop,A+,3
2022-02-28,13:05,15:10,LONG,PM_LONG,14167.5,14044.25,13967.5,15667.5,1,-247.74,eod,A+,1
2022-03-01,10:30,11:55,LONG,PM_LONG,14229.0,14029.0,14029.0,15729.0,1,-401.24,stop,A+,4
2022-03-02,10:35,11:40,LONG,PM_LONG,14104.25,14157.69,13904.25,15604.25,1,105.64,stop,A+,1
2022-03-04,10:35,11:25,SHORT,ORB_SHORT,13835.75,13789.74,14035.75,12335.75,1,90.78,stop,A+,1
2022-03-04,13:40,15:00,SHORT,ORB_SHORT,13843.5,13797.82,14043.5,12343.5,1,90.12,stop,A+,1
2022-03-08,11:00,11:30,LONG,PM_LONG,13332.0,13132.0,13132.0,14832.0,1,-401.24,stop,A+,2
2022-03-08,13:25,14:00,LONG,PM_LONG,13525.0,13325.0,13325.0,15025.0,1,-401.24,stop,A+,2
2022-03-09,10:35,12:05,LONG,ORB_LONG,13644.0,13666.0,13444.0,15144.0,1,42.76,no_move,A+,1
2022-03-09,13:00,14:30,LONG,PM_LONG,13679.0,13730.0,13479.0,15179.0,1,100.76,no_move,A+,6
2022-03-10,10:30,12:00,SHORT,ORB_SHORT,13475.25,13463.75,13675.25,11975.25,1,21.76,no_move,A+,2
2022-03-11,11:10,12:40,SHORT,ORB_SHORT,13490.75,13433.5,13690.75,11990.75,1,113.26,no_move,A+,3
2022-03-15,11:55,13:25,LONG,PM_LONG,13323.75,13293.25,13123.75,14823.75,1,-62.24,no_move,A+,15
2022-03-16,10:30,12:00,LONG,PM_LONG,13852.25,13827.0,13652.25,15352.25,1,-51.74,no_move,A+,5
2022-03-17,13:20,14:20,LONG,PM_LONG,13998.5,14042.49,13798.5,15498.5,1,86.74,stop,A+,1
2022-03-21,11:05,12:05,LONG,VWAP_LONG,14330.25,14386.5,14130.25,15830.25,1,111.26,stop,A+,17
2022-03-22,13:00,14:30,LONG,PM_LONG,14627.5,14630.75,14427.5,16127.5,1,5.26,no_move,A+,1
2022-03-23,13:25,14:55,SHORT,VWAP_SHORT,14502.0,14501.0,14702.0,13002.0,1,0.76,no_move,A+,1
2022-03-24,13:00,14:30,LONG,PM_LONG,14625.5,14648.75,14425.5,16125.5,1,45.26,no_move,A+,1
2022-03-25,10:35,11:25,LONG,VWAP_LONG,14777.75,14577.75,14577.75,16277.75,1,-401.24,stop,A+,11
2022-03-29,13:45,15:10,LONG,PM_LONG,15178.0,15238.75,14978.0,16678.0,1,120.26,eod,A+,1
2022-03-30,11:10,13:20,SHORT,ORB_SHORT,15122.5,15161.5,15322.5,13622.5,1,-79.24,no_move,A+,3
2022-04-01,11:35,13:05,SHORT,ORB_SHORT,14788.0,14744.75,14988.0,13288.0,1,85.26,no_move,A+,2
2022-04-04,11:00,12:30,LONG,PM_LONG,15091.25,15125.25,14891.25,16591.25,1,66.76,no_move,A+,1
2022-04-06,10:35,12:05,SHORT,ORB_SHORT,14482.75,14480.75,14682.75,12982.75,1,2.76,no_move,A+,1
2022-04-07,10:40,12:10,SHORT,ORB_SHORT,14448.5,14406.42,14648.5,12948.5,1,82.92,stop,A+,1
2022-04-14,11:40,13:10,SHORT,ORB_SHORT,14017.75,13977.5,14217.75,12517.75,1,79.26,no_move,A+,1
2022-04-18,13:30,15:00,LONG,PM_LONG,13924.0,13918.75,13724.0,15424.0,1,-11.74,no_move,A+,1
2022-04-19,11:15,12:45,LONG,PM_LONG,14136.25,14155.25,13936.25,15636.25,1,36.76,no_move,A+,1
2022-04-19,13:50,15:10,LONG,PM_LONG,14164.75,14206.25,13964.75,15664.75,1,81.76,eod,A+,1
2022-04-22,10:30,12:35,SHORT,VWAP_SHORT,13626.5,13545.5,13826.5,12126.5,1,160.76,stop,A+,5
2022-04-25,10:30,11:45,LONG,PM_LONG,13446.75,13246.75,13246.75,14946.75,1,-401.24,stop,A+,3
2022-04-26,13:00,14:30,SHORT,ORB_SHORT,13151.25,13184.0,13351.25,11651.25,1,-66.74,no_move,A+,1
2022-04-27,11:00,12:50,LONG,PM_LONG,13103.0,13180.25,12903.0,14603.0,1,153.26,rev_exit,A+,1
2022-04-28,10:25,12:30,SHORT,ORB_SHORT,13065.5,13265.5,13265.5,11565.5,1,-401.24,stop,A+,9
2022-05-02,13:05,14:45,SHORT,VWAP_SHORT,12815.75,12782.0,13015.75,11315.75,1,66.26,no_move,A+,3
2022-05-03,11:05,13:00,LONG,PM_LONG,13127.0,13088.25,12927.0,14627.0,1,-78.74,no_move,A+,1
2022-05-04,13:00,14:05,LONG,ORB_LONG,13120.25,13170.31,12920.25,14620.25,1,98.88,stop,A+,22
2022-05-05,11:15,12:05,SHORT,ORB_SHORT,12906.0,12856.73,13106.0,11406.0,1,97.3,stop,A+,2
2022-05-06,10:50,12:30,LONG,ORB_LONG,12839.75,12810.75,12639.75,14339.75,1,-59.24,no_move,A+,2
2022-05-09,10:35,12:35,SHORT,ORB_SHORT,12296.75,12323.25,12496.75,10796.75,1,-54.24,no_move,A+,3
2022-05-11,13:05,14:35,SHORT,ORB_SHORT,12096.0,12107.25,12296.0,10596.0,1,-23.74,no_move,A+,3
2022-05-12,10:50,12:00,LONG,PM_LONG,12041.75,11841.75,11841.75,13541.75,1,-401.24,stop,A+,1
2022-05-12,13:10,14:15,SHORT,VWAP_SHORT,11869.5,11758.25,12069.5,10369.5,1,221.26,rev_exit,A+,4
2022-05-13,10:00,11:30,LONG,PM_LONG,12287.75,12341.25,12087.75,13787.75,1,105.76,no_move,A+,2
2022-05-18,11:05,12:50,SHORT,ORB_SHORT,12249.5,12117.25,12449.5,10749.5,1,263.26,stop,A+,2
2022-05-18,13:05,15:10,SHORT,ORB_SHORT,12045.5,11934.0,12245.5,10545.5,1,221.76,eod,A+,1
2022-05-19,10:30,11:50,LONG,PM_LONG,11954.0,12025.25,11754.0,13454.0,1,141.26,rev_exit,A+,1
2022-05-24,10:25,12:35,SHORT,ORB_SHORT,11646.5,11679.25,11846.5,10146.5,1,-66.74,no_move,A+,9
2022-05-24,13:00,14:45,SHORT,ORB_SHORT,11644.5,11674.5,11844.5,10144.5,1,-61.24,no_move,A+,1
2022-05-25,10:30,14:15,LONG,PM_LONG,11920.25,11885.0,11720.25,13420.25,1,-71.74,no_move,A+,5
2022-05-26,10:00,10:30,LONG,PM_LONG,12105.5,12146.11,11905.5,13605.5,1,79.98,stop,A+,2
2022-05-26,11:00,15:00,LONG,PM_LONG,12226.5,12279.15,12026.5,13726.5,1,104.06,stop,A+,1
2022-05-27,10:45,12:15,LONG,PM_LONG,12563.75,12587.5,12363.75,14063.75,1,46.26,no_move,A+,5
2022-05-31,11:50,13:20,LONG,PM_LONG,12698.0,12679.75,12498.0,14198.0,1,-37.74,no_move,A+,1
2022-05-31,13:50,15:10,LONG,PM_LONG,12733.25,12670.5,12533.25,14233.25,1,-126.74,eod,A+,1
2022-06-03,10:35,12:05,SHORT,ORB_SHORT,12580.5,12549.25,12780.5,11080.5,1,61.26,no_move,A+,5
2022-06-08,11:10,15:10,LONG,PM_LONG,12743.5,12619.75,12543.5,14243.5,1,-248.74,eod,A+,1
2022-06-09,11:40,13:10,LONG,ORB_LONG,12599.5,12592.0,12399.5,14099.5,1,-16.24,no_move,A+,1
2022-06-10,10:30,12:00,SHORT,ORB_SHORT,11889.0,11864.5,12089.0,10389.0,1,47.76,no_move,A+,7
2022-06-13,11:10,13:30,SHORT,ORB_SHORT,11351.75,11376.75,11551.75,9851.75,1,-51.24,no_move,A+,1
2022-06-20,10:30,12:00,LONG,ORB_LONG,11382.25,11418.75,11182.25,12882.25,1,71.76,no_move,A+,10
2022-06-21,13:05,14:35,LONG,PM_LONG,11619.5,11582.75,11419.5,13119.5,1,-74.74,no_move,A+,6
2022-06-22,11:30,13:15,LONG,PM_LONG,11698.5,11666.5,11498.5,13198.5,1,-65.24,no_move,A+,1
2022-06-23,10:30,12:10,LONG,VWAP_LONG,11656.25,11623.25,11456.25,13156.25,1,-67.24,no_move,A+,10
2022-06-28,11:40,13:15,SHORT,ORB_SHORT,11817.25,11757.75,12017.25,10317.25,1,117.76,no_move,A+,3
2022-06-29,10:30,12:00,LONG,ORB_LONG,11691.25,11678.0,11491.25,13191.25,1,-27.74,no_move,A+,1
2022-06-30,10:00,11:20,SHORT,ORB_SHORT,11360.75,11560.75,11560.75,9860.75,1,-401.24,stop,A+,2
2022-07-07,10:45,12:15,LONG,PM_LONG,12048.75,12087.25,11848.75,13548.75,1,75.76,no_move,A+,1
2022-07-13,10:40,12:25,LONG,ORB_LONG,11803.25,11775.5,11603.25,13303.25,1,-56.74,no_move,A+,3
2022-07-13,13:00,14:30,LONG,ORB_LONG,11842.25,11821.25,11642.25,13342.25,1,-43.24,no_move,A+,1
2022-07-19,13:35,15:05,LONG,PM_LONG,12232.25,12270.25,12032.25,13732.25,1,74.76,no_move,A+,1
2022-07-20,10:30,12:40,LONG,PM_LONG,12418.5,12463.05,12218.5,13918.5,1,87.86,stop,A+,5
2022-07-21,11:30,13:10,LONG,ORB_LONG,12536.25,12583.5,12336.25,14036.25,1,93.26,no_move,A+,2
2022-07-22,11:30,13:00,SHORT,ORB_SHORT,12458.0,12407.25,12658.0,10958.0,1,100.26,no_move,A+,3
2022-07-26,11:30,13:00,SHORT,ORB_SHORT,12148.0,12153.75,12348.0,10648.0,1,-12.74,no_move,A+,2
2022-07-27,11:00,12:30,LONG,PM_LONG,12434.75,12460.5,12234.75,13934.75,1,50.26,no_move,A+,1
2022-07-28,13:35,15:05,LONG,PM_LONG,12712.5,12741.5,12512.5,14212.5,1,56.76,no_move,A+,1
2022-07-29,10:30,12:00,LONG,PM_LONG,12888.0,12861.25,12688.0,14388.0,1,-54.74,no_move,A+,2
2022-08-03,11:00,15:10,LONG,PM_LONG,13140.75,13275.25,12940.75,14640.75,1,267.76,eod,A+,1
2022-08-09,11:00,12:30,SHORT,ORB_SHORT,12984.75,12976.25,13184.75,11484.75,1,15.76,no_move,A+,1
2022-08-10,11:00,12:30,LONG,ORB_LONG,13368.5,13341.5,13168.5,14868.5,1,-55.24,no_move,A+,1
2022-08-10,13:55,15:10,LONG,ORB_LONG,13370.5,13358.25,13170.5,14870.5,1,-25.74,eod,A+,1
2022-08-11,10:30,14:30,LONG,PM_LONG,13535.0,13335.0,13335.0,15035.0,1,-401.24,stop,A+,2
2022-08-12,11:00,12:30,LONG,PM_LONG,13448.5,13494.25,13248.5,14948.5,1,90.26,no_move,A+,1
2022-08-15,11:35,13:05,LONG,PM_LONG,13622.0,13672.75,13422.0,15122.0,1,100.26,no_move,A+,2
2022-08-16,13:35,15:10,LONG,PM_LONG,13697.75,13611.5,13497.75,15197.75,1,-173.74,eod,A+,1
2022-08-18,10:40,12:10,LONG,ORB_LONG,13506.75,13546.5,13306.75,15006.75,1,78.26,no_move,A+,8
2022-08-18,13:10,14:40,LONG,ORB_LONG,13517.75,13532.5,13317.75,15017.75,1,28.26,no_move,A+,2
2022-08-19,10:50,12:20,SHORT,ORB_SHORT,13280.0,13279.5,13480.0,11780.0,1,-0.24,no_move,A+,1
2022-08-19,13:30,15:00,SHORT,ORB_SHORT,13247.0,13238.5,13447.0,11747.0,1,15.76,no_move,A+,1
2022-08-22,10:30,12:00,SHORT,ORB_SHORT,12968.0,12988.75,13168.0,11468.0,1,-42.74,no_move,A+,7
2022-08-22,13:25,14:55,SHORT,ORB_SHORT,12942.75,12903.5,13142.75,11442.75,1,77.26,no_move,A+,1
2022-08-24,11:15,12:45,LONG,PM_LONG,12973.25,12946.5,12773.25,14473.25,1,-54.74,no_move,A+,2
2022-08-26,10:30,11:25,SHORT,ORB_SHORT,12934.25,12837.5,13134.25,11434.25,1,192.26,stop,A+,2
2022-09-01,11:00,12:30,SHORT,ORB_SHORT,12047.5,12067.25,12247.5,10547.5,1,-40.74,no_move,A+,6
2022-09-02,10:30,12:00,LONG,PM_LONG,12431.5,12408.25,12231.5,13931.5,1,-47.74,no_move,A+,1
2022-09-06,10:25,12:20,SHORT,ORB_SHORT,11994.0,12028.25,12194.0,10494.0,1,-69.74,no_move,A+,9
2022-09-06,13:05,14:40,SHORT,ORB_SHORT,11990.5,12021.5,12190.5,10490.5,1,-63.24,no_move,A+,1
2022-09-07,11:10,12:40,LONG,PM_LONG,12140.0,12162.75,11940.0,13640.0,1,44.26,no_move,A+,1
2022-09-09,10:35,12:05,LONG,PM_LONG,12547.5,12542.25,12347.5,14047.5,1,-11.74,no_move,A+,1
2022-09-12,11:35,13:05,LONG,PM_LONG,12713.75,12723.75,12513.75,14213.75,1,18.76,no_move,A+,2
2022-09-21,13:55,14:00,LONG,PM_LONG,12032.5,11832.5,11832.5,13532.5,1,-401.24,stop,A+,1
2022-09-22,10:50,12:25,SHORT,ORB_SHORT,11556.0,11574.5,11756.0,10056.0,1,-38.24,no_move,A+,2
2022-09-23,11:10,12:45,SHORT,ORB_SHORT,11377.5,11335.25,11577.5,9877.5,1,83.26,no_move,A+,1
2022-09-29,10:00,11:30,SHORT,ORB_SHORT,11210.75,11221.5,11410.75,9710.75,1,-22.74,no_move,A+,1
2022-09-29,13:50,15:10,SHORT,ORB_SHORT,11141.5,11162.25,11341.5,9641.5,1,-42.74,eod,A+,1
2022-10-03,13:20,15:10,LONG,PM_LONG,11249.5,11345.0,11049.5,12749.5,1,189.76,eod,A+,1
2022-10-04,10:40,12:10,LONG,PM_LONG,11659.5,11637.25,11459.5,13159.5,1,-45.74,no_move,A+,1
2022-10-04,13:50,14:05,LONG,PM_LONG,11608.5,11611.25,11408.5,13108.5,1,4.26,vwap_cross,A+,17
2022-10-05,10:30,13:05,SHORT,ORB_SHORT,11375.0,11575.0,11575.0,9875.0,1,-401.24,stop,A+,7
2022-10-05,13:15,14:45,LONG,PM_LONG,11602.75,11617.75,11402.75,13102.75,1,28.76,no_move,A+,1
2022-10-07,11:15,12:55,SHORT,ORB_SHORT,11197.0,11137.0,11397.0,9697.0,1,118.76,no_move,A+,1
2022-10-07,13:00,14:30,SHORT,ORB_SHORT,11124.5,11101.25,11324.5,9624.5,1,45.26,no_move,A+,1
2022-10-10,10:35,12:05,SHORT,ORB_SHORT,10954.25,10961.25,11154.25,9454.25,1,-15.24,no_move,A+,1
2022-10-10,13:10,15:10,SHORT,ORB_SHORT,10916.5,11021.75,11116.5,9416.5,1,-211.74,eod,A+,1
2022-10-11,11:45,13:15,LONG,ORB_LONG,10982.25,10987.25,10782.25,12482.25,1,8.76,no_move,A+,3
2022-10-13,11:15,11:25,LONG,PM_LONG,10874.0,10955.75,10674.0,12374.0,1,162.26,stop,A+,3
2022-10-13,13:30,15:00,LONG,PM_LONG,11106.5,11093.0,10906.5,12606.5,1,-28.24,no_move,A+,2
2022-10-14,10:00,10:25,SHORT,ORB_SHORT,10994.0,10920.0,11194.0,9494.0,1,146.76,stop,A+,1
2022-10-19,13:05,14:45,SHORT,ORB_SHORT,11074.75,11112.5,11274.75,9574.75,1,-76.74,no_move,A+,31
2022-10-25,11:05,12:35,LONG,PM_LONG,11670.75,11677.0,11470.75,13170.75,1,11.26,no_move,A+,2
2022-10-25,13:30,15:00,LONG,PM_LONG,11658.75,11685.0,11458.75,13158.75,1,51.26,no_move,A+,1
2022-10-31,11:55,13:25,LONG,VWAP_LONG,11459.75,11487.5,11259.75,12959.75,1,54.26,no_move,A+,16
2022-11-03,11:30,13:20,SHORT,ORB_SHORT,10761.25,10798.5,10961.25,9261.25,1,-75.74,no_move,A+,2
2022-11-04,10:50,12:00,LONG,VWAP_LONG,10881.25,10681.25,10681.25,12381.25,1,-401.24,stop,A+,14
2022-11-08,10:30,11:45,LONG,PM_LONG,11110.5,11190.25,10910.5,12610.5,1,158.26,rev_exit,A+,1
2022-11-08,11:50,14:20,LONG,PM_LONG,11203.25,11003.25,11003.25,12703.25,1,-401.24,stop,A+,1
2022-11-10,11:30,13:00,LONG,PM_LONG,11474.5,11458.5,11274.5,12974.5,1,-33.24,no_move,A+,1
2022-11-15,11:30,13:25,LONG,OPEN_LONG,12042.75,11842.75,11842.75,13542.75,1,-401.24,stop,A+,1
2022-11-16,13:30,15:00,SHORT,ORB_SHORT,11760.5,11749.5,11960.5,10260.5,1,20.76,no_move,A+,1
2022-11-22,10:45,12:15,LONG,PM_LONG,11642.0,11663.0,11442.0,13142.0,1,40.76,no_move,A+,1
2022-11-22,13:05,14:35,LONG,PM_LONG,11678.75,11700.75,11478.75,13178.75,1,42.76,no_move,A+,1
2022-11-23,11:00,14:00,LONG,PM_LONG,11873.25,11879.25,11673.25,13373.25,1,10.76,no_move,A+,3
2022-11-29,11:10,12:40,SHORT,ORB_SHORT,11517.25,11547.5,11717.25,10017.25,1,-61.74,no_move,A+,3
2022-12-06,11:15,12:45,SHORT,ORB_SHORT,11615.5,11599.5,11815.5,10115.5,1,30.76,no_move,A+,1
2022-12-06,13:05,14:35,SHORT,ORB_SHORT,11561.25,11515.0,11761.25,10061.25,1,91.26,no_move,A+,1
2022-12-07,11:20,13:55,SHORT,ORB_SHORT,11472.0,11507.0,11672.0,9972.0,1,-71.24,no_move,A+,1
2022-12-12,11:05,12:35,LONG,ORB_LONG,11598.25,11592.5,11398.25,13098.25,1,-12.74,no_move,A+,1
2022-12-14,11:00,12:35,LONG,PM_LONG,11925.75,11890.5,11725.75,13425.75,1,-71.74,no_move,A+,1
2022-12-14,13:35,14:00,LONG,PM_LONG,11943.5,11743.5,11743.5,13443.5,1,-401.24,stop,A+,2
2022-12-15,10:30,12:10,SHORT,ORB_SHORT,11435.0,11380.25,11635.0,9935.0,1,108.26,no_move,A+,1
2022-12-15,13:05,14:35,SHORT,ORB_SHORT,11319.25,11349.5,11519.25,9819.25,1,-61.74,no_move,A+,1
2022-12-19,10:35,12:05,SHORT,ORB_SHORT,11259.0,11225.75,11459.0,9759.0,1,65.26,no_move,A+,1
2022-12-19,13:40,15:10,SHORT,ORB_SHORT,11203.75,11142.75,11403.75,9703.75,1,120.76,eod,A+,2
2022-12-21,10:30,12:00,LONG,PM_LONG,11323.25,11319.0,11123.25,12823.25,1,-9.74,no_move,A+,1
2022-12-21,13:00,14:30,LONG,PM_LONG,11370.75,11372.25,11170.75,12870.75,1,1.76,no_move,A+,1
2022-12-22,11:10,13:40,SHORT,ORB_SHORT,11004.0,10915.75,11204.0,9504.0,1,175.26,rev_exit,A+,1
2022-12-28,10:50,12:30,SHORT,VWAP_SHORT,10865.75,10814.5,11065.75,9365.75,1,101.26,no_move,A+,1
2022-12-30,13:20,14:50,SHORT,MOM_SHORT,10892.0,10906.5,11092.0,9392.0,1,-30.24,no_move,A+,1
2023-01-11,10:30,12:00,LONG,PM_LONG,11353.5,11381.5,11153.5,12853.5,1,54.76,no_move,A+,1
2023-01-11,13:00,14:30,LONG,PM_LONG,11420.25,11414.75,11220.25,12920.25,1,-12.24,no_move,A+,1
2023-01-12,10:15,11:50,LONG,MOM_LONG,11496.75,11462.0,11296.75,12996.75,1,-70.74,no_move,A+,4
2023-01-12,13:50,15:10,LONG,ORB_LONG,11565.25,11504.25,11365.25,13065.25,1,-123.24,eod,A+,1
2023-01-13,13:40,15:10,LONG,PM_LONG,11560.75,11571.5,11360.75,13060.75,1,20.26,no_move,A+,3
2023-01-17,10:30,12:00,LONG,PM_LONG,11641.25,11627.25,11441.25,13141.25,1,-29.24,no_move,A+,6
2023-01-19,10:30,12:00,SHORT,ORB_SHORT,11366.0,11344.0,11566.0,9866.0,1,42.76,no_move,A+,1
2023-01-20,10:30,12:00,LONG,PM_LONG,11484.75,11536.0,11284.75,12984.75,1,101.26,no_move,A+,3
2023-01-20,13:00,15:10,LONG,PM_LONG,11541.0,11672.25,11341.0,13041.0,1,261.26,eod,A+,1
2023-01-23,11:00,12:30,LONG,PM_LONG,11909.5,11925.75,11709.5,13409.5,1,31.26,no_move,A+,1
2023-01-23,13:00,14:30,LONG,PM_LONG,11948.25,11928.75,11748.25,13448.25,1,-40.24,no_move,A+,1
2023-01-24,13:40,15:10,LONG,PM_LONG,11929.25,11901.5,11729.25,13429.25,1,-56.74,no_move,A+,1
2023-01-26,13:35,15:05,LONG,PM_LONG,12030.25,12052.25,11830.25,13530.25,1,42.76,no_move,A+,39
2023-01-27,13:40,15:10,LONG,PM_LONG,12248.5,12278.5,12048.5,13748.5,1,58.76,no_move,A+,2
2023-01-30,10:40,12:45,SHORT,ORB_SHORT,11993.25,12020.25,12193.25,10493.25,1,-55.24,no_move,A+,5
2023-01-31,10:50,12:20,LONG,PM_LONG,12059.75,12075.75,11859.75,13559.75,1,30.76,no_move,A+,4
2023-01-31,13:45,15:10,LONG,PM_LONG,12096.75,12096.25,11896.75,13596.75,1,-2.24,eod,A+,1
2023-02-02,10:30,12:00,LONG,PM_LONG,12790.5,12789.25,12590.5,14290.5,1,-3.74,no_move,A+,1
2023-02-02,13:00,15:10,LONG,PM_LONG,12854.25,12763.75,12654.25,14354.25,1,-182.24,eod,A+,1
2023-02-07,11:30,13:00,LONG,PM_LONG,12586.25,12718.25,12386.25,14086.25,1,262.76,stop,A+,1
2023-02-07,13:25,15:05,LONG,PM_LONG,12547.75,12670.5,12347.75,14047.75,1,244.26,stop,A+,5
2023-02-08,11:00,12:30,SHORT,ORB_SHORT,12605.5,12569.75,12805.5,11105.5,1,70.26,no_move,A+,1
2023-02-13,13:25,15:05,LONG,PM_LONG,12551.25,12513.5,12351.25,14051.25,1,-76.74,no_move,A+,1
2023-02-14,10:00,10:45,LONG,ORB_LONG,12630.75,12430.75,12430.75,14130.75,1,-401.24,stop,A+,2
2023-02-14,13:15,14:45,LONG,ORB_LONG,12594.0,12631.0,12394.0,14094.0,1,72.76,no_move,A+,1
2023-02-15,11:05,12:35,LONG,MOM_LONG,12602.75,12624.25,12402.75,14102.75,1,41.76,no_move,A+,1
2023-02-17,11:00,12:30,SHORT,ORB_SHORT,12313.75,12306.25,12513.75,10813.75,1,13.76,no_move,A+,1
2023-02-24,10:30,12:00,SHORT,ORB_SHORT,11956.25,11978.75,12156.25,10456.25,1,-46.24,no_move,A+,3
2023-02-24,13:20,14:50,SHORT,ORB_SHORT,11959.25,11988.25,12159.25,10459.25,1,-59.24,no_move,A+,30
2023-02-27,10:30,12:50,LONG,ORB_LONG,12148.25,12111.0,11948.25,13648.25,1,-75.74,no_move,A+,2
2023-02-28,13:30,15:10,LONG,PM_LONG,12158.5,12108.25,11958.5,13658.5,1,-101.74,eod,A+,1
2023-03-01,11:10,13:30,SHORT,ORB_SHORT,11933.25,11964.5,12133.25,10433.25,1,-63.74,no_move,A+,3
2023-03-03,10:30,12:00,LONG,PM_LONG,12213.75,12220.75,12013.75,13713.75,1,12.76,no_move,A+,5
2023-03-03,13:05,14:35,LONG,PM_LONG,12271.5,12294.0,12071.5,13771.5,1,43.76,no_move,A+,1
2023-03-06,10:40,12:10,LONG,PM_LONG,12470.5,12463.0,12270.5,13970.5,1,-16.24,no_move,A+,1
2023-03-07,10:40,12:10,SHORT,ORB_SHORT,12249.0,12229.5,12449.0,10749.0,1,37.76,no_move,A+,5
2023-03-07,13:00,15:10,SHORT,ORB_SHORT,12243.0,12162.75,12443.0,10743.0,1,159.26,eod,A+,1
2023-03-08,10:30,12:00,LONG,PM_LONG,12217.0,12235.25,12017.0,13717.0,1,35.26,no_move,A+,1
2023-03-09,10:30,13:35,LONG,PM_LONG,12332.5,12132.5,12132.5,13832.5,1,-401.24,stop,A+,1
2023-03-10,13:15,14:45,SHORT,ORB_SHORT,11883.25,11893.25,12083.25,10383.25,1,-21.24,no_move,A+,1
2023-03-13,11:10,12:05,LONG,PM_LONG,11986.0,12026.95,11786.0,13486.0,1,80.66,stop,A+,4
2023-03-14,10:30,12:00,LONG,PM_LONG,12184.25,12195.5,11984.25,13684.25,1,21.26,no_move,A+,4
2023-03-16,10:40,12:00,LONG,PM_LONG,12316.25,12497.0,12116.25,13816.25,1,360.26,stop,A+,2
2023-03-16,13:00,14:35,LONG,PM_LONG,12553.75,12528.75,12353.75,14053.75,1,-51.24,no_move,A+,1
2023-03-20,10:55,12:25,LONG,ORB_LONG,12644.0,12604.5,12444.0,14144.0,1,-80.24,no_move,A+,1
2023-03-22,10:30,12:00,LONG,PM_LONG,12927.75,12922.0,12727.75,14427.75,1,-12.74,no_move,A+,3
2023-03-23,11:25,12:55,LONG,PM_LONG,12976.5,12959.5,12776.5,14476.5,1,-35.24,no_move,A+,1
2023-03-28,13:45,15:10,SHORT,ORB_SHORT,12654.0,12697.25,12854.0,11154.0,1,-87.74,eod,A+,4
2023-03-29,11:20,12:50,LONG,PM_LONG,12894.75,12913.5,12694.75,14394.75,1,36.26,no_move,A+,20
2023-03-29,13:05,14:35,LONG,PM_LONG,12923.25,12931.75,12723.25,14423.25,1,15.76,no_move,A+,1
2023-03-30,10:30,12:00,LONG,PM_LONG,13083.5,13075.75,12883.5,14583.5,1,-16.74,no_move,A+,1
2023-03-31,10:30,12:00,LONG,PM_LONG,13167.75,13217.5,12967.75,14667.75,1,98.26,no_move,A+,4
2023-03-31,13:55,15:10,LONG,PM_LONG,13228.5,13266.0,13028.5,14728.5,1,73.76,eod,A+,1
2023-04-03,11:10,12:40,SHORT,ORB_SHORT,13166.0,13186.0,13366.0,11666.0,1,-41.24,no_move,A+,4
2023-04-05,10:30,12:00,SHORT,ORB_SHORT,13083.0,13039.5,13283.0,11583.0,1,85.76,no_move,A+,2
2023-04-06,11:00,15:10,LONG,ORB_LONG,13044.25,13167.75,12844.25,14544.25,1,245.76,eod,A+,1
2023-04-11,10:35,12:05,SHORT,ORB_SHORT,13081.5,13086.5,13281.5,11581.5,1,-11.24,no_move,A+,3
2023-04-12,10:35,12:05,SHORT,ORB_SHORT,13044.75,13081.25,13244.75,11544.75,1,-74.24,no_move,A+,2
2023-04-13,13:10,14:40,LONG,PM_LONG,13163.0,13210.0,12963.0,14663.0,1,92.76,no_move,A+,1
2023-04-20,11:05,14:15,SHORT,MOM_SHORT,13102.5,13130.75,13302.5,11602.5,1,-57.74,no_move,A+,2
2023-04-21,13:40,15:10,LONG,PM_LONG,13099.75,13063.5,12899.75,14599.75,1,-73.74,no_move,A+,1
2023-04-25,11:50,13:20,SHORT,ORB_SHORT,12922.75,12872.5,13122.75,11422.75,1,99.26,no_move,A+,1
2023-04-25,13:45,15:10,SHORT,ORB_SHORT,12862.75,12851.5,13062.75,11362.75,1,21.26,eod,A+,1
2023-04-27,10:30,12:00,LONG,PM_LONG,13099.5,13146.25,12899.5,14599.5,1,92.26,no_move,A+,1
2023-04-28,10:30,12:00,LONG,PM_LONG,13274.25,13257.0,13074.25,14774.25,1,-35.74,no_move,A+,6
2023-04-28,13:00,14:30,LONG,PM_LONG,13273.75,13278.0,13073.75,14773.75,1,7.26,no_move,A+,2
2023-05-01,10:30,12:00,SHORT,VWAP_SHORT,13295.25,13305.0,13495.25,11795.25,1,-20.74,no_move,A+,10
2023-05-04,10:35,12:05,SHORT,ORB_SHORT,13014.25,13040.0,13214.25,11514.25,1,-52.74,no_move,A+,4
2023-05-05,11:05,12:35,LONG,PM_LONG,13256.75,13253.25,13056.75,14756.75,1,-8.24,no_move,A+,14
2023-05-05,13:20,15:10,LONG,PM_LONG,13283.5,13341.25,13083.5,14783.5,1,114.26,no_move,A+,1
2023-05-08,10:30,14:05,SHORT,ORB_SHORT,13260.25,13299.5,13460.25,11760.25,1,-79.74,no_move,A+,1
2023-05-11,10:30,13:45,SHORT,ORB_SHORT,13376.5,13400.25,13576.5,11876.5,1,-48.74,no_move,A+,10
2023-05-12,10:30,12:00,SHORT,ORB_SHORT,13391.25,13383.75,13591.25,11891.25,1,13.76,no_move,A+,2
2023-05-12,13:55,15:10,SHORT,ORB_SHORT,13320.5,13344.5,13520.5,11820.5,1,-49.24,eod,A+,1
2023-05-15,11:15,12:45,LONG,ORB_LONG,13425.5,13437.0,13225.5,14925.5,1,21.76,no_move,A+,19
2023-05-15,13:10,14:40,LONG,PM_LONG,13470.5,13457.5,13270.5,14970.5,1,-27.24,no_move,A+,2
2023-05-17,11:20,15:10,LONG,VWAP_LONG,13522.25,13655.25,13322.25,15022.25,1,264.76,eod,A+,16
2023-05-18,10:40,12:05,LONG,PM_LONG,13765.25,13805.86,13565.25,15265.25,1,79.98,stop,A+,1
2023-05-18,13:25,14:55,LONG,PM_LONG,13798.75,13815.0,13598.75,15298.75,1,31.26,no_move,A+,6
2023-05-19,11:05,12:35,SHORT,ORB_SHORT,13873.0,13847.25,14073.0,12373.0,1,50.26,no_move,A+,17
2023-05-22,13:15,14:45,LONG,PM_LONG,13891.75,13926.5,13691.75,15391.75,1,68.26,no_move,A+,27
2023-05-24,10:45,12:15,SHORT,ORB_SHORT,13587.5,13586.75,13787.5,12087.5,1,0.26,no_move,A+,3
2023-05-25,10:45,12:15,LONG,VWAP_LONG,13925.75,13977.25,13725.75,15425.75,1,101.76,no_move,A+,13
2023-05-31,10:30,12:00,SHORT,ORB_SHORT,14295.0,14307.5,14495.0,12795.0,1,-26.24,no_move,A+,6
2023-06-01,10:40,15:10,LONG,PM_LONG,14360.25,14522.5,14160.25,15860.25,1,323.26,eod,A+,1
2023-06-02,11:00,12:30,LONG,PM_LONG,14594.75,14579.5,14394.75,16094.75,1,-31.74,no_move,A+,1
2023-06-05,10:35,13:25,LONG,PM_LONG,14609.0,14652.5,14409.0,16109.0,1,85.76,no_move,A+,1
2023-06-06,10:45,12:15,LONG,PM_LONG,14601.0,14596.0,14401.0,16101.0,1,-11.24,no_move,A+,1
2023-06-07,13:20,14:50,SHORT,ORB_SHORT,14370.75,14360.75,14570.75,12870.75,1,18.76,no_move,A+,3
2023-06-12,10:45,12:15,LONG,ORB_LONG,14640.5,14656.0,14440.5,16140.5,1,29.76,no_move,A+,13
2023-06-12,13:45,15:10,LONG,PM_LONG,14700.25,14778.25,14500.25,16200.25,1,154.76,eod,A+,2
2023-06-15,10:30,12:10,LONG,PM_LONG,15049.25,15101.25,14849.25,16549.25,1,102.76,no_move,A+,1
2023-06-15,13:40,15:10,LONG,PM_LONG,15143.0,15238.75,14943.0,16643.0,1,190.26,eod,A+,1
2023-06-21,11:10,12:45,SHORT,ORB_SHORT,15019.5,15058.25,15219.5,13519.5,1,-78.74,no_move,A+,1
2023-06-27,11:25,15:10,LONG,PM_LONG,14982.25,15131.0,14782.25,16482.25,1,296.26,eod,A+,1
2023-06-28,10:30,12:00,LONG,PM_LONG,15163.5,15178.5,14963.5,16663.5,1,28.76,no_move,A+,4
2023-06-29,10:30,12:10,SHORT,ORB_SHORT,15075.5,15101.0,15275.5,13575.5,1,-52.24,no_move,A+,4
2023-06-30,10:35,12:10,LONG,PM_LONG,15352.75,15313.0,15152.75,16852.75,1,-80.74,no_move,A+,3
2023-06-30,13:30,15:00,LONG,PM_LONG,15357.0,15338.5,15157.0,16857.0,1,-38.24,no_move,A+,1
2023-07-07,13:35,15:10,LONG,PM_LONG,15345.0,15291.0,15145.0,16845.0,1,-109.24,eod,A+,1
2023-07-10,11:45,13:15,SHORT,ORB_SHORT,15120.25,15145.75,15320.25,13620.25,1,-52.24,no_move,A+,1
2023-07-11,11:55,13:25,LONG,ORB_LONG,15236.0,15197.5,15036.0,16736.0,1,-78.24,no_move,A+,1
2023-07-12,10:30,13:30,LONG,PM_LONG,15480.0,15450.25,15280.0,16980.0,1,-60.74,no_move,A+,1
2023-07-13,11:00,12:30,LONG,PM_LONG,15616.5,15648.0,15416.5,17116.5,1,61.76,no_move,A+,1
2023-07-13,13:25,14:55,LONG,PM_LONG,15660.75,15682.25,15460.75,17160.75,1,41.76,no_move,A+,1
2023-07-14,10:30,12:00,LONG,PM_LONG,15826.0,15797.5,15626.0,17326.0,1,-58.24,no_move,A+,1
2023-07-17,10:35,12:05,LONG,PM_LONG,15752.5,15798.5,15552.5,17252.5,1,90.76,no_move,A+,6
2023-07-18,11:35,15:10,LONG,VWAP_LONG,15812.25,16019.0,15612.25,17312.25,1,412.26,eod,A+,14
2023-07-19,10:40,12:10,LONG,PM_LONG,16036.75,16036.75,15836.75,17536.75,1,-1.24,no_move,A+,12
2023-07-20,10:30,12:15,SHORT,ORB_SHORT,15717.75,15747.0,15917.75,14217.75,1,-59.74,no_move,A+,7
2023-07-25,13:00,14:30,LONG,PM_LONG,15698.0,15723.5,15498.0,17198.0,1,49.76,no_move,A+,1
2023-07-26,10:55,12:25,SHORT,ORB_SHORT,15537.75,15557.5,15737.75,14037.75,1,-40.74,no_move,A+,3
2023-07-28,10:30,12:00,LONG,PM_LONG,15836.75,15870.75,15636.75,17336.75,1,66.76,no_move,A+,1
2023-08-02,11:55,13:40,SHORT,ORB_SHORT,15447.75,15485.25,15647.75,13947.75,1,-76.24,no_move,A+,3
2023-08-07,11:05,12:35,SHORT,ORB_SHORT,15365.75,15398.0,15565.75,13865.75,1,-65.74,no_move,A+,17
2023-08-08,10:50,12:20,SHORT,ORB_SHORT,15263.5,15273.75,15463.5,13763.5,1,-21.74,no_move,A+,1
2023-08-09,10:50,12:20,SHORT,ORB_SHORT,15225.5,15192.0,15425.5,13725.5,1,65.76,no_move,A+,1
2023-08-16,11:45,13:15,SHORT,VWAP_SHORT,15059.5,15004.25,15259.5,13559.5,1,109.26,no_move,A+,9
2023-08-17,11:05,13:20,SHORT,ORB_SHORT,14876.5,14906.75,15076.5,13376.5,1,-61.74,no_move,A+,1
2023-08-17,13:40,15:10,SHORT,ORB_SHORT,14868.25,14774.0,15068.25,13368.25,1,187.26,eod,A+,1
2023-08-21,11:00,12:30,LONG,PM_LONG,14851.5,14874.25,14651.5,16351.5,1,44.26,no_move,A+,10
2023-08-21,13:20,14:50,LONG,PM_LONG,14930.25,14987.25,14730.25,16430.25,1,112.76,no_move,A+,12
2023-08-22,13:00,14:30,SHORT,ORB_SHORT,14950.25,14985.0,15150.25,13450.25,1,-70.74,no_move,A+,9
2023-08-23,11:55,13:25,LONG,PM_LONG,15200.25,15221.0,15000.25,16700.25,1,40.26,no_move,A+,1
2023-08-24,11:35,13:05,SHORT,ORB_SHORT,14971.5,15003.75,15171.5,13471.5,1,-65.74,no_move,A+,1
2023-08-25,10:40,12:10,SHORT,ORB_SHORT,14826.5,14845.0,15026.5,13326.5,1,-38.24,no_move,A+,3
2023-08-29,13:35,15:05,LONG,PM_LONG,15392.5,15405.25,15192.5,16892.5,1,24.26,no_move,A+,1
2023-08-30,10:55,12:25,LONG,PM_LONG,15473.0,15509.25,15273.0,16973.0,1,71.26,no_move,A+,1
2023-09-01,10:55,12:25,SHORT,ORB_SHORT,15494.75,15499.0,15694.75,13994.75,1,-9.74,no_move,A+,1
2023-09-05,11:00,12:30,LONG,PM_LONG,15558.0,15546.5,15358.0,17058.0,1,-24.24,no_move,A+,1
2023-09-08,10:30,12:00,LONG,PM_LONG,15355.5,15335.25,15155.5,16855.5,1,-41.74,no_move,A+,4
2023-09-12,13:50,15:10,SHORT,ORB_SHORT,15347.25,15303.25,15547.25,13847.25,1,86.76,eod,A+,3
2023-09-13,10:40,12:10,LONG,PM_LONG,15360.5,15364.25,15160.5,16860.5,1,6.26,no_move,A+,3
2023-09-14,10:40,12:10,LONG,ORB_LONG,15450.0,15480.75,15250.0,16950.0,1,60.26,no_move,A+,1
2023-09-19,10:35,12:05,SHORT,ORB_SHORT,15254.25,15270.0,15454.25,13754.25,1,-32.74,no_move,A+,1
2023-09-22,10:30,12:00,LONG,PM_LONG,14993.25,14978.0,14793.25,16493.25,1,-31.74,no_move,A+,1
2023-09-25,11:15,12:45,LONG,PM_LONG,14913.0,14886.25,14713.0,16413.0,1,-54.74,no_move,A+,3
2023-09-26,11:30,13:00,SHORT,ORB_SHORT,14747.75,14768.75,14947.75,13247.75,1,-43.24,no_move,A+,5
2023-09-26,13:35,15:05,SHORT,ORB_SHORT,14716.0,14704.25,14916.0,13216.0,1,22.26,no_move,A+,1
2023-09-27,13:20,15:10,SHORT,ORB_SHORT,14633.25,14786.5,14833.25,13133.25,1,-307.74,eod,A+,3
2023-09-28,10:30,11:50,SHORT,MOM_SHORT,14697.75,14897.75,14897.75,13197.75,1,-401.24,stop,A+,1
2023-09-29,11:20,15:10,LONG,MOM_LONG,15006.0,14879.75,14806.0,16506.0,1,-253.74,eod,A+,15
2023-10-02,11:15,15:10,LONG,PM_LONG,15003.75,14889.5,14803.75,16503.75,1,-229.74,eod,A+,2
2023-10-03,11:30,13:05,SHORT,ORB_SHORT,14721.0,14755.25,14921.0,13221.0,1,-69.74,no_move,A+,1
2023-10-04,11:45,13:15,LONG,PM_LONG,14865.75,14867.0,14665.75,16365.75,1,1.26,no_move,A+,1
2023-10-05,10:35,15:10,SHORT,ORB_SHORT,14731.75,14876.75,14931.75,13231.75,1,-291.24,eod,A+,2
2023-10-09,13:00,15:10,LONG,PM_LONG,15068.0,15195.0,14868.0,16568.0,1,252.76,eod,A+,1
2023-10-10,11:05,12:35,LONG,PM_LONG,15317.75,15364.0,15117.75,16817.75,1,91.26,no_move,A+,1
2023-10-11,10:50,14:20,LONG,PM_LONG,15356.5,15328.25,15156.5,16856.5,1,-57.74,no_move,A+,1
2023-10-12,10:45,12:15,LONG,ORB_LONG,15426.0,15448.5,15226.0,16926.0,1,43.76,no_move,A+,1
2023-10-12,13:05,14:25,SHORT,ORB_SHORT,15364.0,15265.5,15564.0,13864.0,1,195.76,rev_exit,A+,9
2023-10-16,10:30,12:05,LONG,PM_LONG,15308.25,15281.5,15108.25,16808.25,1,-54.74,no_move,A+,7
2023-10-16,13:00,14:30,LONG,PM_LONG,15304.5,15306.75,15104.5,16804.5,1,3.26,no_move,A+,1
2023-10-19,13:05,14:40,LONG,VWAP_LONG,15101.25,14901.25,14901.25,16601.25,1,-401.24,stop,A+,5
2023-10-20,10:30,11:55,SHORT,ORB_SHORT,14770.0,14720.5,14970.0,13270.0,1,97.76,stop,A+,8
2023-10-23,13:00,14:35,LONG,PM_LONG,14825.75,14787.25,14625.75,16325.75,1,-78.24,no_move,A+,2
2023-10-24,11:00,14:30,LONG,PM_LONG,14859.25,14819.5,14659.25,16359.25,1,-80.74,no_move,A+,1
2023-10-25,10:30,12:20,SHORT,VWAP_SHORT,14638.0,14584.25,14838.0,13138.0,1,106.26,no_move,A+,1
2023-10-25,13:00,14:30,SHORT,ORB_SHORT,14521.75,14484.75,14721.75,13021.75,1,72.76,no_move,A+,1
2023-10-26,11:25,13:05,SHORT,ORB_SHORT,14257.5,14204.74,14457.5,12757.5,1,104.28,stop,A+,1
2023-10-26,13:20,15:10,SHORT,ORB_SHORT,14147.75,14275.75,14347.75,12647.75,1,-257.24,eod,A+,1
2023-10-27,11:10,15:10,LONG,PM_LONG,14375.0,14239.25,14175.0,15875.0,1,-272.74,eod,A+,3
2023-10-30,11:00,11:05,LONG,PM_LONG,14381.5,14382.5,14181.5,15881.5,1,0.76,vwap_cross,A+,16
2023-10-30,13:25,14:55,LONG,PM_LONG,14398.5,14436.75,14198.5,15898.5,1,75.26,no_move,A+,1
2023-10-31,10:50,12:25,LONG,VWAP_LONG,14427.5,14396.5,14227.5,15927.5,1,-63.24,no_move,A+,3
2023-10-31,13:40,15:10,LONG,PM_LONG,14464.5,14493.25,14264.5,15964.5,1,56.26,no_move,A+,1
2023-11-01,10:30,12:00,LONG,PM_LONG,14629.0,14604.25,14429.0,16129.0,1,-50.74,no_move,A+,4
2023-11-01,13:10,14:40,LONG,PM_LONG,14611.0,14582.5,14411.0,16111.0,1,-58.24,no_move,A+,1
2023-11-02,10:35,12:05,LONG,VWAP_LONG,14939.25,14934.0,14739.25,16439.25,1,-11.74,no_move,A+,11
2023-11-02,13:10,14:40,LONG,PM_LONG,14975.25,15002.0,14775.25,16475.25,1,52.26,no_move,A+,1
2023-11-03,13:55,15:10,LONG,PM_LONG,15191.5,15216.0,14991.5,16691.5,1,47.76,eod,A+,1
2023-11-06,13:15,14:45,SHORT,ORB_SHORT,15154.0,15193.5,15354.0,13654.0,1,-80.24,no_move,A+,1
2023-11-09,11:05,12:35,LONG,PM_LONG,15415.5,15383.0,15215.5,16915.5,1,-66.24,no_move,A+,17
2023-11-10,11:00,15:10,LONG,PM_LONG,15404.75,15574.0,15204.75,16904.75,1,337.26,eod,A+,1
2023-11-14,10:55,12:25,LONG,PM_LONG,15867.75,15839.0,15667.75,17367.75,1,-58.74,no_move,A+,5
2023-11-15,10:50,15:10,LONG,VWAP_LONG,15965.25,15906.5,15765.25,17465.25,1,-118.74,eod,A+,14
2023-11-20,11:00,12:30,LONG,PM_LONG,16015.75,16018.5,15815.75,17515.75,1,4.26,no_move,A+,3
2023-11-20,13:00,14:30,LONG,PM_LONG,16053.5,16077.0,15853.5,17553.5,1,45.76,no_move,A+,1
2023-11-21,10:30,12:00,SHORT,ORB_SHORT,15925.25,15960.5,16125.25,14425.25,1,-71.74,no_move,A+,3
2023-11-24,10:50,12:20,SHORT,ORB_SHORT,15996.25,16013.0,16196.25,14496.25,1,-34.74,no_move,A+,5
2023-11-27,11:00,12:30,LONG,PM_LONG,16027.0,16058.75,15827.0,17527.0,1,62.26,no_move,A+,5
2023-11-27,13:00,15:10,LONG,PM_LONG,16083.5,16021.0,15883.5,17583.5,1,-126.24,eod,A+,1
2023-11-28,10:35,12:05,LONG,PM_LONG,16010.25,16046.0,15810.25,17510.25,1,70.26,no_move,A+,1
2023-11-30,10:35,12:05,SHORT,ORB_SHORT,15913.0,15894.5,16113.0,14413.0,1,35.76,no_move,A+,2
2023-11-30,13:30,15:00,SHORT,ORB_SHORT,15882.5,15911.5,16082.5,14382.5,1,-59.24,no_move,A+,19
2023-12-01,10:30,15:10,SHORT,VWAP_SHORT,15901.75,16019.25,16101.75,14401.75,1,-236.24,eod,A+,10
2023-12-04,10:30,15:10,SHORT,ORB_SHORT,15736.5,15814.25,15936.5,14236.5,1,-156.74,eod,A+,5
2023-12-05,10:45,15:10,LONG,PM_LONG,15951.25,15900.25,15751.25,17451.25,1,-103.24,eod,A+,1
2023-12-08,10:30,12:00,LONG,PM_LONG,16060.0,16026.75,15860.0,17560.0,1,-67.74,no_move,A+,1
2023-12-11,10:45,12:15,LONG,PM_LONG,16186.0,16176.75,15986.0,17686.0,1,-19.74,no_move,A+,1
2023-12-11,13:20,14:50,LONG,PM_LONG,16222.0,16224.5,16022.0,17722.0,1,3.76,no_move,A+,1
2023-12-12,13:45,15:10,LONG,ORB_LONG,16314.0,16347.0,16114.0,17814.0,1,64.76,eod,A+,1
2023-12-18,11:30,13:00,LONG,PM_LONG,16906.75,16923.5,16706.75,18406.75,1,32.26,no_move,A+,1
2023-12-18,13:25,14:55,LONG,PM_LONG,16948.5,16961.0,16748.5,18448.5,1,23.76,no_move,A+,1
2023-12-20,10:45,12:15,LONG,PM_LONG,17050.0,17046.5,16850.0,18550.0,1,-8.24,no_move,A+,13
2023-12-20,13:00,14:50,LONG,PM_LONG,17060.25,16860.25,16860.25,18560.25,1,-401.24,stop,A+,2
2023-12-21,13:15,15:10,SHORT,ORB_SHORT,16816.75,16898.0,17016.75,15316.75,1,-163.74,eod,A+,43
2023-12-27,13:10,14:40,LONG,PM_LONG,17108.25,17077.0,16908.25,18608.25,1,-63.74,no_move,A+,42
2023-12-28,13:00,14:30,SHORT,ORB_SHORT,17112.25,17119.0,17312.25,15612.25,1,-14.74,no_move,A+,40
2023-12-29,10:40,12:00,SHORT,ORB_SHORT,17036.5,16992.06,17236.5,15536.5,1,87.64,stop,A+,1
2024-01-02,13:50,15:10,SHORT,ORB_SHORT,16707.0,16626.75,16907.0,15207.0,1,159.26,eod,A+,1
2024-01-04,11:30,13:30,LONG,PM_LONG,16556.0,16520.5,16356.0,18056.0,1,-72.24,no_move,A+,3
2024-01-08,11:10,12:40,LONG,PM_LONG,16651.25,16707.0,16451.25,18151.25,1,110.26,no_move,A+,18
2024-01-08,13:45,15:10,LONG,PM_LONG,16730.5,16776.25,16530.5,18230.5,1,90.26,eod,A+,1
2024-01-09,10:30,13:30,LONG,PM_LONG,16729.5,16808.5,16529.5,18229.5,1,156.76,stop,A+,1
2024-01-09,13:50,15:10,LONG,PM_LONG,16853.5,16818.75,16653.5,18353.5,1,-70.74,eod,A+,1
2024-01-10,11:10,12:40,LONG,PM_LONG,16867.25,16898.25,16667.25,18367.25,1,60.76,no_move,A+,5
2024-01-10,13:05,14:35,LONG,PM_LONG,16905.25,16949.25,16705.25,18405.25,1,86.76,no_move,A+,1
2024-01-11,11:15,12:45,SHORT,ORB_SHORT,16797.5,16834.75,16997.5,15297.5,1,-75.74,no_move,A+,2
2024-01-16,11:20,15:10,LONG,PM_LONG,17014.75,16927.25,16814.75,18514.75,1,-176.24,eod,A+,1
2024-01-18,10:30,12:00,LONG,MOM_LONG,17039.75,17023.5,16839.75,18539.75,1,-33.74,no_move,A+,1
2024-01-19,10:40,12:10,LONG,ORB_LONG,17226.75,17258.75,17026.75,18726.75,1,62.76,no_move,A+,1
2024-01-24,10:35,12:05,LONG,PM_LONG,17744.0,17760.5,17544.0,19244.0,1,31.76,no_move,A+,1
2024-01-25,11:50,15:10,LONG,PM_LONG,17739.5,17597.0,17539.5,19239.5,1,-286.24,eod,A+,26
2024-01-30,10:50,12:20,SHORT,ORB_SHORT,17621.5,17597.0,17821.5,16121.5,1,47.76,no_move,A+,14
2024-01-31,10:35,14:15,SHORT,ORB_SHORT,17291.5,17326.0,17491.5,15791.5,1,-70.24,no_move,A+,3
2024-02-02,10:40,12:10,LONG,PM_LONG,17653.5,17698.75,17453.5,19153.5,1,89.26,no_move,A+,2
2024-02-05,10:45,15:10,SHORT,ORB_SHORT,17582.5,17684.5,17782.5,16082.5,1,-205.24,eod,A+,1
2024-02-06,11:45,13:15,SHORT,ORB_SHORT,17593.5,17595.0,17793.5,16093.5,1,-4.24,no_move,A+,1
2024-02-07,10:30,12:00,LONG,PM_LONG,17861.75,17849.0,17661.75,19361.75,1,-26.74,no_move,A+,5
2024-02-08,10:40,12:10,LONG,PM_LONG,17855.75,17884.0,17655.75,19355.75,1,55.26,no_move,A+,12
2024-02-09,10:30,12:00,LONG,PM_LONG,17978.5,17986.0,17778.5,19478.5,1,13.76,no_move,A+,1
2024-02-12,10:50,12:20,LONG,PM_LONG,18081.0,18076.5,17881.0,19581.0,1,-10.24,no_move,A+,3
2024-02-14,13:35,15:05,LONG,PM_LONG,17808.75,17810.75,17608.75,19308.75,1,2.76,no_move,A+,39
2024-02-15,11:00,15:10,SHORT,ORB_SHORT,17804.5,17908.25,18004.5,16304.5,1,-208.74,eod,A+,16
2024-02-16,13:00,14:40,SHORT,ORB_SHORT,17825.25,17864.5,18025.25,16325.25,1,-79.74,no_move,A+,1
2024-02-20,11:30,13:00,SHORT,ORB_SHORT,17532.75,17491.5,17732.75,16032.75,1,81.26,no_move,A+,1
2024-02-20,13:30,15:10,SHORT,ORB_SHORT,17489.0,17573.25,17689.0,15989.0,1,-169.74,eod,A+,2
2024-02-21,10:30,12:00,SHORT,OPEN_SHORT,17471.0,17483.25,17671.0,15971.0,1,-25.74,no_move,A+,2
2024-02-22,10:35,12:05,LONG,PM_LONG,17943.25,17973.5,17743.25,19443.25,1,59.26,no_move,A+,1
2024-03-01,10:30,14:40,LONG,PM_LONG,18154.25,18337.5,17954.25,19654.25,1,365.26,stop,A+,3
2024-03-05,11:40,13:10,SHORT,ORB_SHORT,17922.75,17940.5,18122.75,16422.75,1,-36.74,no_move,A+,1
2024-03-05,13:35,15:05,SHORT,ORB_SHORT,17907.75,17858.0,18107.75,16407.75,1,98.26,no_move,A+,1
2024-03-06,11:00,12:45,LONG,VWAP_LONG,18082.0,18129.25,17882.0,19582.0,1,93.26,no_move,A+,16
2024-03-07,11:55,13:25,LONG,PM_LONG,18301.5,18327.0,18101.5,19801.5,1,49.76,no_move,A+,1
2024-03-07,13:30,15:00,LONG,PM_LONG,18334.0,18313.25,18134.0,19834.0,1,-42.74,no_move,A+,1
2024-03-08,10:30,11:25,LONG,PM_LONG,18415.25,18215.25,18215.25,19915.25,1,-401.24,stop,A+,1
2024-03-11,11:30,13:05,SHORT,VWAP_SHORT,17935.75,17967.25,18135.75,16435.75,1,-64.24,no_move,A+,3
2024-03-12,11:30,14:00,LONG,PM_LONG,18199.75,18164.5,17999.75,19699.75,1,-71.74,no_move,A+,1
2024-03-13,10:50,12:20,SHORT,ORB_SHORT,18091.0,18092.5,18291.0,16591.0,1,-4.24,no_move,A+,1
2024-03-14,11:20,12:50,SHORT,ORB_SHORT,18027.75,18020.75,18227.75,16527.75,1,12.76,no_move,A+,1
2024-03-18,10:30,15:10,LONG,PM_LONG,18356.0,18288.5,18156.0,19856.0,1,-136.24,eod,A+,2
2024-03-21,11:50,13:20,LONG,VWAP_LONG,18687.0,18660.0,18487.0,20187.0,1,-55.24,no_move,A+,26
2024-04-02,10:45,12:15,SHORT,ORB_SHORT,18222.75,18236.0,18422.75,16722.75,1,-27.74,no_move,A+,1
2024-04-05,10:50,13:05,LONG,PM_LONG,18283.25,18359.25,18083.25,19783.25,1,150.76,rev_exit,A+,2
2024-04-08,10:30,15:10,LONG,ORB_LONG,18357.75,18306.0,18157.75,19857.75,1,-104.74,eod,A+,1
2024-04-11,11:55,15:10,LONG,PM_LONG,18316.75,18493.5,18116.75,19816.75,1,352.26,eod,A+,1
2024-04-16,11:55,13:25,LONG,ORB_LONG,17890.75,17900.75,17690.75,19390.75,1,18.76,no_move,A+,1
2024-04-18,10:55,12:25,LONG,PM_LONG,17712.0,17685.25,17512.0,19212.0,1,-54.74,no_move,A+,1
2024-04-18,13:20,14:50,SHORT,ORB_SHORT,17540.5,17543.75,17740.5,16040.5,1,-7.74,no_move,A+,3
2024-04-19,10:30,12:50,SHORT,ORB_SHORT,17388.5,17263.25,17588.5,15888.5,1,249.26,stop,A+,7
2024-04-22,13:25,14:45,LONG,PM_LONG,17344.0,17390.8,17144.0,18844.0,1,92.36,stop,A+,1
2024-04-23,10:45,12:15,LONG,PM_LONG,17565.5,17602.25,17365.5,19065.5,1,72.26,no_move,A+,1
2024-04-23,13:40,15:10,LONG,PM_LONG,17618.25,17632.5,17418.25,19118.25,1,27.26,no_move,A+,1
2024-04-25,13:35,15:05,LONG,PM_LONG,17546.5,17564.0,17346.5,19046.5,1,33.76,no_move,A+,1
2024-04-26,10:30,12:00,LONG,ORB_LONG,17817.0,17843.0,17617.0,19317.0,1,50.76,no_move,A+,3
2024-04-26,13:40,15:10,LONG,PM_LONG,17882.5,17869.0,17682.5,19382.5,1,-28.24,no_move,A+,8
2024-05-01,11:15,12:45,SHORT,ORB_SHORT,17420.75,17438.25,17620.75,15920.75,1,-36.24,no_move,A+,3
2024-05-03,13:30,15:00,LONG,PM_LONG,17983.75,18019.25,17783.75,19483.75,1,69.76,no_move,A+,46
2024-05-06,13:00,14:30,LONG,PM_LONG,18116.25,18140.25,17916.25,19616.25,1,46.76,no_move,A+,1
2024-05-07,10:50,12:20,LONG,PM_LONG,18234.0,18257.5,18034.0,19734.0,1,45.76,no_move,A+,14
2024-05-08,11:00,12:30,LONG,PM_LONG,18213.25,18178.25,18013.25,19713.25,1,-71.24,no_move,A+,1
2024-05-09,10:35,12:05,LONG,ORB_LONG,18204.25,18190.75,18004.25,19704.25,1,-28.24,no_move,A+,11
2024-05-09,13:00,14:30,LONG,PM_LONG,18227.5,18212.25,18027.5,19727.5,1,-31.74,no_move,A+,1
2024-05-14,10:35,10:50,LONG,PM_LONG,18303.75,18306.0,18103.75,19803.75,1,3.26,vwap_cross,A+,1
2024-05-15,10:35,12:05,LONG,PM_LONG,18556.25,18595.5,18356.25,20056.25,1,77.26,no_move,A+,2
2024-05-22,13:35,15:00,SHORT,ORB_SHORT,18779.5,18736.52,18979.5,17279.5,1,84.72,stop,A+,47
2024-05-24,11:35,13:05,LONG,PM_LONG,18888.25,18876.75,18688.25,20388.25,1,-24.24,no_move,A+,8
2024-05-30,10:40,12:10,SHORT,ORB_SHORT,18662.5,18690.0,18862.5,17162.5,1,-56.24,no_move,A+,3
2024-06-05,10:30,12:00,LONG,PM_LONG,18929.5,18969.75,18729.5,20429.5,1,79.26,no_move,A+,2
2024-06-05,13:15,14:45,LONG,PM_LONG,18996.25,19033.5,18796.25,20496.25,1,73.26,no_move,A+,5
2024-06-06,11:30,13:00,SHORT,ORB_SHORT,19061.25,19075.0,19261.25,17561.25,1,-28.74,no_move,A+,22
2024-06-07,10:40,12:10,LONG,ORB_LONG,19093.25,19082.75,18893.25,20593.25,1,-22.24,no_move,A+,2
2024-06-11,10:40,12:10,LONG,PM_LONG,19107.0,19098.25,18907.0,20607.0,1,-18.74,no_move,A+,1
2024-06-11,13:00,15:10,LONG,PM_LONG,19126.5,19197.5,18926.5,20626.5,1,140.76,eod,A+,1
2024-06-12,10:35,12:05,LONG,PM_LONG,19513.0,19519.75,19313.0,21013.0,1,12.26,no_move,A+,1
2024-06-13,10:30,12:00,SHORT,ORB_SHORT,19573.0,19561.5,19773.0,18073.0,1,21.76,no_move,A+,10
2024-06-14,13:15,14:45,LONG,PM_LONG,19648.75,19652.75,19448.75,21148.75,1,6.76,no_move,A+,1
2024-06-17,11:00,14:10,LONG,PM_LONG,19728.75,19963.25,19528.75,21228.75,1,467.76,stop,A+,1
2024-06-18,11:10,15:10,SHORT,ORB_SHORT,19859.75,19916.0,20059.75,18359.75,1,-113.74,eod,A+,3
2024-06-24,13:05,14:35,SHORT,ORB_SHORT,19822.75,19800.25,20022.75,18322.75,1,43.76,no_move,A+,34
2024-06-25,10:30,12:05,LONG,PM_LONG,19883.75,19942.75,19683.75,21383.75,1,116.76,no_move,A+,3
2024-06-26,11:10,12:40,SHORT,VWAP_SHORT,19928.5,19968.0,20128.5,18428.5,1,-80.24,no_move,A+,4
2024-07-01,10:50,15:10,SHORT,ORB_SHORT,19866.25,20039.0,20066.25,18366.25,1,-346.74,eod,A+,1
2024-07-02,10:45,12:15,LONG,PM_LONG,20088.5,20091.0,19888.5,21588.5,1,3.76,no_move,A+,2
2024-07-02,13:05,14:35,LONG,PM_LONG,20162.75,20219.25,19962.75,21662.75,1,111.76,no_move,A+,1
2024-07-05,10:30,12:40,LONG,PM_LONG,20526.5,20582.0,20326.5,22026.5,1,109.76,no_move,A+,1
2024-07-08,11:20,12:50,LONG,PM_LONG,20658.5,20633.75,20458.5,22158.5,1,-50.74,no_move,A+,20
2024-07-11,11:20,12:05,SHORT,ORB_SHORT,20544.5,20504.0,20744.5,19044.5,1,79.76,stop,A+,1
2024-07-11,13:00,14:30,SHORT,ORB_SHORT,20427.5,20459.25,20627.5,18927.5,1,-64.74,no_move,A+,1
2024-07-15,10:30,11:25,LONG,PM_LONG,20695.75,20741.09,20495.75,22195.75,1,89.44,stop,A+,2
2024-07-15,11:35,15:10,LONG,PM_LONG,20737.0,20626.0,20537.0,22237.0,1,-223.24,eod,A+,13
2024-07-23,11:15,15:10,LONG,PM_LONG,20075.25,19984.0,19875.25,21575.25,1,-183.74,eod,A+,2
2024-07-24,10:45,13:10,SHORT,ORB_SHORT,19431.25,19355.0,19631.25,17931.25,1,151.26,rev_exit,A+,1
2024-07-25,10:15,10:50,SHORT,ORB_SHORT,19005.75,19205.75,19205.75,17505.75,1,-401.24,stop,A+,1
2024-07-31,11:30,13:10,LONG,PM_LONG,19505.5,19472.0,19305.5,21005.5,1,-68.24,no_move,A+,1
2024-08-01,10:30,11:10,SHORT,ORB_SHORT,19463.75,19286.0,19663.75,17963.75,1,354.26,stop,A+,2
2024-08-02,13:00,14:35,SHORT,ORB_SHORT,18508.75,18528.75,18708.75,17008.75,1,-41.24,no_move,A+,3
2024-08-07,10:45,12:00,LONG,PM_LONG,18533.25,18333.25,18333.25,20033.25,1,-401.24,stop,A+,2
2024-08-08,10:00,11:00,LONG,PM_LONG,18275.0,18378.25,18075.0,19775.0,1,205.26,stop,A+,1
2024-08-09,10:45,12:15,LONG,PM_LONG,18509.75,18471.75,18309.75,20009.75,1,-77.24,no_move,A+,1
2024-08-12,11:00,15:10,LONG,PM_LONG,18758.75,18619.75,18558.75,20258.75,1,-279.24,eod,A+,1
2024-08-13,10:45,13:45,LONG,PM_LONG,18947.25,19028.0,18747.25,20447.25,1,160.26,stop,A+,1
2024-08-14,11:30,14:55,LONG,VWAP_LONG,19134.0,19109.75,18934.0,20634.0,1,-49.74,no_move,A+,10
2024-08-15,10:35,12:05,LONG,PM_LONG,19495.75,19538.75,19295.75,20995.75,1,84.76,no_move,A+,3
2024-08-21,10:35,13:55,LONG,PM_LONG,19931.75,19893.5,19731.75,21431.75,1,-77.74,no_move,A+,1
2024-08-23,10:30,10:45,LONG,PM_LONG,19852.5,19652.5,19652.5,21352.5,1,-401.24,stop,A+,1
2024-08-26,11:45,13:15,SHORT,ORB_SHORT,19598.75,19590.0,19798.75,18098.75,1,16.26,no_move,A+,1
2024-08-26,13:35,15:10,SHORT,ORB_SHORT,19556.25,19604.25,19756.25,18056.25,1,-97.24,eod,A+,1
2024-08-28,10:40,11:35,SHORT,ORB_SHORT,19504.25,19399.25,19704.25,18004.25,1,208.76,stop,A+,2
2024-08-28,13:55,15:10,SHORT,ORB_SHORT,19297.75,19421.0,19497.75,17797.75,1,-247.74,eod,A+,2
2024-08-29,10:15,10:20,LONG,PM_LONG,19553.0,19573.75,19353.0,21053.0,1,40.26,vwap_cross,A+,1
2024-09-03,10:30,11:05,SHORT,ORB_SHORT,19257.0,19208.17,19457.0,17757.0,1,96.42,stop,A+,2
2024-09-03,13:30,15:10,SHORT,ORB_SHORT,19138.25,19051.25,19338.25,17638.25,1,172.76,eod,A+,22
2024-09-04,10:30,12:05,LONG,PM_LONG,19037.5,19010.25,18837.5,20537.5,1,-55.74,no_move,A+,1
2024-09-05,10:20,11:00,LONG,PM_LONG,19130.25,18930.25,18930.25,20630.25,1,-401.24,stop,A+,3
2024-09-11,13:45,14:50,LONG,PM_LONG,19065.0,19116.75,18865.0,20565.0,1,102.26,stop,A+,1
2024-09-12,10:35,12:05,LONG,ORB_LONG,19298.5,19292.75,19098.5,20798.5,1,-12.74,no_move,A+,1
2024-09-13,10:50,12:20,LONG,PM_LONG,19507.25,19499.25,19307.25,21007.25,1,-17.24,no_move,A+,3
2024-09-13,13:35,15:10,LONG,PM_LONG,19564.5,19511.75,19364.5,21064.5,1,-106.74,eod,A+,1
2024-09-17,10:45,12:45,LONG,PM_LONG,19603.75,19403.75,19403.75,21103.75,1,-401.24,stop,A+,1
2024-09-19,10:30,12:00,LONG,PM_LONG,19911.25,19898.5,19711.25,21411.25,1,-26.74,no_move,A+,2
2024-09-23,10:55,12:25,LONG,ORB_LONG,20096.25,20065.75,19896.25,21596.25,1,-62.24,no_move,A+,1
2024-09-25,10:30,12:20,LONG,PM_LONG,20241.0,20210.0,20041.0,21741.0,1,-63.24,no_move,A+,10
2024-09-30,11:30,13:00,LONG,PM_LONG,20201.25,20200.5,20001.25,21701.25,1,-2.74,no_move,A+,1
2024-10-01,11:05,12:45,SHORT,ORB_SHORT,19840.75,19877.75,20040.75,18340.75,1,-75.24,no_move,A+,1
2024-10-01,13:30,15:10,SHORT,ORB_SHORT,19913.25,20035.25,20113.25,18413.25,1,-245.24,eod,A+,8
2024-10-08,10:30,12:00,LONG,PM_LONG,20207.75,20224.75,20007.75,21707.75,1,32.76,no_move,A+,1
2024-10-09,10:35,12:10,LONG,PM_LONG,20347.25,20397.5,20147.25,21847.25,1,99.26,no_move,A+,1
2024-10-09,13:30,15:00,LONG,PM_LONG,20416.75,20435.0,20216.75,21916.75,1,35.26,no_move,A+,1
2024-10-10,11:55,13:25,LONG,PM_LONG,20475.25,20459.5,20275.25,21975.25,1,-32.74,no_move,A+,1
2024-10-18,11:30,13:00,LONG,ORB_LONG,20503.25,20500.0,20303.25,22003.25,1,-7.74,no_move,A+,1
2024-10-21,11:10,15:10,SHORT,ORB_SHORT,20389.25,20481.75,20589.25,18889.25,1,-186.24,eod,A+,3
2024-10-22,13:40,15:10,LONG,PM_LONG,20536.0,20544.75,20336.0,22036.0,1,16.26,no_move,A+,1
2024-10-23,11:25,14:20,SHORT,ORB_SHORT,20309.75,20114.0,20509.75,18809.75,1,390.26,stop,A+,4
2024-10-24,11:45,15:10,SHORT,ORB_SHORT,20271.0,20384.0,20471.0,18771.0,1,-227.24,eod,A+,25
2024-10-25,10:40,12:10,LONG,PM_LONG,20662.25,20637.25,20462.25,22162.25,1,-51.24,no_move,A+,12
2024-10-28,11:00,12:30,SHORT,MOM_SHORT,20560.25,20537.75,20760.25,19060.25,1,43.76,no_move,A+,16
2024-10-28,13:10,14:40,SHORT,ORB_SHORT,20512.0,20520.25,20712.0,19012.0,1,-17.74,no_move,A+,42
2024-10-29,13:00,14:30,LONG,PM_LONG,20670.5,20698.5,20470.5,22170.5,1,54.76,no_move,A+,1
2024-10-30,10:50,12:20,SHORT,MOM_SHORT,20630.25,20645.5,20830.25,19130.25,1,-31.74,no_move,A+,1
2024-10-30,13:30,15:00,SHORT,VWAP_SHORT,20600.0,20579.25,20800.0,19100.0,1,40.26,no_move,A+,2
2024-10-31,10:15,11:20,SHORT,ORB_SHORT,20187.0,20113.0,20387.0,18687.0,1,146.76,stop,A+,7
2024-11-05,11:05,12:35,LONG,PM_LONG,20294.5,20349.25,20094.5,21794.5,1,108.26,no_move,A+,13
2024-11-06,10:30,12:00,LONG,PM_LONG,20799.25,20795.5,20599.25,22299.25,1,-8.74,no_move,A+,2
2024-11-07,10:45,12:15,LONG,PM_LONG,21151.0,21174.75,20951.0,22651.0,1,46.26,no_move,A+,1
2024-11-11,13:00,14:50,SHORT,ORB_SHORT,21131.0,21165.0,21331.0,19631.0,1,-69.24,no_move,A+,1
2024-11-12,13:00,15:10,SHORT,ORB_SHORT,21071.25,21181.5,21271.25,19571.25,1,-221.74,eod,A+,4
2024-11-13,10:35,15:10,SHORT,ORB_SHORT,21112.25,21189.0,21312.25,19612.25,1,-154.74,eod,A+,3
2024-11-14,10:55,12:25,SHORT,OPEN_SHORT,21090.5,21062.25,21290.5,19590.5,1,55.26,no_move,A+,1
2024-11-14,13:55,15:10,SHORT,ORB_SHORT,21027.25,20999.5,21227.25,19527.25,1,54.26,eod,A+,2
2024-11-15,11:45,13:25,SHORT,ORB_SHORT,20534.25,20474.25,20734.25,19034.25,1,118.76,no_move,A+,3
2024-11-18,10:30,12:00,LONG,PM_LONG,20691.0,20662.5,20491.0,22191.0,1,-58.24,no_move,A+,2
2024-11-19,11:50,13:20,LONG,PM_LONG,20664.0,20718.0,20464.0,22164.0,1,106.76,no_move,A+,12
2024-11-19,13:35,15:05,LONG,PM_LONG,20751.5,20747.25,20551.5,22251.5,1,-9.74,no_move,A+,1
2024-11-27,10:50,12:20,SHORT,ORB_SHORT,20752.75,20715.0,20952.75,19252.75,1,74.26,no_move,A+,3
2024-11-29,11:10,12:40,LONG,PM_LONG,20992.25,20993.75,20792.25,22492.25,1,1.76,no_move,A+,3
2024-12-02,10:35,12:05,LONG,PM_LONG,21187.0,21242.75,20987.0,22687.0,1,110.26,no_move,A+,2
2024-12-04,10:30,12:00,LONG,PM_LONG,21477.25,21476.25,21277.25,22977.25,1,-3.24,no_move,A+,1
2024-12-04,13:50,15:10,LONG,PM_LONG,21484.75,21518.75,21284.75,22984.75,1,66.76,eod,A+,1
2024-12-05,10:45,13:15,SHORT,ORB_SHORT,21501.0,21524.75,21701.0,20001.0,1,-48.74,no_move,A+,13
2024-12-05,13:20,14:50,SHORT,ORB_SHORT,21490.0,21491.25,21690.0,19990.0,1,-3.74,no_move,A+,44
2024-12-06,13:05,14:35,LONG,PM_LONG,21649.25,21630.75,21449.25,23149.25,1,-38.24,no_move,A+,1
2024-12-09,10:35,11:15,SHORT,ORB_SHORT,21528.5,21487.32,21728.5,20028.5,1,81.12,stop,A+,3
2024-12-10,10:30,15:10,LONG,PM_LONG,21573.25,21384.0,21373.25,23073.25,1,-379.74,eod,A+,2
2024-12-11,11:25,12:55,LONG,PM_LONG,21763.25,21781.25,21563.25,23263.25,1,34.76,no_move,A+,1
2024-12-16,10:30,12:00,LONG,PM_LONG,22015.75,22048.75,21815.75,23515.75,1,64.76,no_move,A+,2
2024-12-23,11:40,13:10,LONG,PM_LONG,21675.0,21719.5,21475.0,23175.0,1,87.76,no_move,A+,1
2024-12-24,11:50,13:10,LONG,PM_LONG,21968.5,22046.25,21768.5,23468.5,1,154.26,eod_force,A+,12
2024-12-26,11:40,13:10,LONG,PM_LONG,22032.5,22010.0,21832.5,23532.5,1,-46.24,no_move,A+,1
2024-12-26,13:35,15:05,LONG,PM_LONG,22022.25,22052.25,21822.25,23522.25,1,58.76,no_move,A+,1
2025-01-10,10:00,11:30,SHORT,ORB_SHORT,20939.25,20929.0,21139.25,19439.25,1,19.26,no_move,A+,1
2025-01-15,10:35,12:35,LONG,PM_LONG,21382.0,21357.0,21182.0,22882.0,1,-51.24,no_move,A+,1
2025-01-22,11:25,12:55,LONG,PM_LONG,22052.25,22056.75,21852.25,23552.25,1,7.76,no_move,A+,1
2025-01-23,11:45,13:15,LONG,PM_LONG,21962.0,21964.0,21762.0,23462.0,1,2.76,no_move,A+,1
2025-01-28,10:25,11:55,LONG,PM_LONG,21467.25,21473.0,21267.25,22967.25,1,10.26,no_move,A+,2
2025-01-29,13:00,15:10,SHORT,ORB_SHORT,21384.5,21512.0,21584.5,19884.5,1,-256.24,eod,A+,1
2025-01-31,10:40,12:10,LONG,PM_LONG,21908.25,21912.0,21708.25,23408.25,1,6.26,no_move,A+,1
2025-02-03,10:30,11:25,LONG,PM_LONG,21369.5,21414.73,21169.5,22869.5,1,89.22,stop,A+,3
2025-02-04,13:05,14:55,LONG,PM_LONG,21586.0,21628.3,21386.0,23086.0,1,83.36,stop,A+,41
2025-02-05,11:50,13:20,LONG,PM_LONG,21702.75,21695.5,21502.75,23202.75,1,-15.74,no_move,A+,2
2025-02-06,10:30,12:00,LONG,PM_LONG,21803.25,21773.0,21603.25,23303.25,1,-61.74,no_move,A+,3
2025-02-06,13:10,15:10,LONG,PM_LONG,21816.0,21761.5,21616.0,23316.0,1,-110.24,eod,A+,35
2025-02-11,13:30,15:00,LONG,PM_LONG,21803.75,21832.25,21603.75,23303.75,1,55.76,no_move,A+,1
2025-02-13,13:45,15:10,LONG,PM_LONG,21970.5,22079.25,21770.5,23470.5,1,216.26,eod,A+,3
2025-02-14,10:50,12:20,LONG,PM_LONG,22153.25,22113.5,21953.25,23653.25,1,-80.74,no_move,A+,1
2025-02-14,13:00,14:30,LONG,PM_LONG,22159.5,22172.5,21959.5,23659.5,1,24.76,no_move,A+,3
2025-02-19,10:55,15:10,SHORT,ORB_SHORT,22160.75,22265.0,22360.75,20660.75,1,-209.74,eod,A+,15
2025-02-20,10:00,11:30,SHORT,ORB_SHORT,22031.75,22049.0,22231.75,20531.75,1,-35.74,no_move,A+,1
2025-02-24,10:10,11:00,SHORT,ORB_SHORT,21570.75,21502.5,21770.75,20070.75,1,135.26,rev_exit,A+,1
2025-02-25,10:10,10:25,SHORT,ORB_SHORT,21140.25,21089.74,21340.25,19640.25,1,99.78,stop,A+,2
2025-02-25,10:35,11:35,SHORT,ORB_SHORT,21118.0,21060.62,21318.0,19618.0,1,113.52,stop,A+,5
2025-02-26,10:35,12:05,LONG,ORB_LONG,21321.75,21375.0,21121.75,22821.75,1,105.26,no_move,A+,3
2025-02-28,13:40,15:10,LONG,MOM_LONG,20644.25,20738.5,20444.25,22144.25,1,187.26,eod,A+,1
2025-03-03,10:00,11:30,SHORT,ORB_SHORT,20868.25,20874.5,21068.25,19368.25,1,-13.74,no_move,A+,4
2025-03-03,13:45,14:55,SHORT,ORB_SHORT,20714.25,20665.87,20914.25,19214.25,1,95.52,stop,A+,49
2025-03-04,10:05,10:25,SHORT,ORB_SHORT,20189.0,20138.04,20389.0,18689.0,1,100.68,stop,A+,3
2025-03-05,10:20,11:35,SHORT,MOM_SHORT,20340.25,20289.74,20540.25,18840.25,1,99.78,stop,A+,1
2025-03-05,11:55,12:50,SHORT,VWAP_SHORT,20338.25,20538.25,20538.25,18838.25,1,-401.24,stop,A+,4
2025-03-07,10:40,11:55,SHORT,ORB_SHORT,19947.25,19826.0,20147.25,18447.25,1,241.26,stop,A+,3
2025-03-10,10:05,11:00,SHORT,ORB_SHORT,19702.25,19580.0,19902.25,18202.25,1,243.26,stop,A+,3
2025-03-10,13:10,14:10,SHORT,ORB_SHORT,19500.0,19453.54,19700.0,18000.0,1,91.68,stop,A+,3
2025-03-11,11:05,13:20,LONG,MOM_LONG,19467.75,19267.75,19267.75,20967.75,1,-401.24,stop,A+,1
2025-03-12,11:00,12:05,SHORT,ORB_SHORT,19440.25,19640.25,19640.25,17940.25,1,-401.24,stop,A+,2
2025-03-13,10:00,11:30,SHORT,ORB_SHORT,19400.5,19359.25,19600.5,17900.5,1,81.26,no_move,A+,2
2025-03-13,11:35,13:05,SHORT,ORB_SHORT,19295.75,19262.25,19495.75,17795.75,1,65.76,no_move,A+,1
2025-03-14,10:35,12:05,LONG,PM_LONG,19547.75,19643.0,19347.75,21047.75,1,189.26,stop,A+,1
2025-03-14,13:00,14:30,LONG,PM_LONG,19675.0,19665.0,19475.0,21175.0,1,-21.24,no_move,A+,5
2025-03-17,13:25,15:10,LONG,MOM_LONG,19761.75,19920.25,19561.75,21261.75,1,315.76,eod,A+,1
2025-03-18,11:00,14:10,SHORT,ORB_SHORT,19423.75,19457.0,19623.75,17923.75,1,-67.74,no_move,A+,1
2025-03-19,11:50,14:10,LONG,PM_LONG,19720.0,19689.25,19520.0,21220.0,1,-62.74,no_move,A+,1
2025-03-24,10:30,12:00,LONG,PM_LONG,20328.75,20362.0,20128.75,21828.75,1,65.26,no_move,A+,1
2025-03-25,10:35,12:05,LONG,PM_LONG,20462.25,20449.75,20262.25,21962.25,1,-26.24,no_move,A+,3
2025-03-26,11:25,14:10,SHORT,ORB_SHORT,20272.75,20106.5,20472.75,18772.75,1,331.26,stop,A+,2
2025-04-01,10:35,11:35,LONG,MOM_LONG,19410.25,19544.0,19210.25,20910.25,1,266.26,stop,A+,1
2025-04-02,10:55,13:35,LONG,PM_LONG,19633.25,19803.75,19433.25,21133.25,1,339.76,rev_exit,A+,1
2025-04-03,10:40,11:10,SHORT,ORB_SHORT,18853.5,18780.25,19053.5,17353.5,1,145.26,stop,A+,3
2025-04-04,10:45,11:00,SHORT,ORB_SHORT,17715.75,17915.75,17915.75,16215.75,1,-401.24,stop,A+,9
2025-04-07,10:50,11:05,LONG,PM_LONG,17738.5,17538.5,17538.5,19238.5,1,-401.24,stop,A+,2
2025-04-07,13:45,14:20,LONG,PM_LONG,17707.5,17730.35,17507.5,19207.5,1,44.46,stop,A+,1
2025-04-08,10:10,11:05,LONG,PM_LONG,18294.25,18094.25,18094.25,19794.25,1,-401.24,stop,A+,1
2025-04-09,11:30,11:45,LONG,PM_LONG,17353.75,17383.0,17153.75,18853.75,1,57.26,vwap_cross,A+,3
2025-04-09,13:05,13:20,LONG,PM_LONG,17569.5,17870.0,17369.5,19069.5,1,599.76,stop,A+,1
2025-04-10,11:25,11:55,SHORT,ORB_SHORT,18467.75,18364.25,18667.75,16967.75,1,205.76,stop,A+,4
2025-04-11,13:00,13:45,LONG,PM_LONG,18740.25,18762.55,18540.25,20240.25,1,43.36,stop,A+,1
2025-04-11,13:50,15:10,LONG,PM_LONG,18848.0,18845.75,18648.0,20348.0,1,-5.74,eod,A+,4
2025-04-15,10:40,12:10,LONG,PM_LONG,19070.0,19056.25,18870.0,20570.0,1,-28.74,no_move,A+,1
2025-04-16,13:00,13:50,SHORT,ORB_SHORT,18554.5,18387.25,18754.5,17054.5,1,333.26,stop,A+,1
2025-04-21,10:00,12:30,SHORT,ORB_SHORT,17967.0,17845.5,18167.0,16467.0,1,241.76,stop,A+,2
2025-04-21,13:00,14:30,SHORT,ORB_SHORT,17753.0,17762.75,17953.0,16253.0,1,-20.74,no_move,A+,1
2025-04-22,10:50,12:40,LONG,PM_LONG,18324.5,18453.5,18124.5,19824.5,1,256.76,stop,A+,2
2025-04-23,10:00,10:40,LONG,PM_LONG,19058.75,19106.9,18858.75,20558.75,1,95.06,stop,A+,1
2025-04-23,10:50,11:25,LONG,PM_LONG,19082.0,18882.0,18882.0,20582.0,1,-401.24,stop,A+,2
2025-04-24,13:20,14:55,LONG,PM_LONG,19245.25,19292.5,19045.25,20745.25,1,93.26,no_move,A+,4
2025-04-25,13:30,15:00,LONG,PM_LONG,19523.5,19521.5,19323.5,21023.5,1,-5.24,no_move,A+,1
2025-04-30,10:00,11:00,SHORT,VWAP_SHORT,19168.5,19368.5,19368.5,17668.5,1,-401.24,stop,A+,2
2025-05-01,10:35,11:30,LONG,PM_LONG,20028.0,20071.76,19828.0,21528.0,1,86.28,stop,A+,1
2025-05-07,10:50,12:20,SHORT,ORB_SHORT,19849.25,19817.0,20049.25,18349.25,1,63.26,no_move,A+,1
2025-05-07,13:50,14:20,SHORT,ORB_SHORT,19828.5,19738.5,20028.5,18328.5,1,178.76,stop,A+,1
2025-05-08,11:20,11:55,LONG,VWAP_LONG,20150.75,20256.75,19950.75,21650.75,1,210.76,stop,A+,20
2025-05-13,10:45,13:55,LONG,PM_LONG,21207.25,21296.5,21007.25,22707.25,1,177.26,rev_exit,A+,13
2025-05-15,11:15,13:50,LONG,PM_LONG,21390.0,21485.25,21190.0,22890.0,1,189.26,rev_exit,A+,4
2025-05-19,11:40,13:50,LONG,PM_LONG,21448.0,21504.5,21248.0,22948.0,1,111.76,no_move,A+,2
2025-05-21,10:55,12:55,LONG,PM_LONG,21456.0,21515.0,21256.0,22956.0,1,116.76,no_move,A+,3
2025-05-27,11:25,12:55,LONG,PM_LONG,21390.25,21430.5,21190.25,22890.25,1,79.26,no_move,A+,1
2025-05-27,13:55,15:10,LONG,PM_LONG,21476.5,21434.75,21276.5,22976.5,1,-84.74,eod,A+,1
2025-05-30,11:40,12:35,SHORT,VWAP_SHORT,21301.75,21114.0,21501.75,19801.75,1,374.26,stop,A+,24
2025-05-30,13:00,15:00,SHORT,ORB_SHORT,21136.75,21336.75,21336.75,19636.75,1,-401.24,stop,A+,1
2025-06-02,10:20,11:30,LONG,PM_LONG,21351.25,21358.5,21151.25,22851.25,1,13.26,vwap_cross,A+,1
2025-06-02,11:50,13:20,LONG,PM_LONG,21438.0,21454.25,21238.0,22938.0,1,31.26,no_move,A+,1
2025-06-03,10:55,12:25,LONG,PM_LONG,21661.25,21709.25,21461.25,23161.25,1,94.76,no_move,A+,3
2025-06-05,10:45,12:05,LONG,VWAP_LONG,21811.75,21890.5,21611.75,23311.75,1,156.26,rev_exit,A+,8
2025-06-06,11:05,13:40,LONG,PM_LONG,21849.0,21813.75,21649.0,23349.0,1,-71.74,no_move,A+,1
2025-06-09,10:30,12:00,LONG,PM_LONG,21879.0,21839.5,21679.0,23379.0,1,-80.24,no_move,A+,2
2025-06-09,13:15,14:45,LONG,PM_LONG,21844.5,21863.25,21644.5,23344.5,1,36.26,no_move,A+,4
2025-06-12,11:00,12:30,LONG,PM_LONG,21969.75,21941.0,21769.75,23469.75,1,-58.74,no_move,A+,1
2025-06-16,11:15,12:50,LONG,PM_LONG,21988.25,21952.0,21788.25,23488.25,1,-73.74,no_move,A+,1
2025-06-16,13:25,14:55,LONG,PM_LONG,21970.25,21940.25,21770.25,23470.25,1,-61.24,no_move,A+,1
2025-06-17,11:15,14:40,LONG,PM_LONG,21889.0,21689.0,21689.0,23389.0,1,-401.24,stop,A+,2
2025-06-23,10:00,11:30,LONG,PM_LONG,21956.75,21961.0,21756.75,23456.75,1,7.26,no_move,A+,1
2025-06-23,13:05,14:50,LONG,PM_LONG,21910.5,22030.0,21710.5,23410.5,1,237.76,stop,A+,1
2025-06-24,10:40,12:10,LONG,PM_LONG,22336.5,22372.25,22136.5,23836.5,1,70.26,no_move,A+,1
2025-06-24,13:40,15:10,LONG,PM_LONG,22412.0,22433.75,22212.0,23912.0,1,42.26,no_move,A+,1
2025-06-26,10:30,12:00,LONG,ORB_LONG,22580.5,22628.75,22380.5,24080.5,1,95.26,no_move,A+,10
2025-06-27,10:30,12:00,LONG,PM_LONG,22776.25,22800.5,22576.25,24276.25,1,47.26,no_move,A+,5
2025-07-01,10:35,11:20,SHORT,ORB_SHORT,22724.0,22653.75,22924.0,21224.0,1,139.26,stop,A+,3
2025-07-02,10:40,12:10,LONG,PM_LONG,22776.5,22820.25,22576.5,24276.5,1,86.26,no_move,A+,1
2025-07-03,11:25,12:55,LONG,PM_LONG,23067.0,23056.75,22867.0,24567.0,1,-21.74,no_move,A+,1
2025-07-07,11:00,12:30,SHORT,VWAP_SHORT,22900.5,22911.25,23100.5,21400.5,1,-22.74,no_move,A+,3
2025-07-08,10:40,12:10,LONG,VWAP_LONG,22928.0,22919.5,22728.0,24428.0,1,-18.24,no_move,A+,12
2025-07-11,11:40,13:10,LONG,PM_LONG,22999.75,23008.0,22799.75,24499.75,1,15.26,no_move,A+,1
2025-07-14,11:00,12:30,LONG,PM_LONG,23008.5,23009.25,22808.5,24508.5,1,0.26,no_move,A+,2
2025-07-14,13:45,15:10,LONG,PM_LONG,23050.0,23046.25,22850.0,24550.0,1,-8.74,eod,A+,6
2025-07-15,10:30,12:00,LONG,VWAP_LONG,23166.5,23158.0,22966.5,24666.5,1,-18.24,no_move,A+,10
2025-07-16,10:30,12:00,LONG,VWAP_LONG,23014.25,22980.5,22814.25,24514.25,1,-68.74,no_move,A+,5
2025-07-17,10:45,12:15,LONG,PM_LONG,23193.0,23246.5,22993.0,24693.0,1,105.76,no_move,A+,1
2025-07-23,13:50,15:10,LONG,VWAP_LONG,23256.0,23290.0,23056.0,24756.0,1,66.76,eod,A+,44
2025-07-24,13:10,14:40,LONG,PM_LONG,23411.5,23403.0,23211.5,24911.5,1,-18.24,no_move,A+,1
2025-07-29,11:30,13:00,SHORT,ORB_SHORT,23486.5,23510.25,23686.5,21986.5,1,-48.74,no_move,A+,22
2025-07-29,13:35,15:05,SHORT,ORB_SHORT,23489.25,23480.5,23689.25,21989.25,1,16.26,no_move,A+,47
2025-07-30,10:30,12:00,LONG,PM_LONG,23515.25,23523.0,23315.25,25015.25,1,14.26,no_move,A+,10
2025-08-01,13:00,14:30,SHORT,ORB_SHORT,22868.75,22902.25,23068.75,21368.75,1,-68.24,no_move,A+,3
2025-08-04,10:45,12:15,LONG,PM_LONG,23248.25,23268.0,23048.25,24748.25,1,38.26,no_move,A+,13
2025-08-14,10:55,12:45,LONG,ORB_LONG,23955.75,23917.25,23755.75,25455.75,1,-78.24,no_move,A+,1
2025-08-15,11:40,15:10,SHORT,ORB_SHORT,23741.75,23807.75,23941.75,22241.75,1,-133.24,eod,A+,2
2025-08-19,10:55,12:25,SHORT,ORB_SHORT,23541.25,23533.75,23741.25,22041.25,1,13.76,no_move,A+,1
2025-08-19,13:15,14:45,SHORT,ORB_SHORT,23456.0,23447.0,23656.0,21956.0,1,16.76,no_move,A+,1
2025-08-22,10:00,10:20,LONG,PM_LONG,23486.5,23573.5,23286.5,24986.5,1,172.76,stop,A+,1
2025-08-22,10:25,11:45,LONG,PM_LONG,23554.25,23597.34,23354.25,25054.25,1,84.94,stop,A+,1
2025-08-22,13:10,14:40,LONG,PM_LONG,23579.0,23595.25,23379.0,25079.0,1,31.26,no_move,A+,1
2025-08-25,11:50,13:20,LONG,PM_LONG,23604.75,23587.25,23404.75,25104.75,1,-36.24,no_move,A+,1
2025-08-28,11:15,12:45,LONG,PM_LONG,23733.5,23750.75,23533.5,25233.5,1,33.26,no_move,A+,1
2025-08-29,13:00,14:30,SHORT,ORB_SHORT,23432.25,23459.75,23632.25,21932.25,1,-56.24,no_move,A+,1
2025-09-03,10:40,15:10,LONG,PM_LONG,23507.5,23336.25,23307.5,25007.5,1,-343.74,eod,A+,3
2025-09-04,13:50,15:10,LONG,PM_LONG,23599.25,23636.5,23399.25,25099.25,1,73.26,eod,A+,1
2025-09-08,10:30,12:00,LONG,PM_LONG,23857.75,23855.5,23657.75,25357.75,1,-5.74,no_move,A+,2
2025-09-09,10:30,15:10,SHORT,ORB_SHORT,23753.75,23838.5,23953.75,22253.75,1,-170.74,eod,A+,10
2025-09-11,10:50,12:20,LONG,PM_LONG,23991.25,24032.0,23791.25,25491.25,1,80.26,no_move,A+,14
2025-09-12,10:30,12:00,LONG,PM_LONG,24079.75,24080.5,23879.75,25579.75,1,0.26,no_move,A+,1
2025-09-12,13:55,15:10,LONG,PM_LONG,24124.0,24138.75,23924.0,25624.0,1,28.26,eod,A+,1
2025-09-15,11:00,12:30,LONG,PM_LONG,24265.75,24284.75,24065.75,25765.75,1,36.76,no_move,A+,1
2025-09-18,10:30,12:00,LONG,PM_LONG,24536.75,24510.0,24336.75,26036.75,1,-54.74,no_move,A+,1
2025-09-22,10:40,12:10,LONG,PM_LONG,24918.5,24954.5,24718.5,26418.5,1,70.76,no_move,A+,2
2025-09-22,13:15,14:45,LONG,PM_LONG,24976.0,25009.75,24776.0,26476.0,1,66.26,no_move,A+,9
2025-09-23,13:00,13:45,SHORT,ORB_SHORT,24914.5,24839.25,25114.5,23414.5,1,149.26,stop,A+,2
2025-09-23,13:50,15:10,SHORT,ORB_SHORT,24816.0,24804.0,25016.0,23316.0,1,22.76,eod,A+,2
2025-09-24,11:10,12:20,SHORT,ORB_SHORT,24778.25,24688.0,24978.25,23278.25,1,179.26,stop,A+,18
2025-09-25,13:55,15:10,SHORT,VWAP_SHORT,24517.25,24616.0,24717.25,23017.25,1,-198.74,eod,A+,1
2025-10-01,13:00,14:30,LONG,PM_LONG,24971.25,25020.75,24771.25,26471.25,1,97.76,no_move,A+,1
2025-10-06,11:45,13:15,LONG,VWAP_LONG,25202.25,25199.75,25002.25,26702.25,1,-6.24,no_move,A+,25
2025-10-06,13:20,14:50,LONG,PM_LONG,25224.75,25242.0,25024.75,26724.75,1,33.26,no_move,A+,44
2025-10-07,11:00,11:10,SHORT,ORB_SHORT,25144.75,25103.8,25344.75,23644.75,1,80.66,stop,A+,1
2025-10-07,11:15,11:40,SHORT,ORB_SHORT,25098.75,25056.79,25298.75,23598.75,1,82.68,stop,A+,2
2025-10-08,11:25,12:55,LONG,PM_LONG,25236.75,25251.25,25036.75,26736.75,1,27.76,no_move,A+,1
2025-10-09,13:30,15:10,SHORT,ORB_SHORT,25175.0,25248.0,25375.0,23675.0,1,-147.24,eod,A+,5
2025-10-10,13:15,14:45,SHORT,ORB_SHORT,24650.5,24616.75,24850.5,23150.5,1,66.26,no_move,A+,3
2025-10-16,10:35,12:15,LONG,PM_LONG,25125.75,24925.75,24925.75,26625.75,1,-401.24,stop,A+,2
2025-10-16,13:00,14:20,SHORT,ORB_SHORT,24860.75,24721.0,25060.75,23360.75,1,278.26,stop,A+,3
2025-10-17,10:00,10:20,LONG,PM_LONG,24848.75,24899.15,24648.75,26348.75,1,99.56,stop,A+,2
2025-10-20,10:40,12:10,LONG,PM_LONG,25296.75,25300.5,25096.75,26796.75,1,6.26,no_move,A+,1
2025-10-22,11:30,12:35,SHORT,ORB_SHORT,25031.75,24926.25,25231.75,23531.75,1,209.76,stop,A+,3
2025-10-22,13:25,13:55,SHORT,ORB_SHORT,24910.25,24863.0,25110.25,23410.25,1,93.26,stop,A+,4
2025-10-23,10:45,12:15,LONG,PM_LONG,25195.0,25218.5,24995.0,26695.0,1,45.76,no_move,A+,1
2025-10-23,13:05,14:35,LONG,PM_LONG,25211.0,25260.5,25011.0,26711.0,1,97.76,no_move,A+,12
2025-10-24,11:20,12:50,LONG,PM_LONG,25539.5,25552.0,25339.5,27039.5,1,23.76,no_move,A+,2
2025-10-27,10:30,12:00,LONG,PM_LONG,25873.75,25905.5,25673.75,27373.75,1,62.26,no_move,A+,2
2025-10-27,13:40,15:10,LONG,PM_LONG,25923.75,25933.0,25723.75,27423.75,1,17.26,no_move,A+,1
2025-10-28,13:10,14:40,LONG,PM_LONG,26131.25,26184.75,25931.25,27631.25,1,105.76,no_move,A+,1
2025-10-31,11:35,12:25,SHORT,ORB_SHORT,26098.75,26015.5,26298.75,24598.75,1,165.26,stop,A+,23
2025-10-31,13:30,15:10,SHORT,ORB_SHORT,25919.0,26032.5,26119.0,24419.0,1,-228.24,eod,A+,46
2025-11-04,10:50,12:25,SHORT,MOM_SHORT,25806.25,25702.25,26006.25,24306.25,1,206.76,stop,A+,1
2025-11-04,13:15,14:45,SHORT,ORB_SHORT,25622.5,25582.25,25822.5,24122.5,1,79.26,no_move,A+,1
2025-11-06,10:45,12:00,SHORT,ORB_SHORT,25339.0,25261.5,25539.0,23839.0,1,153.76,stop,A+,3
2025-11-07,10:30,11:20,SHORT,VWAP_SHORT,24919.25,24830.75,25119.25,23419.25,1,175.76,stop,A+,2
2025-11-07,11:55,13:35,SHORT,ORB_SHORT,24746.25,24946.25,24946.25,23246.25,1,-401.24,stop,A+,1
2025-11-12,11:10,15:10,SHORT,ORB_SHORT,25511.25,25562.0,25711.25,24011.25,1,-102.74,eod,A+,1
2025-11-13,10:45,12:15,SHORT,ORB_SHORT,25240.75,25195.75,25440.75,23740.75,1,88.76,no_move,A+,5
2025-11-13,13:10,14:20,SHORT,ORB_SHORT,25153.5,25076.75,25353.5,23653.5,1,152.26,rev_exit,A+,1
2025-11-14,11:45,13:50,LONG,PM_LONG,25222.25,25186.75,25022.25,26722.25,1,-72.24,no_move,A+,14
2025-11-18,10:50,11:05,SHORT,ORB_SHORT,24493.5,24470.8,24693.5,22993.5,1,44.16,stop,A+,1
2025-11-18,11:10,12:40,SHORT,ORB_SHORT,24531.0,24731.0,24731.0,23031.0,1,-401.24,stop,A+,2
2025-11-20,10:35,11:05,LONG,PM_LONG,25291.75,25091.75,25091.75,26791.75,1,-401.24,stop,A+,3
2025-11-21,10:10,10:40,SHORT,ORB_SHORT,24103.25,23987.25,24303.25,22603.25,1,230.76,stop,A+,3
2025-11-21,13:45,15:10,LONG,PM_LONG,24510.75,24477.5,24310.75,26010.75,1,-67.74,eod,A+,1
2025-11-26,13:20,14:50,LONG,PM_LONG,25340.5,25327.0,25140.5,26840.5,1,-28.24,no_move,A+,24
2025-11-28,10:50,12:20,LONG,VWAP_LONG,25416.0,25420.25,25216.0,26916.0,1,7.26,no_move,A+,1
2025-11-28,13:00,13:10,LONG,PM_LONG,25481.0,25484.75,25281.0,26981.0,1,6.26,eod_force,A+,3
2025-12-02,10:40,11:30,LONG,PM_LONG,25622.0,25422.0,25422.0,27122.0,1,-401.24,stop,A+,6
2025-12-09,11:30,13:00,LONG,PM_LONG,25707.5,25722.25,25507.5,27207.5,1,28.26,no_move,A+,1
2025-12-09,13:50,15:10,LONG,PM_LONG,25731.0,25701.25,25531.0,27231.0,1,-60.74,eod,A+,1
2025-12-10,11:00,14:30,SHORT,ORB_SHORT,25551.5,25751.5,25751.5,24051.5,1,-401.24,stop,A+,3
2025-12-11,10:00,11:50,SHORT,ORB_SHORT,25454.5,25491.75,25654.5,23954.5,1,-75.74,no_move,A+,1
2025-12-12,10:30,11:00,SHORT,ORB_SHORT,25348.0,25273.5,25548.0,23848.0,1,147.76,stop,A+,7
2025-12-12,11:10,14:20,SHORT,ORB_SHORT,25194.25,25234.25,25394.25,23694.25,1,-81.24,no_move,A+,1
2025-12-16,10:00,11:55,LONG,ORB_LONG,25112.75,25093.0,24912.75,26612.75,1,-40.74,no_move,A+,2
2025-12-17,10:45,11:00,SHORT,ORB_SHORT,24901.25,24858.39,25101.25,23401.25,1,84.48,stop,A+,3
2025-12-17,11:05,11:20,SHORT,ORB_SHORT,24874.5,24832.09,25074.5,23374.5,1,83.58,stop,A+,7
2025-12-18,10:30,12:00,LONG,PM_LONG,25129.0,25117.75,24929.0,26629.0,1,-23.74,no_move,A+,2
2025-12-31,10:55,12:25,SHORT,ORB_SHORT,25554.75,25587.0,25754.75,24054.75,1,-65.74,no_move,A+,1
2026-01-07,10:30,13:20,LONG,PM_LONG,25882.5,25934.48,25682.5,27382.5,1,102.72,stop,A+,3
2026-01-09,10:30,12:00,LONG,PM_LONG,25864.75,25923.25,25664.75,27364.75,1,115.76,no_move,A+,4
2026-01-12,11:10,12:40,LONG,PM_LONG,25946.25,25959.25,25746.25,27446.25,1,24.76,no_move,A+,1
2026-01-12,13:05,14:35,LONG,PM_LONG,25986.25,26008.5,25786.25,27486.25,1,43.26,no_move,A+,1
2026-01-14,10:00,11:30,SHORT,ORB_SHORT,25556.25,25562.75,25756.25,24056.25,1,-14.24,no_move,A+,1
2026-01-14,11:50,13:20,SHORT,ORB_SHORT,25451.0,25477.75,25651.0,23951.0,1,-54.74,no_move,A+,2
2026-01-14,13:30,15:10,SHORT,ORB_SHORT,25447.0,25553.5,25647.0,23947.0,1,-214.24,eod,A+,1
2026-01-21,10:15,11:30,LONG,PM_LONG,25348.0,25436.5,25148.0,26848.0,1,175.76,stop,A+,2
2026-01-26,10:30,12:05,LONG,PM_LONG,25860.0,25914.5,25660.0,27360.0,1,107.76,no_move,A+,2
2026-01-26,13:30,15:00,LONG,PM_LONG,25922.75,25886.25,25722.75,27422.75,1,-74.24,no_move,A+,1
2026-01-27,10:35,12:05,LONG,PM_LONG,26081.0,26076.0,25881.0,27581.0,1,-11.24,no_move,A+,2
2026-01-30,10:35,13:00,LONG,PM_LONG,25878.25,25678.25,25678.25,27378.25,1,-401.24,stop,A+,5
2026-01-30,13:30,15:05,SHORT,ORB_SHORT,25605.75,25638.5,25805.75,24105.75,1,-66.74,no_move,A+,4
2026-02-04,11:05,11:55,SHORT,ORB_SHORT,25066.0,24988.0,25266.0,23566.0,1,154.76,stop,A+,3
2026-02-05,10:50,11:30,SHORT,ORB_SHORT,24597.5,24797.5,24797.5,23097.5,1,-401.24,stop,A+,5
2026-02-06,10:55,15:10,LONG,PM_LONG,24895.75,25096.5,24695.75,26395.75,1,400.26,eod,A+,2
2026-02-09,13:30,15:00,LONG,PM_LONG,25364.75,25403.0,25164.75,26864.75,1,75.26,no_move,A+,31
2026-02-10,10:30,12:15,LONG,PM_LONG,25406.0,25382.0,25206.0,26906.0,1,-49.24,no_move,A+,5
2026-02-10,13:20,14:50,SHORT,VWAP_SHORT,25324.75,25282.75,25524.75,23824.75,1,82.76,no_move,A+,1
2026-02-12,10:35,11:30,SHORT,ORB_SHORT,25134.75,24846.5,25334.75,23634.75,1,575.26,stop,A+,2
2026-02-12,11:45,13:20,SHORT,ORB_SHORT,24872.0,24853.75,25072.0,23372.0,1,35.26,no_move,A+,10
2026-02-13,10:50,12:55,LONG,ORB_LONG,24816.75,24938.25,24616.75,26316.75,1,241.76,rev_exit,A+,1
2026-02-17,11:05,12:35,LONG,PM_LONG,24728.0,24719.25,24528.0,26228.0,1,-18.74,no_move,A+,1
2026-02-17,13:20,14:50,LONG,PM_LONG,24766.0,24834.5,24566.0,26266.0,1,135.76,rev_exit,A+,1
2026-02-18,10:00,11:50,LONG,PM_LONG,25016.5,25073.0,24816.5,26516.5,1,111.76,no_move,A+,2
2026-02-20,10:45,13:40,LONG,PM_LONG,25075.25,25070.5,24875.25,26575.25,1,-10.74,no_move,A+,4
2026-02-20,13:45,15:10,LONG,PM_LONG,25084.25,25067.0,24884.25,26584.25,1,-35.74,eod,A+,4
2026-02-23,10:50,11:20,SHORT,ORB_SHORT,24775.5,24727.01,24975.5,23275.5,1,95.74,stop,A+,1
2026-02-23,13:55,15:10,SHORT,ORB_SHORT,24727.25,24685.25,24927.25,23227.25,1,82.76,eod,A+,1
2026-02-25,10:15,11:45,LONG,PM_LONG,25297.75,25323.5,25097.75,26797.75,1,50.26,no_move,A+,7
2026-02-26,10:35,12:05,SHORT,ORB_SHORT,24975.5,24989.5,25175.5,23475.5,1,-29.24,no_move,A+,11
2026-03-02,10:45,12:30,LONG,PM_LONG,24924.75,25029.75,24724.75,26424.75,1,208.76,rev_exit,A+,1
2026-03-03,10:30,11:15,SHORT,ORB_SHORT,24405.75,24605.75,24605.75,22905.75,1,-401.24,stop,A+,4
2026-03-04,10:30,12:00,LONG,PM_LONG,25113.75,25167.25,24913.75,26613.75,1,105.76,no_move,A+,7
2026-03-04,13:30,15:00,LONG,PM_LONG,25185.25,25190.75,24985.25,26685.25,1,9.76,no_move,A+,1
2026-03-05,10:00,10:30,LONG,PM_LONG,25171.0,24971.0,24971.0,26671.0,1,-401.24,stop,A+,2
2026-03-05,10:35,11:20,SHORT,VWAP_SHORT,25042.5,24997.05,25242.5,23542.5,1,89.66,stop,A+,4
2026-03-09,10:00,12:10,LONG,PM_LONG,24467.75,24644.75,24267.75,25967.75,1,352.76,stop,A+,1
2026-03-10,10:30,11:10,LONG,PM_LONG,25054.0,25125.0,24854.0,26554.0,1,140.76,rev_exit,A+,1
2026-03-10,13:15,14:20,LONG,PM_LONG,25198.0,24998.0,24998.0,26698.0,1,-401.24,stop,A+,1
2026-03-11,10:30,12:10,SHORT,ORB_SHORT,24969.5,24932.75,25169.5,23469.5,1,72.26,no_move,A+,1
2026-03-11,13:40,15:10,SHORT,ORB_SHORT,24934.5,24921.5,25134.5,23434.5,1,24.76,no_move,A+,2
2026-03-12,10:30,12:05,SHORT,ORB_SHORT,24605.5,24597.0,24805.5,23105.5,1,15.76,no_move,A+,3
2026-03-17,13:50,15:10,LONG,PM_LONG,25039.0,25004.75,24839.0,26539.0,1,-69.74,eod,A+,1
2026-03-20,10:05,11:35,SHORT,ORB_SHORT,24293.25,24278.0,24493.25,22793.25,1,29.26,no_move,A+,3
2026-03-23,10:45,11:50,LONG,ORB_LONG,24630.75,24430.75,24430.75,26130.75,1,-401.24,stop,A+,3
2026-03-24,10:35,13:00,SHORT,OPEN_SHORT,24204.5,24220.75,24404.5,22704.5,1,-33.74,no_move,A+,1
2026-03-24,13:05,15:10,SHORT,MOM_SHORT,24193.5,24315.5,24393.5,22693.5,1,-245.24,eod,A+,1
2026-03-25,13:40,15:10,LONG,VWAP_LONG,24468.5,24351.5,24268.5,25968.5,1,-235.24,eod,A+,1
2026-03-26,10:55,14:00,SHORT,VWAP_SHORT,24102.5,23886.5,24302.5,22602.5,1,430.76,stop,A+,3
2026-03-27,10:00,11:40,SHORT,ORB_SHORT,23509.0,23542.25,23709.0,22009.0,1,-67.74,no_move,A+,2
2026-03-27,13:00,14:15,SHORT,ORB_SHORT,23460.75,23368.5,23660.75,21960.75,1,183.26,rev_exit,A+,1
2026-03-31,10:20,12:05,LONG,PM_LONG,23558.5,23523.5,23358.5,25058.5,1,-71.24,no_move,A+,4
2026-03-31,13:05,13:25,LONG,PM_LONG,23774.25,23820.6,23574.25,25274.25,1,91.46,stop,A+,1
2026-03-31,13:30,15:00,LONG,PM_LONG,23858.5,23869.25,23658.5,25358.5,1,20.26,no_move,A+,2
2026-04-01,10:30,13:55,LONG,VWAP_LONG,24157.5,24289.0,23957.5,25657.5,1,261.76,stop,A+,2
2026-04-06,10:10,11:50,LONG,PM_LONG,24354.75,24325.25,24154.75,25854.75,1,-60.24,no_move,A+,6
2026-04-07,10:00,11:10,SHORT,ORB_SHORT,24079.5,24001.5,24279.5,22579.5,1,154.76,stop,A+,2
2026-04-07,11:15,13:35,SHORT,ORB_SHORT,24048.0,24248.0,24248.0,22548.0,1,-401.24,stop,A+,1
2026-04-09,10:55,11:35,LONG,MOM_LONG,25040.5,25091.91,24840.5,26540.5,1,101.58,stop,A+,15
2026-04-10,10:30,15:10,LONG,VWAP_LONG,25355.25,25293.5,25155.25,26855.25,1,-124.74,eod,A+,1
2026-04-14,10:35,14:15,LONG,PM_LONG,25789.25,25909.25,25589.25,27289.25,1,238.76,stop,A+,1
2026-04-15,10:30,12:30,LONG,PM_LONG,26136.5,26188.81,25936.5,27636.5,1,103.38,stop,A+,7
2026-04-15,13:40,15:10,LONG,PM_LONG,26183.5,26304.5,25983.5,27683.5,1,240.76,eod,A+,1
2026-04-16,11:25,12:30,LONG,PM_LONG,26457.75,26505.0,26257.75,27957.75,1,93.26,stop,A+,21
2026-04-17,10:30,12:00,LONG,ORB_LONG,26792.5,26829.25,26592.5,28292.5,1,72.26,no_move,A+,1
2026-04-22,10:30,12:00,LONG,PM_LONG,26966.25,26995.0,26766.25,28466.25,1,56.26,no_move,A+,5
2026-04-22,13:00,14:30,LONG,PM_LONG,26998.5,27009.25,26798.5,28498.5,1,20.26,no_move,A+,1
2026-04-24,10:45,12:05,LONG,ORB_LONG,27261.25,27369.75,27061.25,28761.25,1,215.76,rev_exit,A+,1
2026-04-24,13:50,15:10,LONG,PM_LONG,27435.75,27442.0,27235.75,28935.75,1,11.26,eod,A+,1
2026-04-28,10:45,12:15,SHORT,ORB_SHORT,27061.0,27077.25,27261.0,25561.0,1,-33.74,no_move,A+,3
2026-04-30,13:30,15:10,LONG,VWAP_LONG,27482.5,27597.25,27282.5,28982.5,1,228.26,eod,A+,35
2026-05-01,11:50,13:20,LONG,PM_LONG,27885.0,27878.25,27685.0,29385.0,1,-14.74,no_move,A+,1
2026-05-05,11:35,13:05,LONG,PM_LONG,28136.75,28116.5,27936.75,29636.75,1,-41.74,no_move,A+,1
2026-05-05,13:50,15:10,LONG,PM_LONG,28162.0,28172.75,27962.0,29662.0,1,20.26,eod,A+,1
2026-05-06,10:30,11:40,LONG,ORB_LONG,28485.25,28530.81,28285.25,29985.25,1,89.88,stop,A+,1
2026-05-07,11:05,12:15,LONG,PM_LONG,28882.5,28682.5,28682.5,30382.5,1,-401.24,stop,A+,2
2026-05-08,11:15,14:50,LONG,PM_LONG,29146.0,29264.75,28946.0,30646.0,1,236.26,rev_exit,A+,4
2026-05-11,10:35,12:40,LONG,PM_LONG,29356.0,29412.02,29156.0,30856.0,1,110.8,stop,A+,11
2026-05-12,10:05,10:35,SHORT,ORB_SHORT,29136.5,29066.0,29336.5,27636.5,1,139.76,stop,A+,3
2026-05-12,10:40,11:30,SHORT,ORB_SHORT,29082.5,28891.0,29282.5,27582.5,1,381.76,stop,A+,4
2026-05-14,10:45,12:15,LONG,PM_LONG,29706.75,29752.5,29506.75,31206.75,1,90.26,no_move,A+,1
2026-05-18,10:45,12:15,SHORT,ORB_SHORT,29017.75,29029.25,29217.75,27517.75,1,-24.24,no_move,A+,5
2026-05-19,11:30,12:45,SHORT,ORB_SHORT,28793.5,28993.5,28993.5,27293.5,1,-401.24,stop,A+,4
2026-05-19,13:45,15:10,LONG,PM_LONG,29065.75,29053.25,28865.75,30565.75,1,-26.24,eod,A+,15
2026-05-20,10:30,11:20,LONG,PM_LONG,29214.5,29335.5,29014.5,30714.5,1,240.76,stop,A+,4
2026-05-22,13:20,14:50,LONG,PM_LONG,29685.0,29661.75,29485.0,31185.0,1,-47.74,no_move,A+,4
2026-06-03,11:45,13:20,SHORT,ORB_SHORT,30604.5,30560.75,30804.5,29104.5,1,86.26,no_move,A+,25
2026-06-05,11:10,12:50,SHORT,ORB_SHORT,29727.75,29504.75,29927.75,28227.75,1,444.76,rev_exit,A+,1
2026-06-05,13:00,15:10,SHORT,ORB_SHORT,29449.5,29071.25,29649.5,27949.5,1,755.26,eod,A+,2
2026-06-08,10:35,11:25,LONG,ORB_LONG,29586.25,29683.0,29386.25,31086.25,1,192.26,stop,A+,1
2026-06-11,13:25,13:50,LONG,PM_LONG,29085.25,29128.65,28885.25,30585.25,1,85.56,stop,A+,1
2026-06-11,13:55,15:10,LONG,PM_LONG,29214.0,29360.5,29014.0,30714.0,1,291.76,eod,A+,1
2026-06-12,10:50,11:35,LONG,PM_LONG,29600.0,29632.0,29400.0,31100.0,1,62.76,stop,A+,1
2026-06-15,10:30,12:45,LONG,PM_LONG,30731.5,30855.0,30531.5,32231.5,1,245.76,stop,A+,2
2026-06-16,10:30,11:30,SHORT,ORB_SHORT,30608.25,30559.76,30808.25,29108.25,1,95.74,stop,A+,4
2026-06-23,11:05,13:00,SHORT,VWAP_SHORT,29796.5,29815.0,29996.5,28296.5,1,-38.24,no_move,A+,5
2026-06-24,11:00,12:35,LONG,ORB_LONG,29858.75,29658.75,29658.75,31358.75,1,-401.24,stop,A+,2
2026-06-26,11:30,11:45,LONG,PM_LONG,29582.25,29656.0,29382.25,31082.25,1,146.26,stop,A+,4
2026-06-26,11:50,12:00,LONG,PM_LONG,29558.5,29599.23,29358.5,31058.5,1,80.22,stop,A+,1
2026-06-29,11:00,15:10,LONG,VWAP_LONG,29702.5,30013.75,29502.5,31202.5,1,621.26,eod,A+,1
2026-06-30,11:50,13:35,LONG,PM_LONG,30467.5,30521.75,30267.5,31967.5,1,107.26,no_move,A+,1
2026-07-02,10:30,10:45,SHORT,ORB_SHORT,29903.0,29846.3,30103.0,28403.0,1,112.16,stop,A+,3
2026-07-02,10:50,11:10,SHORT,ORB_SHORT,29767.0,29689.0,29967.0,28267.0,1,154.76,stop,A+,7
2026-07-02,13:05,13:45,SHORT,ORB_SHORT,29447.5,29406.21,29647.5,27947.5,1,81.34,stop,A+,3
2026-07-07,10:00,10:20,SHORT,ORB_SHORT,29443.25,29367.0,29643.25,27943.25,1,151.26,stop,A+,2
2026-07-07,10:25,10:45,SHORT,ORB_SHORT,29303.25,29261.29,29503.25,27803.25,1,82.68,stop,A+,1
2026-07-08,11:20,12:20,SHORT,ORB_SHORT,29062.0,29262.0,29262.0,27562.0,1,-401.24,stop,A+,3
2026-07-09,13:05,14:35,LONG,PM_LONG,29942.25,29946.75,29742.25,31442.25,1,7.76,no_move,A+,1
2026-07-10,11:15,15:10,LONG,PM_LONG,29930.0,30059.0,29730.0,31430.0,1,256.76,eod,A+,1
2026-07-14,11:00,11:35,LONG,VWAP_LONG,29804.5,29845.56,29604.5,31304.5,1,80.88,stop,A+,16
2026-07-15,10:45,11:25,SHORT,ORB_SHORT,29639.25,29616.7,29839.25,28139.25,1,43.86,stop,A+,5
2026-07-16,11:15,12:30,SHORT,VWAP_SHORT,29391.5,29313.75,29591.5,27891.5,1,154.26,rev_exit,A+,1
2026-07-16,13:40,15:10,SHORT,ORB_SHORT,29243.75,29183.75,29443.75,27743.75,1,118.76,no_move,A+,1
2026-07-21,10:45,11:30,LONG,PM_LONG,29227.5,29269.12,29027.5,30727.5,1,82.0,stop,A+,13
2026-07-23,10:50,11:35,SHORT,ORB_SHORT,28582.5,28526.75,28782.5,27082.5,1,110.26,rev_exit,A+,3
2026-07-24,10:40,11:10,SHORT,ORB_SHORT,28287.25,28487.25,28487.25,26787.25,1,-401.24,stop,A+,3
2026-07-27,10:50,11:40,SHORT,ORB_SHORT,28102.0,28047.21,28302.0,26602.0,1,108.34,stop,A+,14
2026-07-29,10:00,10:20,SHORT,ORB_SHORT,27786.75,27695.75,27986.75,26286.75,1,180.76,stop,A+,2
2026-07-29,10:25,11:55,SHORT,ORB_SHORT,27573.25,27517.0,27773.25,26073.25,1,111.26,no_move,A+,7
2026-07-30,10:45,12:15,LONG,PM_LONG,28165.75,28171.5,27965.75,29665.75,1,10.26,no_move,A+,7
2026-08-03,10:50,12:20,LONG,PM_LONG,28779.5,28833.5,28579.5,30279.5,1,106.76,no_move,A+,1
2026-08-04,11:00,15:10,LONG,PM_LONG,29585.0,29926.5,29385.0,31085.0,1,681.76,eod,A+,1
2026-08-06,11:00,15:10,LONG,PM_LONG,29612.0,29536.25,29412.0,31112.0,1,-152.74,eod,A+,1
2026-08-11,11:30,13:40,SHORT,ORB_SHORT,29674.25,29634.25,29874.25,28174.25,1,78.76,no_move,A+,1
2026-08-13,10:45,12:25,LONG,PM_LONG,30219.0,30186.5,30019.0,31719.0,1,-66.24,no_move,A+,13
2026-08-17,11:00,15:10,LONG,PM_LONG,30269.5,30084.75,30069.5,31769.5,1,-370.74,eod,A+,1
2026-08-18,10:50,13:45,SHORT,ORB_SHORT,29558.5,29596.0,29758.5,28058.5,1,-76.24,no_move,A+,1
