date,entry_time,exit_time,side,entry,exit,pnl_pts,pnl,reason
2021-01-04,10:30,10:45,SHORT,12867.25,12832.25,35.0,64.0,TP
2021-01-06,11:00,12:00,LONG,12760.0,12795.0,35.0,64.0,TP
2021-01-06,13:30,14:15,LONG,12781.75,12746.75,-35.0,-76.0,SL
2021-01-07,11:15,15:00,LONG,12897.5,12932.5,35.0,64.0,TP
2021-01-08,12:30,13:00,LONG,13055.0,13020.0,-35.0,-76.0,SL
2021-01-11,11:45,13:45,LONG,12983.5,12948.5,-35.0,-76.0,SL
2021-01-13,11:15,15:00,LONG,12973.0,12982.0,9.0,12.0,EOD_FORCED
2021-01-14,10:00,10:45,SHORT,12985.75,13020.75,-35.0,-76.0,SL
2021-01-14,13:45,15:00,SHORT,12945.25,12928.5,16.75,27.5,EOD_FORCED
2021-01-15,13:00,15:00,LONG,12856.75,12821.75,-35.0,-76.0,SL
2021-01-19,10:15,12:15,SHORT,12883.25,12918.25,-35.0,-76.0,SL
2021-01-20,09:45,10:00,SHORT,13163.25,13198.25,-35.0,-76.0,SL
2021-01-20,12:15,13:30,LONG,13252.75,13287.75,35.0,64.0,TP
2021-01-20,13:45,14:45,LONG,13280.5,13315.5,35.0,64.0,TP
2021-01-25,14:15,15:00,LONG,13432.25,13397.25,-35.0,-76.0,SL
2021-01-26,09:45,10:15,LONG,13478.0,13443.0,-35.0,-76.0,SL
2021-01-26,11:15,15:00,LONG,13482.5,13500.0,17.5,29.0,EOD_FORCED
2021-01-27,09:45,10:00,LONG,13280.25,13315.25,35.0,64.0,TP
2021-01-27,13:15,13:30,LONG,13306.0,13271.0,-35.0,-76.0,SL
2021-01-28,13:15,14:15,LONG,13362.0,13327.0,-35.0,-76.0,SL
2021-01-29,10:45,11:00,LONG,13105.5,13070.5,-35.0,-76.0,SL
2021-01-29,12:00,12:15,SHORT,13002.5,12967.5,35.0,64.0,TP
2021-01-29,13:30,13:45,SHORT,12932.75,12897.75,35.0,64.0,TP
2021-02-01,11:00,11:15,LONG,13099.0,13134.0,35.0,64.0,TP
2021-02-01,13:45,15:00,LONG,13261.5,13250.25,-11.25,-28.5,EOD_FORCED
2021-02-02,09:45,10:15,SHORT,13381.5,13416.5,-35.0,-76.0,SL
2021-02-02,14:00,15:00,LONG,13472.0,13466.0,-6.0,-18.0,EOD_FORCED
2021-02-03,13:15,15:00,LONG,13473.5,13438.5,-35.0,-76.0,SL
2021-02-05,11:00,12:00,SHORT,13552.75,13587.75,-35.0,-76.0,SL
2021-02-09,11:45,15:00,SHORT,13691.0,13708.0,-17.0,-40.0,EOD_FORCED
2021-02-11,10:45,12:15,SHORT,13709.25,13674.25,35.0,64.0,TP
2021-02-12,09:45,10:45,SHORT,13693.75,13728.75,-35.0,-76.0,SL
2021-02-16,09:45,10:45,SHORT,13853.0,13818.0,35.0,64.0,TP
2021-02-16,12:30,12:45,SHORT,13754.5,13789.5,-35.0,-76.0,SL
2021-02-17,11:00,11:15,SHORT,13590.25,13555.25,35.0,64.0,TP
2021-02-19,09:45,10:00,LONG,13671.75,13636.75,-35.0,-76.0,SL
2021-02-23,09:45,10:00,LONG,12885.75,12920.75,35.0,64.0,TP
2021-02-24,13:00,13:30,LONG,13226.0,13261.0,35.0,64.0,TP
2021-03-02,11:00,11:15,SHORT,13163.25,13128.25,35.0,64.0,TP
2021-03-04,11:15,11:30,LONG,12705.75,12740.75,35.0,64.0,TP
2021-03-05,12:00,12:15,SHORT,12337.5,12372.5,-35.0,-76.0,SL
2021-03-05,13:45,14:00,LONG,12587.5,12552.5,-35.0,-76.0,SL
2021-03-05,14:15,14:30,LONG,12592.0,12627.0,35.0,64.0,TP
2021-03-08,09:45,10:00,SHORT,12578.0,12613.0,-35.0,-76.0,SL
2021-03-08,12:30,12:45,SHORT,12559.75,12524.75,35.0,64.0,TP
2021-03-08,13:00,13:30,LONG,12564.5,12529.5,-35.0,-76.0,SL
2021-03-09,11:00,11:30,LONG,12719.0,12754.0,35.0,64.0,TP
2021-03-10,14:15,14:45,SHORT,12775.5,12810.5,-35.0,-76.0,SL
2021-03-11,12:45,13:00,LONG,13073.75,13108.75,35.0,64.0,TP
2021-03-12,10:00,10:15,SHORT,12857.75,12822.75,35.0,64.0,TP
2021-03-12,13:00,14:45,LONG,12882.5,12917.5,35.0,64.0,TP
2021-03-15,10:30,11:00,LONG,12949.5,12984.5,35.0,64.0,TP
2021-03-17,13:00,14:00,LONG,12997.5,13032.5,35.0,64.0,TP
2021-03-18,09:45,10:00,LONG,13011.25,12976.25,-35.0,-76.0,SL
2021-03-18,11:00,12:00,SHORT,12967.75,13002.75,-35.0,-76.0,SL
2021-03-24,13:30,13:45,SHORT,12888.5,12923.5,-35.0,-76.0,SL
2021-03-24,14:00,14:30,SHORT,12930.5,12895.5,35.0,64.0,TP
2021-03-25,11:30,11:45,SHORT,12642.5,12677.5,-35.0,-76.0,SL
2021-03-25,12:00,12:15,SHORT,12691.5,12726.5,-35.0,-76.0,SL
2021-03-25,13:00,13:15,LONG,12774.25,12739.25,-35.0,-76.0,SL
2021-03-25,13:30,13:45,LONG,12741.0,12706.0,-35.0,-76.0,SL
2021-03-29,10:15,10:30,SHORT,12834.75,12869.75,-35.0,-76.0,SL
2021-03-30,09:45,10:15,LONG,12831.75,12796.75,-35.0,-76.0,SL
2021-03-30,12:30,14:30,SHORT,12846.75,12881.75,-35.0,-76.0,SL
2021-03-31,11:00,12:30,LONG,13106.75,13141.75,35.0,64.0,TP
2021-04-01,13:45,15:00,SHORT,13281.75,13287.25,-5.5,-17.0,EOD_FORCED
2021-04-05,11:00,12:15,LONG,13524.5,13559.5,35.0,64.0,TP
2021-04-06,10:15,11:00,LONG,13588.5,13623.5,35.0,64.0,TP
2021-04-06,11:30,13:00,LONG,13642.75,13607.75,-35.0,-76.0,SL
2021-04-08,10:45,15:00,SHORT,13719.75,13732.5,-12.75,-31.5,EOD_FORCED
2021-04-09,12:15,15:00,LONG,13760.0,13760.25,0.25,-5.5,EOD_FORCED
2021-04-12,10:15,10:30,SHORT,13778.5,13743.5,35.0,64.0,TP
2021-04-12,11:45,12:45,LONG,13781.75,13816.75,35.0,64.0,TP
2021-04-13,12:15,13:30,SHORT,13911.0,13946.0,-35.0,-76.0,SL
2021-04-13,14:00,15:00,LONG,13939.5,13974.5,35.0,64.0,TP
2021-04-15,10:00,11:00,LONG,13968.25,14003.25,35.0,64.0,TP
2021-04-19,10:30,10:45,SHORT,13902.75,13867.75,35.0,64.0,TP
2021-04-19,11:15,11:30,SHORT,13923.75,13888.75,35.0,64.0,TP
2021-04-19,13:15,15:00,SHORT,13870.5,13867.0,3.5,1.0,EOD_FORCED
2021-04-20,12:15,13:15,SHORT,13793.75,13758.75,35.0,64.0,TP
2021-04-21,13:45,15:00,LONG,13859.25,13863.0,3.75,1.5,EOD_FORCED
2021-04-22,09:45,10:15,LONG,13882.0,13917.0,35.0,64.0,TP
2021-04-23,14:00,15:00,LONG,13951.5,13956.25,4.75,3.5,EOD_FORCED
2021-04-26,11:30,14:45,LONG,13980.75,14015.75,35.0,64.0,TP
2021-04-27,12:15,15:00,LONG,13970.5,13961.0,-9.5,-25.0,EOD_FORCED
2021-05-03,09:45,10:00,LONG,13873.75,13908.75,35.0,64.0,TP
2021-05-03,11:45,12:30,SHORT,13813.25,13778.25,35.0,64.0,TP
2021-05-10,10:15,10:45,SHORT,13515.0,13480.0,35.0,64.0,TP
2021-05-10,13:15,14:00,SHORT,13496.5,13461.5,35.0,64.0,TP
2021-05-12,09:45,10:00,SHORT,13157.5,13122.5,35.0,64.0,TP
2021-05-12,11:15,11:30,SHORT,13071.0,13036.0,35.0,64.0,TP
2021-05-13,09:45,10:00,LONG,13159.25,13194.25,35.0,64.0,TP
2021-05-13,12:30,12:45,SHORT,13108.5,13073.5,35.0,64.0,TP
2021-05-17,12:45,13:30,SHORT,13235.75,13200.75,35.0,64.0,TP
2021-05-18,13:30,14:15,SHORT,13347.0,13312.0,35.0,64.0,TP
2021-05-19,09:45,10:00,SHORT,13043.5,13008.5,35.0,64.0,TP
2021-05-21,09:45,10:00,LONG,13543.0,13508.0,-35.0,-76.0,SL
2021-05-24,11:00,14:30,LONG,13646.0,13681.0,35.0,64.0,TP
2021-05-27,11:30,14:00,LONG,13700.0,13665.0,-35.0,-76.0,SL
2021-05-28,11:00,12:00,LONG,13721.25,13756.25,35.0,64.0,TP
2021-05-28,12:30,13:15,LONG,13758.75,13723.75,-35.0,-76.0,SL
2021-05-31,09:45,12:45,LONG,13673.75,13654.0,-19.75,-45.5,EOD_FORCED
2021-06-01,10:30,10:45,SHORT,13658.5,13623.5,35.0,64.0,TP
2021-06-01,13:30,14:30,SHORT,13650.0,13685.0,-35.0,-76.0,SL
2021-06-02,09:45,13:15,SHORT,13679.0,13644.0,35.0,64.0,TP
2021-06-03,09:45,10:00,LONG,13497.25,13532.25,35.0,64.0,TP
2021-06-03,11:45,13:15,LONG,13550.75,13585.75,35.0,64.0,TP
2021-06-04,11:00,14:45,LONG,13747.75,13782.75,35.0,64.0,TP
2021-06-07,10:30,14:45,SHORT,13734.0,13769.0,-35.0,-76.0,SL
2021-06-08,11:45,12:45,SHORT,13783.0,13818.0,-35.0,-76.0,SL
2021-06-08,13:45,15:00,SHORT,13800.5,13835.5,-35.0,-76.0,SL
2021-06-09,13:15,15:00,LONG,13867.0,13837.5,-29.5,-65.0,EOD_FORCED
2021-06-10,10:15,10:30,LONG,13935.25,13900.25,-35.0,-76.0,SL
2021-06-10,13:30,15:00,LONG,13940.75,13949.25,8.5,11.0,EOD_FORCED
2021-06-17,14:00,15:00,LONG,14178.75,14205.0,26.25,46.5,EOD_FORCED
2021-06-21,12:15,15:00,LONG,14114.5,14117.25,2.75,-0.5,EOD_FORCED
2021-06-22,10:45,11:15,LONG,14170.5,14205.5,35.0,64.0,TP
2021-06-22,14:00,15:00,LONG,14222.5,14257.5,35.0,64.0,TP
2021-06-23,13:45,15:00,LONG,14281.5,14282.75,1.25,-3.5,EOD_FORCED
2021-06-24,11:00,13:15,LONG,14391.25,14356.25,-35.0,-76.0,SL
2021-06-25,10:30,12:15,SHORT,14362.25,14327.25,35.0,64.0,TP
2021-06-25,12:45,15:00,SHORT,14338.25,14346.25,-8.0,-22.0,EOD_FORCED
2021-06-28,11:00,14:45,LONG,14466.75,14501.75,35.0,64.0,TP
2021-06-29,09:45,10:15,SHORT,14512.0,14477.0,35.0,64.0,TP
2021-06-29,11:15,12:30,LONG,14513.5,14548.5,35.0,64.0,TP
2021-06-30,12:45,15:00,SHORT,14539.5,14549.0,-9.5,-25.0,EOD_FORCED
2021-07-01,09:45,10:15,SHORT,14545.75,14510.75,35.0,64.0,TP
2021-07-05,12:15,12:45,SHORT,14695.25,14692.25,3.0,0.0,EOD_FORCED
2021-07-06,11:30,12:00,SHORT,14718.25,14683.25,35.0,64.0,TP
2021-07-07,11:00,11:45,SHORT,14769.0,14804.0,-35.0,-76.0,SL
2021-07-07,12:30,15:00,LONG,14800.75,14813.0,12.25,18.5,EOD_FORCED
2021-07-08,09:45,10:15,LONG,14637.75,14602.75,-35.0,-76.0,SL
2021-07-08,11:00,11:45,LONG,14631.5,14666.5,35.0,64.0,TP
2021-07-09,14:00,15:00,SHORT,14801.5,14817.0,-15.5,-37.0,EOD_FORCED
2021-07-12,10:15,15:00,SHORT,14831.5,14857.0,-25.5,-57.0,EOD_FORCED
2021-07-13,10:45,11:15,LONG,14950.0,14985.0,35.0,64.0,TP
2021-07-13,12:15,13:00,LONG,14978.0,14943.0,-35.0,-76.0,SL
2021-07-14,10:30,11:15,LONG,14967.25,14932.25,-35.0,-76.0,SL
2021-07-14,13:45,15:00,SHORT,14909.5,14944.5,-35.0,-76.0,SL
2021-07-15,12:45,13:00,SHORT,14782.75,14747.75,35.0,64.0,TP
2021-07-16,10:45,11:00,SHORT,14763.5,14728.5,35.0,64.0,TP
2021-07-19,13:45,14:00,SHORT,14464.25,14499.25,-35.0,-76.0,SL
2021-07-21,12:15,15:00,LONG,14769.5,14804.5,35.0,64.0,TP
2021-07-27,12:30,12:45,SHORT,14854.5,14819.5,35.0,64.0,TP
2021-07-27,13:45,14:00,SHORT,14808.5,14843.5,-35.0,-76.0,SL
2021-07-28,11:45,13:15,LONG,15010.5,14975.5,-35.0,-76.0,SL
2021-07-28,13:45,14:00,SHORT,14971.75,15006.75,-35.0,-76.0,SL
2021-07-29,09:45,15:00,SHORT,15053.75,15046.75,7.0,8.0,EOD_FORCED
2021-07-30,10:30,11:00,LONG,14951.25,14916.25,-35.0,-76.0,SL
2021-08-02,09:45,10:15,LONG,14976.25,15011.25,35.0,64.0,TP
2021-08-02,14:15,15:00,SHORT,14986.5,14981.5,5.0,4.0,EOD_FORCED
2021-08-03,13:45,15:00,LONG,15019.5,15023.5,4.0,2.0,EOD_FORCED
2021-08-05,11:45,15:00,LONG,15148.0,15146.75,-1.25,-8.5,EOD_FORCED
2021-08-06,10:30,10:45,SHORT,15113.5,15078.5,35.0,64.0,TP
2021-08-06,11:30,15:00,SHORT,15077.75,15085.5,-7.75,-21.5,EOD_FORCED
2021-08-09,11:15,15:00,LONG,15113.75,15131.5,17.75,29.5,EOD_FORCED
2021-08-11,11:30,13:00,SHORT,14981.5,15016.5,-35.0,-76.0,SL
2021-08-12,09:45,10:15,LONG,14975.0,15010.0,35.0,64.0,TP
2021-08-12,11:15,14:45,LONG,15044.0,15079.0,35.0,64.0,TP
2021-08-13,13:45,15:00,LONG,15115.75,15110.25,-5.5,-17.0,EOD_FORCED
2021-08-16,12:30,13:15,LONG,15005.75,15040.75,35.0,64.0,TP
2021-08-18,11:45,14:00,SHORT,14979.25,15014.25,-35.0,-76.0,SL
2021-08-18,14:15,15:00,LONG,14993.75,14974.75,-19.0,-44.0,EOD_FORCED
2021-08-19,13:30,14:00,LONG,14956.5,14921.5,-35.0,-76.0,SL
2021-08-23,12:15,15:00,LONG,15312.25,15326.0,13.75,21.5,EOD_FORCED
2021-08-24,11:00,15:00,LONG,15360.0,15363.0,3.0,0.0,EOD_FORCED
2021-08-26,11:45,15:00,LONG,15319.5,15284.5,-35.0,-76.0,SL
2021-08-27,14:15,15:00,LONG,15427.0,15439.75,12.75,19.5,EOD_FORCED
2021-08-31,10:00,11:30,LONG,15547.75,15582.75,35.0,64.0,TP
2021-08-31,12:45,15:00,LONG,15596.75,15585.75,-11.0,-28.0,EOD_FORCED
2021-09-01,09:45,14:30,SHORT,15667.0,15632.0,35.0,64.0,TP
2021-09-02,13:00,13:45,SHORT,15611.25,15576.25,35.0,64.0,TP
2021-09-03,12:00,15:00,LONG,15646.0,15665.75,19.75,33.5,EOD_FORCED
2021-09-06,10:30,12:45,LONG,15701.5,15702.0,0.5,-5.0,EOD_FORCED
2021-09-07,13:00,15:00,LONG,15691.75,15692.0,0.25,-5.5,EOD_FORCED
2021-09-08,09:45,10:30,LONG,15635.0,15600.0,-35.0,-76.0,SL
2021-09-09,09:45,11:15,SHORT,15659.25,15624.25,35.0,64.0,TP
2021-09-09,12:00,13:15,SHORT,15628.75,15593.75,35.0,64.0,TP
2021-09-09,14:15,15:00,SHORT,15588.0,15589.25,-1.25,-8.5,EOD_FORCED
2021-09-10,13:30,14:15,LONG,15589.0,15554.0,-35.0,-76.0,SL
2021-09-13,11:30,11:45,SHORT,15381.25,15416.25,-35.0,-76.0,SL
2021-09-13,12:00,12:45,LONG,15407.25,15442.25,35.0,64.0,TP
2021-09-14,13:45,14:15,SHORT,15429.0,15394.0,35.0,64.0,TP
2021-09-16,10:30,11:15,SHORT,15406.25,15371.25,35.0,64.0,TP
2021-09-16,13:00,13:45,LONG,15442.75,15477.75,35.0,64.0,TP
2021-09-20,09:45,10:00,SHORT,15107.75,15072.75,35.0,64.0,TP
2021-09-20,13:30,14:00,SHORT,14923.25,14888.25,35.0,64.0,TP
2021-09-21,11:15,11:30,SHORT,15048.5,15083.5,-35.0,-76.0,SL
2021-09-21,12:30,12:45,LONG,15089.25,15054.25,-35.0,-76.0,SL
2021-09-22,13:30,14:00,SHORT,15135.75,15170.75,-35.0,-76.0,SL
2021-09-23,14:15,15:00,LONG,15327.25,15315.25,-12.0,-30.0,EOD_FORCED
2021-09-24,10:00,10:15,SHORT,15219.0,15254.0,-35.0,-76.0,SL
2021-09-28,09:45,10:00,LONG,14951.25,14916.25,-35.0,-76.0,SL
2021-09-28,12:15,12:30,SHORT,14816.5,14781.5,35.0,64.0,TP
2021-09-30,13:15,14:00,SHORT,14729.75,14764.75,-35.0,-76.0,SL
2021-10-01,12:15,13:30,LONG,14676.25,14711.25,35.0,64.0,TP
2021-10-04,11:15,11:30,SHORT,14447.25,14412.25,35.0,64.0,TP
2021-10-04,13:45,14:00,SHORT,14399.75,14434.75,-35.0,-76.0,SL
2021-10-05,11:45,13:30,LONG,14699.0,14734.0,35.0,64.0,TP
2021-10-05,14:15,15:00,LONG,14738.75,14745.75,7.0,8.0,EOD_FORCED
2021-10-06,12:45,13:15,SHORT,14601.25,14636.25,-35.0,-76.0,SL
2021-10-08,11:15,11:45,SHORT,14848.0,14813.0,35.0,64.0,TP
2021-10-11,10:45,12:00,LONG,14863.75,14828.75,-35.0,-76.0,SL
2021-10-11,14:15,15:00,SHORT,14794.0,14792.0,2.0,-2.0,EOD_FORCED
2021-10-12,13:45,14:00,SHORT,14658.0,14693.0,-35.0,-76.0,SL
2021-10-13,10:45,11:30,SHORT,14697.25,14662.25,35.0,64.0,TP
2021-10-14,10:30,11:45,LONG,14979.75,15014.75,35.0,64.0,TP
2021-10-18,14:15,15:00,LONG,15249.0,15273.5,24.5,43.0,EOD_FORCED
2021-10-19,10:00,12:30,LONG,15352.5,15387.5,35.0,64.0,TP
2021-10-20,14:15,15:00,SHORT,15367.75,15378.75,-11.0,-28.0,EOD_FORCED
2021-10-21,13:15,15:00,LONG,15429.75,15457.0,27.25,48.5,EOD_FORCED
2021-10-22,12:45,14:30,SHORT,15340.25,15375.25,-35.0,-76.0,SL
2021-10-25,13:30,14:30,LONG,15497.5,15532.5,35.0,64.0,TP
2021-10-26,12:15,12:30,SHORT,15577.75,15542.75,35.0,64.0,TP
2021-10-28,11:00,12:45,LONG,15730.25,15695.25,-35.0,-76.0,SL
2021-10-29,10:15,11:00,SHORT,15678.5,15713.5,-35.0,-76.0,SL
2021-11-02,10:30,11:45,SHORT,15941.5,15976.5,-35.0,-76.0,SL
2021-11-02,13:45,15:00,SHORT,15937.5,15954.75,-17.25,-40.5,EOD_FORCED
2021-11-03,12:15,14:00,LONG,15977.0,16012.0,35.0,64.0,TP
2021-11-05,10:15,12:45,SHORT,16419.75,16384.75,35.0,64.0,TP
2021-11-08,10:15,10:30,SHORT,16339.75,16304.75,35.0,64.0,TP
2021-11-09,12:45,13:45,SHORT,16209.0,16174.0,35.0,64.0,TP
2021-11-10,13:30,13:45,SHORT,16047.75,16012.75,35.0,64.0,TP
2021-11-15,09:45,10:00,LONG,16228.75,16193.75,-35.0,-76.0,SL
2021-11-15,11:15,11:30,SHORT,16163.0,16128.0,35.0,64.0,TP
2021-11-16,11:45,14:00,LONG,16288.0,16323.0,35.0,64.0,TP
2021-11-19,10:30,11:30,LONG,16589.25,16624.25,35.0,64.0,TP
2021-11-19,14:00,15:00,SHORT,16580.5,16569.75,10.75,15.5,EOD_FORCED
2021-11-22,12:45,13:00,SHORT,16529.0,16494.0,35.0,64.0,TP
2021-11-22,13:30,14:45,SHORT,16537.0,16572.0,-35.0,-76.0,SL
2021-11-24,09:45,10:00,LONG,16181.25,16216.25,35.0,64.0,TP
2021-11-24,10:45,11:00,LONG,16247.5,16212.5,-35.0,-76.0,SL
2021-11-24,12:00,12:15,LONG,16319.0,16284.0,-35.0,-76.0,SL
2021-11-26,09:45,10:00,LONG,16229.5,16194.5,-35.0,-76.0,SL
2021-11-26,10:30,11:00,SHORT,16133.75,16098.75,35.0,64.0,TP
2021-11-26,12:30,12:45,SHORT,16096.0,16061.0,35.0,64.0,TP
2021-11-30,11:15,11:30,SHORT,16165.5,16130.5,35.0,64.0,TP
2021-12-01,10:30,10:45,LONG,16324.5,16359.5,35.0,64.0,TP
2021-12-02,13:00,13:15,LONG,16013.0,15978.0,-35.0,-76.0,SL
2021-12-02,14:00,14:15,SHORT,15980.75,16015.75,-35.0,-76.0,SL
2021-12-03,13:15,13:30,SHORT,15639.0,15604.0,35.0,64.0,TP
2021-12-06,10:45,11:00,LONG,15732.0,15697.0,-35.0,-76.0,SL
2021-12-06,11:15,11:30,LONG,15705.25,15740.25,35.0,64.0,TP
2021-12-07,14:15,15:00,LONG,16319.0,16284.0,-35.0,-76.0,SL
2021-12-08,10:15,11:15,SHORT,16283.25,16318.25,-35.0,-76.0,SL
2021-12-08,13:00,13:30,LONG,16331.0,16366.0,35.0,64.0,TP
2021-12-08,14:15,15:00,LONG,16352.25,16355.0,2.75,-0.5,EOD_FORCED
2021-12-09,11:30,12:00,SHORT,16309.75,16274.75,35.0,64.0,TP
2021-12-14,09:45,10:00,SHORT,15927.5,15892.5,35.0,64.0,TP
2021-12-15,12:30,13:00,SHORT,15777.75,15812.75,-35.0,-76.0,SL
2021-12-16,10:30,10:45,SHORT,16120.5,16155.5,-35.0,-76.0,SL
2021-12-20,10:30,10:45,LONG,15624.5,15589.5,-35.0,-76.0,SL
2021-12-20,12:00,12:15,SHORT,15540.25,15575.25,-35.0,-76.0,SL
2021-12-20,13:15,13:30,SHORT,15542.25,15577.25,-35.0,-76.0,SL
2021-12-22,09:45,10:00,SHORT,16006.75,15971.75,35.0,64.0,TP
2021-12-22,13:00,13:30,SHORT,16099.25,16064.25,35.0,64.0,TP
2021-12-23,14:15,15:00,LONG,16328.25,16326.75,-1.5,-9.0,EOD_FORCED
2021-12-28,10:30,11:30,SHORT,16543.0,16508.0,35.0,64.0,TP
2021-12-28,13:00,14:00,SHORT,16494.0,16459.0,35.0,64.0,TP
2021-12-29,11:00,11:45,SHORT,16463.25,16428.25,35.0,64.0,TP
2021-12-29,13:30,14:00,LONG,16445.5,16480.5,35.0,64.0,TP
2021-12-30,11:00,15:00,LONG,16538.5,16503.5,-35.0,-76.0,SL
2021-12-31,13:15,15:00,LONG,16385.25,16369.5,-15.75,-37.5,EOD_FORCED
2022-01-04,11:45,13:30,SHORT,16204.75,16169.75,35.0,64.0,TP
2022-01-04,14:15,14:30,SHORT,16172.5,16207.5,-35.0,-76.0,SL
2022-01-05,10:00,10:15,SHORT,16183.25,16218.25,-35.0,-76.0,SL
2022-01-05,11:00,11:45,SHORT,16155.25,16120.25,35.0,64.0,TP
2022-01-05,13:30,14:00,SHORT,16069.25,16104.25,-35.0,-76.0,SL
2022-01-06,12:15,12:30,LONG,15827.5,15862.5,35.0,64.0,TP
2022-01-06,12:45,13:15,SHORT,15821.25,15786.25,35.0,64.0,TP
2022-01-07,09:45,10:00,SHORT,15793.0,15758.0,35.0,64.0,TP
2022-01-07,11:30,11:45,SHORT,15602.0,15637.0,-35.0,-76.0,SL
2022-01-10,11:45,12:00,LONG,15300.5,15265.5,-35.0,-76.0,SL
2022-01-12,09:45,10:00,LONG,15966.75,16001.75,35.0,64.0,TP
2022-01-14,12:15,12:45,LONG,15513.25,15478.25,-35.0,-76.0,SL
2022-01-17,09:45,12:45,LONG,15576.5,15555.0,-21.5,-49.0,EOD_FORCED
2022-01-19,11:30,11:45,SHORT,15130.5,15165.5,-35.0,-76.0,SL
2022-01-20,10:15,10:30,LONG,15270.5,15305.5,35.0,64.0,TP
2022-01-20,11:15,11:30,LONG,15298.75,15263.75,-35.0,-76.0,SL
2022-01-20,12:15,12:45,LONG,15289.5,15254.5,-35.0,-76.0,SL
2022-01-21,13:45,14:00,SHORT,14608.25,14643.25,-35.0,-76.0,SL
2022-01-26,10:45,11:00,LONG,14390.75,14355.75,-35.0,-76.0,SL
2022-01-26,14:15,14:30,LONG,14508.5,14473.5,-35.0,-76.0,SL
2022-01-28,09:45,10:00,LONG,13900.5,13865.5,-35.0,-76.0,SL
2022-01-28,12:30,12:45,LONG,14256.25,14221.25,-35.0,-76.0,SL
2022-01-31,10:30,10:45,LONG,14694.5,14659.5,-35.0,-76.0,SL
2022-02-01,11:30,11:45,LONG,14893.75,14928.75,35.0,64.0,TP
2022-02-01,13:00,14:15,SHORT,14880.0,14845.0,35.0,64.0,TP
2022-02-02,09:45,10:00,LONG,15095.5,15130.5,35.0,64.0,TP
2022-02-02,10:45,11:00,SHORT,15064.5,15029.5,35.0,64.0,TP
2022-02-02,12:15,12:30,SHORT,15030.75,15065.75,-35.0,-76.0,SL
2022-02-03,13:30,14:15,SHORT,14665.5,14630.5,35.0,64.0,TP
2022-02-04,10:15,10:30,SHORT,14559.5,14594.5,-35.0,-76.0,SL
2022-02-04,12:00,12:30,LONG,14599.25,14564.25,-35.0,-76.0,SL
2022-02-04,14:15,14:30,LONG,14718.75,14753.75,35.0,64.0,TP
2022-02-07,10:30,11:00,SHORT,14710.25,14675.25,35.0,64.0,TP
2022-02-07,12:00,12:30,SHORT,14602.75,14567.75,35.0,64.0,TP
2022-02-08,12:15,12:30,LONG,14700.0,14735.0,35.0,64.0,TP
2022-02-08,13:45,14:15,LONG,14693.0,14658.0,-35.0,-76.0,SL
2022-02-09,12:00,12:30,LONG,14935.25,14970.25,35.0,64.0,TP
2022-02-14,11:45,12:30,LONG,14339.5,14374.5,35.0,64.0,TP
2022-02-15,10:00,10:30,SHORT,14477.75,14512.75,-35.0,-76.0,SL
2022-02-18,11:30,11:45,SHORT,14032.0,13997.0,35.0,64.0,TP
2022-02-18,12:15,12:30,SHORT,14010.5,13975.5,35.0,64.0,TP
2022-02-21,09:45,10:15,LONG,13830.0,13865.0,35.0,64.0,TP
2022-02-23,13:45,14:15,SHORT,13682.5,13647.5,35.0,64.0,TP
2022-02-25,10:00,10:15,LONG,13902.25,13937.25,35.0,64.0,TP
2022-02-25,12:15,12:45,LONG,14143.5,14108.5,-35.0,-76.0,SL
2022-02-28,10:15,10:30,LONG,14094.25,14129.25,35.0,64.0,TP
2022-03-02,09:45,10:00,SHORT,14076.5,14041.5,35.0,64.0,TP
2022-03-02,11:45,12:00,LONG,14163.25,14198.25,35.0,64.0,TP
2022-03-04,09:45,10:00,LONG,13923.5,13888.5,-35.0,-76.0,SL
2022-03-04,11:45,12:00,SHORT,13787.25,13822.25,-35.0,-76.0,SL
2022-03-07,13:45,14:15,SHORT,13477.5,13512.5,-35.0,-76.0,SL
2022-03-08,11:00,11:15,SHORT,13262.0,13227.0,35.0,64.0,TP
2022-03-09,09:45,10:00,LONG,13568.75,13603.75,35.0,64.0,TP
2022-03-10,12:00,12:15,SHORT,13458.5,13493.5,-35.0,-76.0,SL
2022-03-14,09:45,10:00,SHORT,13275.25,13310.25,-35.0,-76.0,SL
2022-03-15,09:45,10:00,LONG,13184.5,13219.5,35.0,64.0,TP
2022-03-15,12:00,12:45,LONG,13357.0,13322.0,-35.0,-76.0,SL
2022-03-15,13:00,14:15,SHORT,13313.0,13278.0,35.0,64.0,TP
2022-03-21,14:00,14:15,SHORT,14250.75,14285.75,-35.0,-76.0,SL
2022-03-23,10:45,11:15,LONG,14588.5,14623.5,35.0,64.0,TP
2022-03-24,12:30,13:00,LONG,14622.75,14657.75,35.0,64.0,TP
2022-03-24,14:15,15:00,LONG,14656.25,14691.25,35.0,64.0,TP
2022-03-28,13:45,14:30,LONG,14844.25,14879.25,35.0,64.0,TP
2022-03-31,09:45,10:00,LONG,15026.75,14991.75,-35.0,-76.0,SL
2022-03-31,13:30,14:15,SHORT,15000.0,14965.0,35.0,64.0,TP
2022-04-01,10:00,10:15,LONG,14874.75,14839.75,-35.0,-76.0,SL
2022-04-04,10:15,11:00,LONG,15046.0,15081.0,35.0,64.0,TP
2022-04-06,10:45,11:45,SHORT,14474.75,14509.75,-35.0,-76.0,SL
2022-04-08,12:45,13:00,LONG,14480.25,14445.25,-35.0,-76.0,SL
2022-04-11,09:45,10:00,SHORT,14138.5,14173.5,-35.0,-76.0,SL
2022-04-11,11:45,13:00,SHORT,14074.25,14109.25,-35.0,-76.0,SL
2022-04-11,13:45,14:15,LONG,14092.75,14057.75,-35.0,-76.0,SL
2022-04-12,13:15,13:30,SHORT,14083.5,14048.5,35.0,64.0,TP
2022-04-13,09:45,10:00,SHORT,14014.75,14049.75,-35.0,-76.0,SL
2022-04-14,13:00,13:30,SHORT,13977.5,14012.5,-35.0,-76.0,SL
2022-04-19,11:00,11:30,LONG,14141.25,14176.25,35.0,64.0,TP
2022-04-21,10:30,10:45,SHORT,14138.25,14103.25,35.0,64.0,TP
2022-04-21,13:30,13:45,SHORT,13894.75,13859.75,35.0,64.0,TP
2022-04-25,13:00,13:30,LONG,13380.5,13345.5,-35.0,-76.0,SL
2022-04-27,09:45,10:00,SHORT,13175.5,13210.5,-35.0,-76.0,SL
2022-04-27,10:45,11:00,SHORT,13047.0,13082.0,-35.0,-76.0,SL
2022-04-27,13:15,13:30,LONG,13166.25,13131.25,-35.0,-76.0,SL
2022-04-28,09:45,10:00,LONG,13136.0,13101.0,-35.0,-76.0,SL
2022-04-28,11:45,12:00,LONG,13137.25,13172.25,35.0,64.0,TP
2022-05-02,11:00,11:15,LONG,12934.5,12899.5,-35.0,-76.0,SL
2022-05-03,11:45,12:00,LONG,13105.75,13070.75,-35.0,-76.0,SL
2022-05-03,12:30,13:00,LONG,13072.5,13107.5,35.0,64.0,TP
2022-05-04,14:15,14:30,LONG,13129.5,13094.5,-35.0,-76.0,SL
2022-05-05,13:00,13:30,SHORT,12894.5,12929.5,-35.0,-76.0,SL
2022-05-10,09:45,10:00,LONG,12463.25,12498.25,35.0,64.0,TP
2022-05-10,12:45,13:00,SHORT,12230.75,12265.75,-35.0,-76.0,SL
2022-05-12,09:45,10:00,SHORT,11795.25,11830.25,-35.0,-76.0,SL
2022-05-12,12:45,13:00,SHORT,11909.5,11874.5,35.0,64.0,TP
2022-05-17,13:00,14:00,LONG,12492.25,12457.25,-35.0,-76.0,SL
2022-05-18,10:15,10:30,SHORT,12297.5,12262.5,35.0,64.0,TP
2022-05-23,09:45,10:00,SHORT,11853.25,11818.25,35.0,64.0,TP
2022-05-23,12:30,12:45,LONG,12017.0,11982.0,-35.0,-76.0,SL
2022-05-24,10:30,10:45,SHORT,11645.5,11610.5,35.0,64.0,TP
2022-05-24,12:45,13:00,LONG,11699.75,11664.75,-35.0,-76.0,SL
2022-05-25,09:45,10:00,SHORT,11806.5,11771.5,35.0,64.0,TP
2022-05-25,12:00,12:15,LONG,11862.0,11827.0,-35.0,-76.0,SL
2022-05-26,11:30,12:00,LONG,12223.5,12258.5,35.0,64.0,TP
2022-05-27,11:00,11:45,LONG,12558.5,12593.5,35.0,64.0,TP
2022-05-27,12:30,14:30,LONG,12581.0,12616.0,35.0,64.0,TP
2022-05-30,10:15,10:45,LONG,12763.0,12798.0,35.0,64.0,TP
2022-05-30,12:00,12:30,LONG,12801.5,12836.5,35.0,64.0,TP
2022-05-31,11:15,11:30,LONG,12586.25,12621.25,35.0,64.0,TP
2022-05-31,12:15,12:30,LONG,12704.25,12739.25,35.0,64.0,TP
2022-06-02,09:45,10:00,SHORT,12531.75,12566.75,-35.0,-76.0,SL
2022-06-03,09:45,10:00,LONG,12693.5,12658.5,-35.0,-76.0,SL
2022-06-06,09:45,10:00,LONG,12749.75,12784.75,35.0,64.0,TP
2022-06-06,11:45,12:00,SHORT,12665.75,12630.75,35.0,64.0,TP
2022-06-07,12:00,12:15,SHORT,12602.25,12567.25,35.0,64.0,TP
2022-06-08,10:15,10:30,LONG,12726.75,12761.75,35.0,64.0,TP
2022-06-08,11:00,12:15,LONG,12743.5,12708.5,-35.0,-76.0,SL
2022-06-10,12:00,12:30,SHORT,11845.0,11880.0,-35.0,-76.0,SL
2022-06-14,11:15,11:30,LONG,11297.0,11332.0,35.0,64.0,TP
2022-06-14,12:15,13:00,LONG,11308.75,11343.75,35.0,64.0,TP
2022-06-15,09:45,10:00,SHORT,11479.0,11514.0,-35.0,-76.0,SL
2022-06-15,11:00,11:30,SHORT,11460.5,11495.5,-35.0,-76.0,SL
2022-06-16,11:15,11:30,SHORT,11182.0,11147.0,35.0,64.0,TP
2022-06-20,09:45,11:30,LONG,11364.0,11399.0,35.0,64.0,TP
2022-06-23,09:45,10:00,LONG,11646.25,11611.25,-35.0,-76.0,SL
2022-06-23,13:15,13:45,SHORT,11576.5,11611.5,-35.0,-76.0,SL
2022-06-24,09:45,10:00,SHORT,11954.5,11989.5,-35.0,-76.0,SL
2022-06-24,10:45,11:15,LONG,12013.5,11978.5,-35.0,-76.0,SL
2022-06-24,12:30,14:45,LONG,12020.0,12055.0,35.0,64.0,TP
2022-06-27,09:45,10:00,LONG,12064.5,12099.5,35.0,64.0,TP
2022-06-28,12:45,13:00,SHORT,11817.75,11782.75,35.0,64.0,TP
2022-06-28,13:30,14:00,SHORT,11759.0,11724.0,35.0,64.0,TP
2022-06-29,10:15,10:30,LONG,11689.75,11654.75,-35.0,-76.0,SL
2022-06-29,13:00,13:30,SHORT,11630.5,11665.5,-35.0,-76.0,SL
2022-07-01,10:00,10:15,SHORT,11477.25,11442.25,35.0,64.0,TP
2022-07-01,12:30,13:30,SHORT,11460.25,11495.25,-35.0,-76.0,SL
2022-07-04,11:30,12:45,LONG,11558.0,11550.5,-7.5,-21.0,EOD_FORCED
2022-07-06,09:45,10:00,LONG,11852.25,11817.25,-35.0,-76.0,SL
2022-07-06,14:15,14:30,LONG,11879.75,11914.75,35.0,64.0,TP
2022-07-07,11:30,12:30,LONG,12064.0,12099.0,35.0,64.0,TP
2022-07-08,11:45,12:00,LONG,12188.25,12153.25,-35.0,-76.0,SL
2022-07-11,11:00,11:30,LONG,11945.5,11910.5,-35.0,-76.0,SL
2022-07-12,11:45,12:30,LONG,11895.5,11930.5,35.0,64.0,TP
2022-07-13,10:15,10:30,LONG,11666.25,11701.25,35.0,64.0,TP
2022-07-13,11:00,11:15,LONG,11806.75,11771.75,-35.0,-76.0,SL
2022-07-13,12:15,12:45,LONG,11775.5,11810.5,35.0,64.0,TP
2022-07-15,10:45,11:00,LONG,11945.75,11980.75,35.0,64.0,TP
2022-07-15,11:30,12:00,LONG,11977.25,11942.25,-35.0,-76.0,SL
2022-07-18,10:30,11:30,SHORT,12125.5,12160.5,-35.0,-76.0,SL
2022-07-18,12:30,13:00,LONG,12168.75,12133.75,-35.0,-76.0,SL
2022-07-18,14:15,14:45,SHORT,11977.75,11942.75,35.0,64.0,TP
2022-07-19,09:45,10:00,LONG,12066.5,12031.5,-35.0,-76.0,SL
2022-07-19,13:15,13:30,LONG,12200.5,12235.5,35.0,64.0,TP
2022-07-20,09:45,10:00,SHORT,12285.75,12320.75,-35.0,-76.0,SL
2022-07-20,11:15,11:45,LONG,12468.5,12503.5,35.0,64.0,TP
2022-07-21,12:45,13:15,LONG,12607.0,12572.0,-35.0,-76.0,SL
2022-07-21,13:30,13:45,LONG,12587.25,12552.25,-35.0,-76.0,SL
2022-07-22,09:45,10:00,SHORT,12579.0,12544.0,35.0,64.0,TP
2022-07-22,10:15,11:00,SHORT,12585.0,12550.0,35.0,64.0,TP
2022-07-25,10:45,11:00,SHORT,12354.0,12319.0,35.0,64.0,TP
2022-07-25,13:00,13:30,LONG,12379.75,12344.75,-35.0,-76.0,SL
2022-07-26,09:45,10:15,LONG,12234.5,12199.5,-35.0,-76.0,SL
2022-07-26,12:30,13:00,SHORT,12119.75,12154.75,-35.0,-76.0,SL
2022-07-27,13:00,14:00,LONG,12438.75,12403.75,-35.0,-76.0,SL
2022-07-28,12:15,13:00,LONG,12669.25,12634.25,-35.0,-76.0,SL
2022-08-01,14:15,14:45,SHORT,12948.5,12983.5,-35.0,-76.0,SL
2022-08-02,11:15,11:30,LONG,12966.5,12931.5,-35.0,-76.0,SL
2022-08-03,13:45,15:00,LONG,13267.5,13275.25,7.75,9.5,EOD_FORCED
2022-08-04,09:45,10:15,SHORT,13305.0,13270.0,35.0,64.0,TP
2022-08-04,11:00,11:15,SHORT,13206.25,13241.25,-35.0,-76.0,SL
2022-08-04,13:45,15:00,LONG,13299.0,13334.0,35.0,64.0,TP
2022-08-08,12:45,13:15,SHORT,13196.25,13231.25,-35.0,-76.0,SL
2022-08-09,11:00,12:00,LONG,13037.0,13002.0,-35.0,-76.0,SL
2022-08-10,14:15,15:00,LONG,13362.0,13358.25,-3.75,-13.5,EOD_FORCED
2022-08-12,10:45,11:15,LONG,13432.25,13467.25,35.0,64.0,TP
2022-08-15,12:15,15:00,LONG,13654.25,13689.25,35.0,64.0,TP
2022-08-16,12:45,13:30,LONG,13649.5,13684.5,35.0,64.0,TP
2022-08-17,13:00,14:00,LONG,13483.75,13518.75,35.0,64.0,TP
2022-08-18,09:45,10:15,SHORT,13453.0,13488.0,-35.0,-76.0,SL
2022-08-18,14:00,15:00,LONG,13541.25,13558.0,16.75,27.5,EOD_FORCED
2022-08-19,11:45,12:45,SHORT,13267.75,13302.75,-35.0,-76.0,SL
2022-08-22,11:15,11:45,SHORT,12955.5,12990.5,-35.0,-76.0,SL
2022-08-22,12:00,13:30,SHORT,12973.0,12938.0,35.0,64.0,TP
2022-08-22,14:15,15:00,SHORT,12921.5,12922.0,-0.5,-7.0,EOD_FORCED
2022-08-23,11:15,11:30,SHORT,12910.25,12945.25,-35.0,-76.0,SL
2022-08-26,13:00,13:30,SHORT,12790.75,12755.75,35.0,64.0,TP
2022-08-30,11:00,11:15,SHORT,12323.75,12358.75,-35.0,-76.0,SL
2022-08-30,11:30,12:00,SHORT,12343.25,12378.25,-35.0,-76.0,SL
2022-08-31,09:45,10:00,SHORT,12455.5,12420.5,35.0,64.0,TP
2022-08-31,10:45,11:00,SHORT,12362.0,12327.0,35.0,64.0,TP
2022-08-31,14:15,14:30,SHORT,12325.0,12290.0,35.0,64.0,TP
2022-09-01,12:15,12:45,SHORT,12063.0,12028.0,35.0,64.0,TP
2022-09-06,12:45,13:00,SHORT,12058.25,12023.25,35.0,64.0,TP
2022-09-07,09:45,10:00,SHORT,12078.25,12043.25,35.0,64.0,TP
2022-09-07,10:30,11:00,SHORT,12067.0,12102.0,-35.0,-76.0,SL
2022-09-08,12:45,13:00,SHORT,12228.75,12263.75,-35.0,-76.0,SL
2022-09-08,14:15,14:30,LONG,12264.0,12299.0,35.0,64.0,TP
2022-09-09,11:15,12:15,LONG,12559.0,12524.0,-35.0,-76.0,SL
2022-09-09,13:45,15:00,LONG,12587.25,12600.0,12.75,19.5,EOD_FORCED
2022-09-13,12:15,13:15,SHORT,12203.5,12238.5,-35.0,-76.0,SL
2022-09-14,11:30,12:00,LONG,12147.25,12112.25,-35.0,-76.0,SL
2022-09-14,13:00,13:30,LONG,12155.75,12120.75,-35.0,-76.0,SL
2022-09-19,13:15,13:30,LONG,11942.75,11907.75,-35.0,-76.0,SL
2022-09-20,10:15,10:30,LONG,11931.0,11896.0,-35.0,-76.0,SL
2022-09-21,13:15,13:45,LONG,11981.0,12016.0,35.0,64.0,TP
2022-09-22,10:15,10:45,SHORT,11600.5,11565.5,35.0,64.0,TP
2022-09-22,13:15,13:45,LONG,11567.75,11602.75,35.0,64.0,TP
2022-09-23,10:30,11:15,SHORT,11387.0,11422.0,-35.0,-76.0,SL
2022-09-26,13:30,13:45,SHORT,11314.0,11349.0,-35.0,-76.0,SL
2022-09-27,10:45,11:00,SHORT,11487.75,11452.75,35.0,64.0,TP
2022-09-27,14:00,14:30,SHORT,11267.25,11302.25,-35.0,-76.0,SL
2022-09-28,09:45,10:00,SHORT,11310.75,11345.75,-35.0,-76.0,SL
2022-09-28,11:00,11:15,LONG,11410.75,11445.75,35.0,64.0,TP
2022-09-28,12:30,13:15,LONG,11481.75,11516.75,35.0,64.0,TP
2022-09-29,11:00,11:45,SHORT,11208.0,11243.0,-35.0,-76.0,SL
2022-09-29,13:15,13:45,SHORT,11171.25,11136.25,35.0,64.0,TP
2022-09-30,12:45,13:30,SHORT,11227.0,11192.0,35.0,64.0,TP
2022-09-30,14:15,14:45,SHORT,11165.25,11130.25,35.0,64.0,TP
2022-10-03,12:30,13:15,LONG,11203.75,11238.75,35.0,64.0,TP
2022-10-04,11:45,12:45,LONG,11647.25,11612.25,-35.0,-76.0,SL
2022-10-05,10:45,11:15,SHORT,11381.75,11416.75,-35.0,-76.0,SL
2022-10-05,14:00,14:30,LONG,11592.75,11627.75,35.0,64.0,TP
2022-10-06,11:00,11:15,SHORT,11588.25,11623.25,-35.0,-76.0,SL
2022-10-06,13:00,14:00,LONG,11620.0,11585.0,-35.0,-76.0,SL
2022-10-07,12:00,12:15,SHORT,11183.0,11148.0,35.0,64.0,TP
2022-10-07,13:15,14:15,SHORT,11131.5,11096.5,35.0,64.0,TP
2022-10-10,14:15,14:30,LONG,11002.5,11037.5,35.0,64.0,TP
2022-10-11,10:15,10:30,SHORT,10828.25,10863.25,-35.0,-76.0,SL
2022-10-11,13:30,14:00,LONG,10966.5,10931.5,-35.0,-76.0,SL
2022-10-12,09:45,10:00,SHORT,10890.5,10855.5,35.0,64.0,TP
2022-10-12,10:30,10:45,SHORT,10821.25,10856.25,-35.0,-76.0,SL
2022-10-13,13:45,14:00,LONG,11070.5,11035.5,-35.0,-76.0,SL
2022-10-14,11:00,11:15,SHORT,10888.5,10923.5,-35.0,-76.0,SL
2022-10-17,09:45,10:00,SHORT,11073.75,11108.75,-35.0,-76.0,SL
2022-10-17,10:15,10:45,SHORT,11090.0,11055.0,35.0,64.0,TP
2022-10-17,12:15,14:00,LONG,11102.5,11137.5,35.0,64.0,TP
2022-10-18,12:15,12:30,SHORT,11187.0,11222.0,-35.0,-76.0,SL
2022-10-18,14:15,14:30,LONG,11238.0,11203.0,-35.0,-76.0,SL
2022-10-19,11:00,11:15,LONG,11212.0,11177.0,-35.0,-76.0,SL
2022-10-20,11:45,12:00,SHORT,11271.0,11236.0,35.0,64.0,TP
2022-10-21,10:45,11:00,SHORT,11089.25,11054.25,35.0,64.0,TP
2022-10-24,13:30,14:30,LONG,11405.75,11440.75,35.0,64.0,TP
2022-10-25,12:00,12:45,LONG,11690.5,11655.5,-35.0,-76.0,SL
2022-10-25,13:30,14:00,SHORT,11637.0,11672.0,-35.0,-76.0,SL
2022-10-27,13:15,14:00,SHORT,11291.25,11256.25,35.0,64.0,TP
2022-10-28,12:00,12:30,LONG,11477.25,11512.25,35.0,64.0,TP
2022-10-28,12:45,13:30,LONG,11518.5,11553.5,35.0,64.0,TP
2022-10-28,14:00,14:30,LONG,11531.5,11566.5,35.0,64.0,TP
2022-11-01,11:15,11:30,SHORT,11381.75,11346.75,35.0,64.0,TP
2022-11-01,12:00,12:30,SHORT,11362.25,11327.25,35.0,64.0,TP
2022-11-02,10:45,11:15,SHORT,11269.5,11234.5,35.0,64.0,TP
2022-11-02,11:45,12:30,SHORT,11235.5,11200.5,35.0,64.0,TP
2022-11-03,11:45,12:00,SHORT,10768.0,10803.0,-35.0,-76.0,SL
2022-11-04,09:45,10:00,LONG,10843.75,10808.75,-35.0,-76.0,SL
2022-11-07,11:00,11:15,SHORT,10891.5,10926.5,-35.0,-76.0,SL
2022-11-08,12:15,13:15,LONG,11197.25,11162.25,-35.0,-76.0,SL
2022-11-09,10:15,10:30,SHORT,10993.0,10958.0,35.0,64.0,TP
2022-11-09,11:45,12:15,SHORT,10981.75,10946.75,35.0,64.0,TP
2022-11-10,10:15,10:30,LONG,11424.75,11389.75,-35.0,-76.0,SL
2022-11-10,12:15,12:30,LONG,11471.5,11436.5,-35.0,-76.0,SL
2022-11-11,14:15,15:00,LONG,11854.25,11819.25,-35.0,-76.0,SL
2022-11-14,09:45,10:00,LONG,11744.75,11779.75,35.0,64.0,TP
2022-11-14,13:00,13:15,LONG,11842.5,11877.5,35.0,64.0,TP
2022-11-14,14:15,14:45,LONG,11884.25,11849.25,-35.0,-76.0,SL
2022-11-15,09:45,10:15,LONG,12031.25,11996.25,-35.0,-76.0,SL
2022-11-15,10:30,10:45,SHORT,12018.25,11983.25,35.0,64.0,TP
2022-11-15,11:15,11:30,SHORT,11981.75,12016.75,-35.0,-76.0,SL
2022-11-16,12:15,12:30,LONG,11771.25,11806.25,35.0,64.0,TP
2022-11-16,13:00,13:30,LONG,11797.0,11762.0,-35.0,-76.0,SL
2022-11-17,09:45,10:15,SHORT,11588.75,11623.75,-35.0,-76.0,SL
2022-11-18,10:30,10:45,SHORT,11703.75,11668.75,35.0,64.0,TP
2022-11-18,14:15,15:00,SHORT,11648.0,11683.0,-35.0,-76.0,SL
2022-11-21,11:15,11:45,SHORT,11606.0,11571.0,35.0,64.0,TP
2022-11-21,14:00,15:00,LONG,11605.25,11598.75,-6.5,-19.0,EOD_FORCED
2022-11-22,11:15,13:00,LONG,11641.75,11676.75,35.0,64.0,TP
2022-11-23,12:15,12:45,SHORT,11803.75,11768.75,35.0,64.0,TP
2022-11-24,11:30,12:45,LONG,11920.75,11910.0,-10.75,-27.5,EOD_FORCED
2022-11-25,10:30,11:30,LONG,11806.25,11771.25,-35.0,-76.0,SL
2022-11-25,12:30,13:00,SHORT,11793.25,11784.0,9.25,12.5,EOD_FORCED
2022-11-28,09:45,10:15,SHORT,11757.75,11722.75,35.0,64.0,TP
2022-11-28,11:15,12:00,SHORT,11694.25,11729.25,-35.0,-76.0,SL
2022-11-29,12:00,13:15,SHORT,11520.0,11485.0,35.0,64.0,TP
2022-12-01,11:00,11:15,SHORT,12046.25,12011.25,35.0,64.0,TP
2022-12-01,14:00,15:00,LONG,12053.0,12088.0,35.0,64.0,TP
2022-12-02,10:30,11:00,LONG,11926.25,11891.25,-35.0,-76.0,SL
2022-12-05,10:45,11:15,SHORT,11922.5,11887.5,35.0,64.0,TP
2022-12-05,13:15,13:45,SHORT,11832.75,11797.75,35.0,64.0,TP
2022-12-06,11:30,12:15,SHORT,11631.5,11596.5,35.0,64.0,TP
2022-12-06,13:45,14:15,SHORT,11571.75,11536.75,35.0,64.0,TP
2022-12-07,14:00,15:00,LONG,11520.75,11485.75,-35.0,-76.0,SL
2022-12-08,11:15,13:30,LONG,11625.25,11660.25,35.0,64.0,TP
2022-12-09,09:45,10:00,SHORT,11614.75,11649.75,-35.0,-76.0,SL
2022-12-09,11:15,13:00,LONG,11688.75,11653.75,-35.0,-76.0,SL
2022-12-12,12:15,13:00,LONG,11584.25,11619.25,35.0,64.0,TP
2022-12-12,13:15,14:45,LONG,11588.25,11623.25,35.0,64.0,TP
2022-12-13,11:15,11:30,SHORT,11974.25,12009.25,-35.0,-76.0,SL
2022-12-13,12:45,13:15,SHORT,11780.75,11815.75,-35.0,-76.0,SL
2022-12-15,11:30,12:45,SHORT,11366.75,11331.75,35.0,64.0,TP
2022-12-15,14:00,14:30,SHORT,11316.5,11351.5,-35.0,-76.0,SL
2022-12-19,12:15,12:45,SHORT,11212.0,11247.0,-35.0,-76.0,SL
2022-12-20,13:15,15:00,LONG,11199.5,11164.5,-35.0,-76.0,SL
2022-12-21,09:45,10:00,SHORT,11226.0,11261.0,-35.0,-76.0,SL
2022-12-21,11:30,11:45,LONG,11347.75,11312.75,-35.0,-76.0,SL
2022-12-21,13:30,14:00,LONG,11340.5,11375.5,35.0,64.0,TP
2022-12-22,09:45,10:00,LONG,11123.25,11088.25,-35.0,-76.0,SL
2022-12-22,12:00,12:15,SHORT,10968.25,10933.25,35.0,64.0,TP
2022-12-23,13:15,15:00,LONG,11049.5,11084.5,35.0,64.0,TP
2022-12-27,11:45,12:45,SHORT,10965.0,10930.0,35.0,64.0,TP
2022-12-30,13:00,13:15,SHORT,10935.0,10900.0,35.0,64.0,TP
2023-01-04,09:45,10:00,LONG,10982.25,10947.25,-35.0,-76.0,SL
2023-01-05,09:45,10:00,LONG,10868.0,10903.0,35.0,64.0,TP
2023-01-05,11:45,13:15,SHORT,10853.5,10888.5,-35.0,-76.0,SL
2023-01-06,09:45,10:00,LONG,10815.0,10850.0,35.0,64.0,TP
2023-01-06,11:15,11:45,LONG,10986.5,11021.5,35.0,64.0,TP
2023-01-09,10:15,10:30,LONG,11300.5,11335.5,35.0,64.0,TP
2023-01-10,10:15,10:30,SHORT,11207.75,11172.75,35.0,64.0,TP
2023-01-11,09:45,10:15,SHORT,11336.75,11371.75,-35.0,-76.0,SL
2023-01-11,12:45,13:00,LONG,11401.5,11436.5,35.0,64.0,TP
2023-01-12,09:45,10:00,LONG,11358.0,11393.0,35.0,64.0,TP
2023-01-12,11:00,11:45,LONG,11450.5,11485.5,35.0,64.0,TP
2023-01-12,13:30,13:45,LONG,11523.5,11558.5,35.0,64.0,TP
2023-01-13,11:45,12:15,LONG,11484.75,11519.75,35.0,64.0,TP
2023-01-13,13:15,13:30,LONG,11527.75,11562.75,35.0,64.0,TP
2023-01-16,10:45,12:45,SHORT,11595.5,11560.5,35.0,64.0,TP
2023-01-19,09:45,10:00,LONG,11395.5,11360.5,-35.0,-76.0,SL
2023-01-19,12:15,13:00,SHORT,11343.75,11378.75,-35.0,-76.0,SL
2023-01-23,11:30,13:15,LONG,11931.5,11966.5,35.0,64.0,TP
2023-01-24,09:45,10:00,SHORT,11883.75,11848.75,35.0,64.0,TP
2023-01-25,12:30,13:00,LONG,11753.25,11788.25,35.0,64.0,TP
2023-01-27,13:15,13:45,LONG,12225.0,12260.0,35.0,64.0,TP
2023-01-30,11:30,11:45,SHORT,12047.25,12012.25,35.0,64.0,TP
2023-01-30,14:00,14:45,SHORT,12019.5,11984.5,35.0,64.0,TP
2023-01-31,09:45,10:00,SHORT,11995.25,12030.25,-35.0,-76.0,SL
2023-02-03,12:00,12:45,LONG,12823.0,12788.0,-35.0,-76.0,SL
2023-02-07,09:45,10:30,SHORT,12497.5,12532.5,-35.0,-76.0,SL
2023-02-07,10:45,11:00,SHORT,12515.25,12550.25,-35.0,-76.0,SL
2023-02-07,12:00,12:15,LONG,12575.75,12540.75,-35.0,-76.0,SL
2023-02-08,14:15,15:00,SHORT,12565.5,12530.5,35.0,64.0,TP
2023-02-09,09:45,10:15,LONG,12673.25,12638.25,-35.0,-76.0,SL
2023-02-09,12:15,12:30,SHORT,12581.25,12546.25,35.0,64.0,TP
2023-02-10,11:15,11:45,SHORT,12329.0,12294.0,35.0,64.0,TP
2023-02-13,13:45,14:15,LONG,12559.5,12524.5,-35.0,-76.0,SL
2023-02-15,10:30,11:00,SHORT,12564.25,12599.25,-35.0,-76.0,SL
2023-02-16,12:00,12:15,LONG,12650.25,12615.25,-35.0,-76.0,SL
2023-02-17,11:45,12:00,SHORT,12302.75,12337.75,-35.0,-76.0,SL
2023-02-17,13:15,14:00,SHORT,12284.5,12319.5,-35.0,-76.0,SL
2023-02-20,11:30,12:45,LONG,12381.5,12366.75,-14.75,-35.5,EOD_FORCED
2023-02-22,09:45,10:00,SHORT,12122.5,12087.5,35.0,64.0,TP
2023-02-22,11:00,12:15,SHORT,12086.75,12121.75,-35.0,-76.0,SL
2023-02-23,13:15,13:45,LONG,12082.75,12117.75,35.0,64.0,TP
2023-02-28,11:45,12:15,LONG,12087.75,12122.75,35.0,64.0,TP
2023-03-01,12:30,13:00,LONG,12020.5,11985.5,-35.0,-76.0,SL
2023-03-03,11:00,11:45,LONG,12193.75,12228.75,35.0,64.0,TP
2023-03-07,09:45,10:00,SHORT,12334.0,12299.0,35.0,64.0,TP
2023-03-07,11:45,12:15,SHORT,12223.5,12258.5,-35.0,-76.0,SL
2023-03-08,09:45,10:00,LONG,12178.5,12143.5,-35.0,-76.0,SL
2023-03-08,11:30,11:45,LONG,12216.5,12251.5,35.0,64.0,TP
2023-03-08,12:30,13:00,LONG,12205.5,12170.5,-35.0,-76.0,SL
2023-03-09,11:00,12:00,LONG,12308.0,12273.0,-35.0,-76.0,SL
2023-03-10,09:45,10:00,LONG,11909.0,11944.0,35.0,64.0,TP
2023-03-13,12:30,12:45,LONG,12029.0,11994.0,-35.0,-76.0,SL
2023-03-14,09:45,10:15,SHORT,12129.75,12164.75,-35.0,-76.0,SL
2023-03-14,12:00,12:15,LONG,12208.5,12173.5,-35.0,-76.0,SL
2023-03-15,12:30,12:45,SHORT,12095.75,12060.75,35.0,64.0,TP
2023-03-16,10:15,10:30,LONG,12280.5,12315.5,35.0,64.0,TP
2023-03-21,10:00,10:15,SHORT,12778.75,12743.75,35.0,64.0,TP
2023-03-21,11:15,11:30,SHORT,12757.0,12722.0,35.0,64.0,TP
2023-03-21,14:00,14:45,LONG,12799.0,12834.0,35.0,64.0,TP
2023-03-23,12:15,12:45,LONG,12986.75,12951.75,-35.0,-76.0,SL
2023-03-24,09:45,10:00,LONG,12821.25,12786.25,-35.0,-76.0,SL
2023-03-24,10:15,10:30,LONG,12824.0,12789.0,-35.0,-76.0,SL
2023-03-24,10:45,11:00,LONG,12802.25,12767.25,-35.0,-76.0,SL
2023-03-24,12:00,12:45,SHORT,12783.0,12818.0,-35.0,-76.0,SL
2023-03-27,09:45,10:15,SHORT,12932.0,12897.0,35.0,64.0,TP
2023-03-27,13:45,14:15,SHORT,12806.5,12841.5,-35.0,-76.0,SL
2023-03-28,12:45,13:45,SHORT,12683.25,12648.25,35.0,64.0,TP
2023-03-29,10:00,10:30,SHORT,12904.25,12869.25,35.0,64.0,TP
2023-03-30,11:30,12:30,LONG,13085.25,13050.25,-35.0,-76.0,SL
2023-03-30,13:15,13:30,SHORT,13049.0,13014.0,35.0,64.0,TP
2023-03-31,13:00,15:00,LONG,13228.75,13263.75,35.0,64.0,TP
2023-04-03,11:30,12:00,SHORT,13165.75,13200.75,-35.0,-76.0,SL
2023-04-03,12:15,14:45,SHORT,13189.25,13224.25,-35.0,-76.0,SL
2023-04-04,09:45,10:00,LONG,13280.5,13315.5,35.0,64.0,TP
2023-04-04,12:45,14:45,SHORT,13220.0,13185.0,35.0,64.0,TP
2023-04-05,12:45,13:45,SHORT,13021.5,13056.5,-35.0,-76.0,SL
2023-04-06,09:45,10:00,LONG,12985.5,13020.5,35.0,64.0,TP
2023-04-06,13:00,14:00,LONG,13140.25,13175.25,35.0,64.0,TP
2023-04-10,10:15,10:30,SHORT,12994.25,13029.25,-35.0,-76.0,SL
2023-04-11,10:15,10:30,LONG,13105.5,13070.5,-35.0,-76.0,SL
2023-04-11,11:15,13:30,SHORT,13074.75,13109.75,-35.0,-76.0,SL
2023-04-13,12:45,13:30,LONG,13147.5,13182.5,35.0,64.0,TP
2023-04-14,11:15,12:00,SHORT,13135.5,13100.5,35.0,64.0,TP
2023-04-14,13:15,14:00,SHORT,13082.5,13117.5,-35.0,-76.0,SL
2023-04-17,11:00,11:30,SHORT,13133.75,13098.75,35.0,64.0,TP
2023-04-18,10:45,14:45,SHORT,13177.0,13142.0,35.0,64.0,TP
2023-04-19,13:45,15:00,LONG,13207.75,13212.25,4.5,3.0,EOD_FORCED
2023-04-21,10:45,11:30,LONG,13043.25,13078.25,35.0,64.0,TP
2023-04-25,11:15,12:00,SHORT,12950.25,12915.25,35.0,64.0,TP
2023-04-25,13:00,13:15,SHORT,12894.5,12859.5,35.0,64.0,TP
2023-04-27,11:45,12:45,LONG,13136.75,13171.75,35.0,64.0,TP
2023-04-28,14:15,15:00,LONG,13278.5,13293.0,14.5,23.0,EOD_FORCED
2023-05-01,11:00,11:15,SHORT,13296.75,13261.75,35.0,64.0,TP
2023-05-02,11:45,12:30,SHORT,13123.5,13158.5,-35.0,-76.0,SL
2023-05-03,10:45,14:00,SHORT,13199.75,13234.75,-35.0,-76.0,SL
2023-05-04,09:45,10:15,LONG,13041.0,13006.0,-35.0,-76.0,SL
2023-05-04,13:45,14:15,LONG,13109.5,13074.5,-35.0,-76.0,SL
2023-05-05,11:00,13:30,LONG,13265.0,13300.0,35.0,64.0,TP
2023-05-08,10:30,11:45,LONG,13279.0,13314.0,35.0,64.0,TP
2023-05-08,12:15,13:30,LONG,13315.75,13350.75,35.0,64.0,TP
2023-05-09,12:15,15:00,SHORT,13262.5,13268.25,-5.75,-17.5,EOD_FORCED
2023-05-15,10:45,11:15,SHORT,13384.25,13419.25,-35.0,-76.0,SL
2023-05-15,12:30,13:00,LONG,13436.0,13471.0,35.0,64.0,TP
2023-05-16,09:45,10:45,SHORT,13485.75,13520.75,-35.0,-76.0,SL
2023-05-17,12:15,12:45,LONG,13552.5,13587.5,35.0,64.0,TP
2023-05-18,10:45,11:00,LONG,13784.25,13819.25,35.0,64.0,TP
2023-05-22,10:45,12:30,LONG,13910.0,13875.0,-35.0,-76.0,SL
2023-05-25,13:45,14:00,LONG,13990.75,14025.75,35.0,64.0,TP
2023-05-30,13:00,13:15,SHORT,14421.75,14386.75,35.0,64.0,TP
2023-05-31,09:45,10:00,SHORT,14375.5,14340.5,35.0,64.0,TP
2023-06-01,13:30,14:00,LONG,14463.75,14498.75,35.0,64.0,TP
2023-06-02,10:15,10:30,SHORT,14523.0,14558.0,-35.0,-76.0,SL
2023-06-02,13:45,14:15,LONG,14586.5,14551.5,-35.0,-76.0,SL
2023-06-07,11:30,12:15,SHORT,14455.25,14420.25,35.0,64.0,TP
2023-06-07,14:15,14:30,SHORT,14385.0,14350.0,35.0,64.0,TP
2023-06-12,10:45,11:30,SHORT,14616.5,14651.5,-35.0,-76.0,SL
2023-06-13,12:00,14:15,LONG,14897.5,14862.5,-35.0,-76.0,SL
2023-06-14,12:00,13:00,LONG,14995.0,14960.0,-35.0,-76.0,SL
2023-06-15,14:15,14:30,LONG,15169.5,15204.5,35.0,64.0,TP
2023-06-20,09:45,10:15,SHORT,15224.5,15189.5,35.0,64.0,TP
2023-06-20,10:45,11:00,SHORT,15150.0,15185.0,-35.0,-76.0,SL
2023-06-20,11:30,12:15,SHORT,15174.0,15209.0,-35.0,-76.0,SL
2023-06-20,13:00,15:00,LONG,15261.5,15246.25,-15.25,-36.5,EOD_FORCED
2023-06-22,12:15,13:00,LONG,15125.25,15090.25,-35.0,-76.0,SL
2023-06-26,13:00,14:30,SHORT,14898.75,14933.75,-35.0,-76.0,SL
2023-06-28,13:30,14:15,SHORT,15108.5,15143.5,-35.0,-76.0,SL
2023-06-29,09:45,10:00,LONG,15098.25,15063.25,-35.0,-76.0,SL
2023-06-29,12:15,12:45,LONG,15119.0,15084.0,-35.0,-76.0,SL
2023-07-03,09:45,10:30,SHORT,15371.75,15336.75,35.0,64.0,TP
2023-07-03,11:15,12:45,SHORT,15321.5,15356.5,-35.0,-76.0,SL
2023-07-05,09:45,10:15,SHORT,15374.0,15409.0,-35.0,-76.0,SL
2023-07-05,10:45,11:15,LONG,15414.5,15379.5,-35.0,-76.0,SL
2023-07-06,10:30,10:45,SHORT,15163.0,15128.0,35.0,64.0,TP
2023-07-06,13:30,15:00,LONG,15229.0,15229.75,0.75,-4.5,EOD_FORCED
2023-07-10,11:30,12:00,SHORT,15136.5,15101.5,35.0,64.0,TP
2023-07-10,14:00,15:00,LONG,15162.0,15169.0,7.0,8.0,EOD_FORCED
2023-07-11,13:45,14:15,LONG,15203.75,15168.75,-35.0,-76.0,SL
2023-07-13,11:00,11:30,SHORT,15589.25,15624.25,-35.0,-76.0,SL
2023-07-14,13:30,14:30,SHORT,15748.5,15713.5,35.0,64.0,TP
2023-07-17,10:45,11:30,LONG,15755.75,15790.75,35.0,64.0,TP
2023-07-18,09:45,11:30,LONG,15779.0,15814.0,35.0,64.0,TP
2023-07-19,13:45,14:15,SHORT,15948.25,15913.25,35.0,64.0,TP
2023-07-20,09:45,10:00,SHORT,15861.25,15826.25,35.0,64.0,TP
2023-07-20,13:30,14:15,SHORT,15695.25,15660.25,35.0,64.0,TP
2023-07-24,11:15,11:30,SHORT,15554.75,15519.75,35.0,64.0,TP
2023-07-24,13:15,13:45,SHORT,15555.25,15590.25,-35.0,-76.0,SL
2023-07-25,12:00,13:15,LONG,15669.75,15704.75,35.0,64.0,TP
2023-07-27,09:45,10:00,SHORT,15871.0,15836.0,35.0,64.0,TP
2023-07-27,11:30,12:15,SHORT,15811.75,15846.75,-35.0,-76.0,SL
2023-07-31,12:30,13:00,SHORT,15844.75,15809.75,35.0,64.0,TP
2023-08-01,12:30,14:15,LONG,15811.5,15846.5,35.0,64.0,TP
2023-08-03,12:00,12:30,LONG,15457.75,15492.75,35.0,64.0,TP
2023-08-07,10:00,10:15,LONG,15404.0,15439.0,35.0,64.0,TP
2023-08-08,12:45,14:00,LONG,15273.5,15308.5,35.0,64.0,TP
2023-08-10,14:15,14:45,SHORT,15208.5,15243.5,-35.0,-76.0,SL
2023-08-11,09:45,10:00,LONG,15075.75,15110.75,35.0,64.0,TP
2023-08-11,13:00,13:15,SHORT,15061.0,15096.0,-35.0,-76.0,SL
2023-08-11,13:30,14:15,SHORT,15076.25,15111.25,-35.0,-76.0,SL
2023-08-14,11:15,12:15,LONG,15221.25,15186.25,-35.0,-76.0,SL
2023-08-15,10:45,11:00,SHORT,15136.0,15171.0,-35.0,-76.0,SL
2023-08-15,12:15,12:45,LONG,15183.5,15148.5,-35.0,-76.0,SL
2023-08-16,10:30,10:45,LONG,15132.0,15097.0,-35.0,-76.0,SL
2023-08-18,09:45,10:30,SHORT,14641.0,14676.0,-35.0,-76.0,SL
2023-08-18,11:30,11:45,LONG,14682.25,14717.25,35.0,64.0,TP
2023-08-21,10:45,11:15,SHORT,14830.5,14795.5,35.0,64.0,TP
2023-08-22,10:15,10:30,SHORT,15011.5,14976.5,35.0,64.0,TP
2023-08-22,11:00,11:45,SHORT,15016.0,14981.0,35.0,64.0,TP
2023-08-22,12:45,13:15,SHORT,14973.5,14938.5,35.0,64.0,TP
2023-08-22,13:30,14:30,SHORT,14950.25,14985.25,-35.0,-76.0,SL
2023-08-23,13:00,13:30,LONG,15196.0,15231.0,35.0,64.0,TP
2023-08-24,09:45,10:00,LONG,15223.75,15188.75,-35.0,-76.0,SL
2023-08-24,12:15,12:30,SHORT,14993.5,15028.5,-35.0,-76.0,SL
2023-08-24,12:45,13:15,SHORT,14999.0,14964.0,35.0,64.0,TP
2023-08-25,12:45,13:15,LONG,14882.25,14847.25,-35.0,-76.0,SL
2023-08-29,12:45,15:00,LONG,15379.0,15414.0,35.0,64.0,TP
2023-09-01,09:45,10:00,LONG,15559.25,15524.25,-35.0,-76.0,SL
2023-09-01,12:30,12:45,SHORT,15484.75,15519.75,-35.0,-76.0,SL
2023-09-01,13:45,14:15,LONG,15503.25,15468.25,-35.0,-76.0,SL
2023-09-04,11:45,12:45,SHORT,15521.75,15523.25,-1.5,-9.0,EOD_FORCED
2023-09-05,09:45,10:15,LONG,15462.75,15497.75,35.0,64.0,TP
2023-09-06,13:15,14:30,SHORT,15347.25,15382.25,-35.0,-76.0,SL
2023-09-07,10:15,10:30,SHORT,15210.75,15245.75,-35.0,-76.0,SL
2023-09-07,13:00,13:30,LONG,15241.75,15276.75,35.0,64.0,TP
2023-09-08,09:45,10:00,SHORT,15333.0,15368.0,-35.0,-76.0,SL
2023-09-08,12:00,12:45,LONG,15346.25,15311.25,-35.0,-76.0,SL
2023-09-11,10:15,10:30,LONG,15380.0,15345.0,-35.0,-76.0,SL
2023-09-12,11:45,13:15,SHORT,15357.75,15392.75,-35.0,-76.0,SL
2023-09-14,12:30,15:00,LONG,15479.5,15514.5,35.0,64.0,TP
2023-09-18,10:45,11:30,LONG,15399.5,15434.5,35.0,64.0,TP
2023-09-19,11:30,13:00,SHORT,15280.0,15315.0,-35.0,-76.0,SL
2023-09-21,11:45,13:00,SHORT,14945.25,14980.25,-35.0,-76.0,SL
2023-09-22,10:15,10:30,LONG,14952.25,14987.25,35.0,64.0,TP
2023-09-22,11:15,12:00,LONG,15010.5,14975.5,-35.0,-76.0,SL
2023-09-25,12:00,12:45,LONG,14904.0,14869.0,-35.0,-76.0,SL
2023-09-26,11:45,12:30,SHORT,14738.25,14773.25,-35.0,-76.0,SL
2023-09-27,09:45,10:00,SHORT,14764.5,14729.5,35.0,64.0,TP
2023-09-27,10:30,10:45,SHORT,14732.5,14697.5,35.0,64.0,TP
2023-09-28,10:30,11:00,LONG,14755.25,14790.25,35.0,64.0,TP
2023-09-28,13:00,13:30,LONG,14893.5,14858.5,-35.0,-76.0,SL
2023-09-29,10:45,11:15,SHORT,14991.75,14956.75,35.0,64.0,TP
2023-09-29,12:00,12:15,SHORT,14919.0,14954.0,-35.0,-76.0,SL
2023-09-29,13:30,13:45,SHORT,14865.25,14830.25,35.0,64.0,TP
2023-09-29,14:15,14:30,SHORT,14821.5,14856.5,-35.0,-76.0,SL
2023-10-02,13:45,14:00,SHORT,14908.75,14943.75,-35.0,-76.0,SL
2023-10-03,12:30,13:15,SHORT,14752.75,14717.75,35.0,64.0,TP
2023-10-04,11:00,11:15,LONG,14811.75,14846.75,35.0,64.0,TP
2023-10-05,11:30,11:45,SHORT,14749.75,14784.75,-35.0,-76.0,SL
2023-10-05,12:45,13:30,LONG,14804.0,14839.0,35.0,64.0,TP
2023-10-06,12:30,13:15,LONG,15049.0,15084.0,35.0,64.0,TP
2023-10-06,13:45,14:30,LONG,15095.75,15130.75,35.0,64.0,TP
2023-10-09,12:45,13:15,LONG,15063.25,15098.25,35.0,64.0,TP
2023-10-10,13:45,15:00,SHORT,15291.0,15281.75,9.25,12.5,EOD_FORCED
2023-10-12,09:45,10:00,LONG,15385.75,15420.75,35.0,64.0,TP
2023-10-12,10:45,11:15,LONG,15429.0,15464.0,35.0,64.0,TP
2023-10-12,11:30,12:15,LONG,15430.5,15465.5,35.0,64.0,TP
2023-10-13,13:45,15:00,SHORT,15117.5,15152.5,-35.0,-76.0,SL
2023-10-16,12:45,13:00,LONG,15282.0,15317.0,35.0,64.0,TP
2023-10-17,11:00,11:30,LONG,15218.0,15253.0,35.0,64.0,TP
2023-10-18,14:00,14:30,SHORT,15103.75,15068.75,35.0,64.0,TP
2023-10-23,11:45,12:30,LONG,14758.75,14793.75,35.0,64.0,TP
2023-10-23,14:00,14:30,LONG,14799.0,14764.0,-35.0,-76.0,SL
2023-10-24,10:00,10:15,SHORT,14814.0,14849.0,-35.0,-76.0,SL
2023-10-24,12:00,12:15,SHORT,14798.5,14763.5,35.0,64.0,TP
2023-10-25,09:45,10:00,LONG,14650.75,14615.75,-35.0,-76.0,SL
2023-10-25,10:45,11:00,SHORT,14622.0,14657.0,-35.0,-76.0,SL
2023-10-25,14:15,15:00,SHORT,14485.0,14453.75,31.25,56.5,EOD_FORCED
2023-10-27,10:45,11:00,LONG,14336.5,14371.5,35.0,64.0,TP
2023-10-27,11:45,12:15,LONG,14373.25,14338.25,-35.0,-76.0,SL
2023-10-31,09:45,10:00,LONG,14341.0,14376.0,35.0,64.0,TP
2023-10-31,12:00,12:30,SHORT,14376.25,14411.25,-35.0,-76.0,SL
2023-11-01,09:45,10:15,SHORT,14548.5,14583.5,-35.0,-76.0,SL
2023-11-01,13:30,14:30,LONG,14606.0,14571.0,-35.0,-76.0,SL
2023-11-02,12:00,13:00,LONG,14941.25,14976.25,35.0,64.0,TP
2023-11-08,12:45,13:30,SHORT,15328.75,15363.75,-35.0,-76.0,SL
2023-11-09,11:30,11:45,LONG,15415.0,15450.0,35.0,64.0,TP
2023-11-09,13:30,14:00,SHORT,15357.75,15322.75,35.0,64.0,TP
2023-11-10,09:45,10:00,SHORT,15375.5,15340.5,35.0,64.0,TP
2023-11-10,11:30,12:00,LONG,15441.75,15476.75,35.0,64.0,TP
2023-11-13,09:45,10:15,LONG,15490.25,15525.25,35.0,64.0,TP
2023-11-13,14:00,15:00,LONG,15572.25,15574.0,1.75,-2.5,EOD_FORCED
2023-11-14,11:30,11:45,LONG,15876.25,15841.25,-35.0,-76.0,SL
2023-11-14,13:15,14:00,LONG,15879.5,15844.5,-35.0,-76.0,SL
2023-11-15,12:30,13:00,SHORT,15898.75,15863.75,35.0,64.0,TP
2023-11-16,13:15,13:45,LONG,15866.5,15831.5,-35.0,-76.0,SL
2023-11-16,14:15,14:45,SHORT,15855.0,15890.0,-35.0,-76.0,SL
2023-11-17,10:45,11:00,LONG,15862.5,15827.5,-35.0,-76.0,SL
2023-11-22,12:00,14:30,SHORT,16076.0,16041.0,35.0,64.0,TP
2023-11-23,11:15,12:45,LONG,16068.0,16062.25,-5.75,-17.5,EOD_FORCED
2023-11-24,13:00,13:00,SHORT,16010.75,16010.75,0.0,-6.0,EOD_FORCED
2023-11-28,13:45,15:00,SHORT,16002.25,16008.5,-6.25,-18.5,EOD_FORCED
2023-11-29,13:15,14:30,LONG,16086.5,16051.5,-35.0,-76.0,SL
2023-11-30,11:00,11:45,SHORT,15912.5,15877.5,35.0,64.0,TP
2023-12-04,09:45,10:15,LONG,15839.0,15804.0,-35.0,-76.0,SL
2023-12-05,13:00,15:00,SHORT,15871.0,15900.25,-29.25,-64.5,EOD_FORCED
2023-12-06,12:00,12:45,SHORT,15909.5,15874.5,35.0,64.0,TP
2023-12-06,13:15,15:00,SHORT,15878.5,15843.5,35.0,64.0,TP
2023-12-07,13:30,14:15,LONG,16028.5,16063.5,35.0,64.0,TP
2023-12-08,09:45,10:00,SHORT,15998.25,16033.25,-35.0,-76.0,SL
2023-12-11,10:30,10:45,LONG,16158.25,16193.25,35.0,64.0,TP
2023-12-11,11:15,12:15,LONG,16152.25,16187.25,35.0,64.0,TP
2023-12-13,12:15,14:00,SHORT,16392.75,16427.75,-35.0,-76.0,SL
2023-12-14,09:45,10:00,SHORT,16636.5,16601.5,35.0,64.0,TP
2023-12-18,12:45,14:15,LONG,16932.0,16967.0,35.0,64.0,TP
2023-12-20,11:15,14:30,LONG,17041.5,17006.5,-35.0,-76.0,SL
2023-12-22,09:45,11:00,SHORT,17024.5,16989.5,35.0,64.0,TP
2023-12-26,12:15,15:00,SHORT,17044.5,17079.5,-35.0,-76.0,SL
2023-12-27,12:00,13:00,LONG,17088.75,17123.75,35.0,64.0,TP
2023-12-28,09:45,15:00,LONG,17124.5,17098.0,-26.5,-59.0,EOD_FORCED
2023-12-29,09:45,10:30,SHORT,17096.0,17061.0,35.0,64.0,TP
2024-01-05,12:45,13:15,SHORT,16469.25,16434.25,35.0,64.0,TP
2024-01-12,09:45,10:00,SHORT,16986.5,16951.5,35.0,64.0,TP
2024-01-15,11:15,12:45,LONG,16973.0,16967.5,-5.5,-17.0,EOD_FORCED
2024-01-16,09:45,10:15,LONG,16914.0,16949.0,35.0,64.0,TP
2024-01-17,12:00,12:15,LONG,16817.0,16782.0,-35.0,-76.0,SL
2024-01-17,13:00,13:30,SHORT,16786.75,16751.75,35.0,64.0,TP
2024-01-18,11:00,11:30,LONG,17061.0,17096.0,35.0,64.0,TP
2024-01-22,11:30,13:15,SHORT,17485.5,17450.5,35.0,64.0,TP
2024-01-22,14:00,15:00,SHORT,17469.5,17472.75,-3.25,-12.5,EOD_FORCED
2024-01-24,11:15,11:45,LONG,17708.25,17743.25,35.0,64.0,TP
2024-01-24,13:15,13:30,LONG,17758.5,17723.5,-35.0,-76.0,SL
2024-01-29,10:15,12:00,SHORT,17550.75,17585.75,-35.0,-76.0,SL
2024-01-29,12:45,14:30,LONG,17597.5,17632.5,35.0,64.0,TP
2024-01-30,10:30,12:15,SHORT,17640.5,17605.5,35.0,64.0,TP
2024-01-30,13:30,14:00,SHORT,17583.5,17548.5,35.0,64.0,TP
2024-01-31,09:45,10:00,LONG,17369.5,17334.5,-35.0,-76.0,SL
2024-01-31,13:30,14:00,LONG,17382.5,17347.5,-35.0,-76.0,SL
2024-02-01,12:30,12:45,LONG,17345.75,17380.75,35.0,64.0,TP
2024-02-02,11:00,11:30,LONG,17651.25,17686.25,35.0,64.0,TP
2024-02-02,12:45,14:00,LONG,17710.0,17745.0,35.0,64.0,TP
2024-02-05,09:45,10:00,LONG,17705.5,17670.5,-35.0,-76.0,SL
2024-02-05,11:15,11:45,SHORT,17612.0,17647.0,-35.0,-76.0,SL
2024-02-06,11:00,11:30,SHORT,17627.5,17662.5,-35.0,-76.0,SL
2024-02-07,09:45,10:00,LONG,17745.75,17780.75,35.0,64.0,TP
2024-02-07,11:00,11:15,LONG,17847.5,17812.5,-35.0,-76.0,SL
2024-02-08,11:30,14:30,LONG,17867.5,17832.5,-35.0,-76.0,SL
2024-02-09,11:30,13:00,LONG,17994.0,18029.0,35.0,64.0,TP
2024-02-09,13:45,15:00,LONG,18038.5,18045.75,7.25,8.5,EOD_FORCED
2024-02-12,10:00,10:30,SHORT,18025.75,18060.75,-35.0,-76.0,SL
2024-02-13,13:15,13:45,SHORT,17683.0,17648.0,35.0,64.0,TP
2024-02-14,11:30,12:00,SHORT,17728.75,17693.75,35.0,64.0,TP
2024-02-15,10:00,10:15,LONG,17856.5,17821.5,-35.0,-76.0,SL
2024-02-15,13:45,15:00,LONG,17911.25,17908.25,-3.0,-12.0,EOD_FORCED
2024-02-16,12:15,13:00,LONG,17879.5,17844.5,-35.0,-76.0,SL
2024-02-19,11:30,12:45,SHORT,17778.5,17788.5,-10.0,-26.0,EOD_FORCED
2024-02-20,11:15,11:30,LONG,17572.75,17537.75,-35.0,-76.0,SL
2024-02-20,13:30,14:30,LONG,17512.75,17547.75,35.0,64.0,TP
2024-02-21,09:45,10:00,LONG,17473.25,17508.25,35.0,64.0,TP
2024-02-26,14:00,15:00,SHORT,18008.75,18026.25,-17.5,-41.0,EOD_FORCED
2024-02-27,13:15,14:00,SHORT,17941.25,17976.25,-35.0,-76.0,SL
2024-02-29,10:30,11:00,SHORT,18008.0,17973.0,35.0,64.0,TP
2024-02-29,11:15,11:30,SHORT,17979.25,17944.25,35.0,64.0,TP
2024-03-04,13:00,14:30,SHORT,18295.5,18330.5,-35.0,-76.0,SL
2024-03-05,11:00,12:15,SHORT,17932.5,17967.5,-35.0,-76.0,SL
2024-03-05,12:30,13:15,SHORT,17958.0,17923.0,35.0,64.0,TP
2024-03-05,14:15,14:30,SHORT,17894.0,17859.0,35.0,64.0,TP
2024-03-07,09:45,10:15,LONG,18192.75,18227.75,35.0,64.0,TP
2024-03-08,12:30,12:45,SHORT,18169.0,18134.0,35.0,64.0,TP
2024-03-11,13:45,14:45,LONG,17975.0,18010.0,35.0,64.0,TP
2024-03-12,09:45,10:00,LONG,18047.75,18082.75,35.0,64.0,TP
2024-03-12,11:45,12:15,LONG,18172.75,18137.75,-35.0,-76.0,SL
2024-03-12,13:00,13:15,SHORT,18108.0,18143.0,-35.0,-76.0,SL
2024-03-13,12:00,13:00,SHORT,18085.0,18120.0,-35.0,-76.0,SL
2024-03-14,10:30,11:00,SHORT,18042.75,18077.75,-35.0,-76.0,SL
2024-03-14,12:30,13:00,SHORT,18025.0,17990.0,35.0,64.0,TP
2024-03-18,09:45,10:00,SHORT,18288.75,18323.75,-35.0,-76.0,SL
2024-03-19,11:00,11:30,LONG,18126.75,18161.75,35.0,64.0,TP
2024-03-19,13:15,14:30,LONG,18251.25,18286.25,35.0,64.0,TP
2024-03-20,09:45,10:15,LONG,18259.0,18294.0,35.0,64.0,TP
2024-03-20,11:45,14:00,LONG,18278.75,18313.75,35.0,64.0,TP
2024-03-21,12:00,13:15,LONG,18692.25,18657.25,-35.0,-76.0,SL
2024-03-22,09:45,12:00,LONG,18530.75,18565.75,35.0,64.0,TP
2024-03-22,12:15,13:00,LONG,18554.75,18589.75,35.0,64.0,TP
2024-03-22,14:15,15:00,LONG,18609.5,18574.5,-35.0,-76.0,SL
2024-03-26,11:15,13:00,SHORT,18568.5,18533.5,35.0,64.0,TP
2024-03-28,12:30,15:00,SHORT,18478.75,18490.5,-11.75,-29.5,EOD_FORCED
2024-04-01,09:45,10:00,SHORT,18585.5,18550.5,35.0,64.0,TP
2024-04-01,11:30,11:45,SHORT,18463.25,18428.25,35.0,64.0,TP
2024-04-01,14:00,15:00,SHORT,18454.0,18475.75,-21.75,-49.5,EOD_FORCED
2024-04-02,10:15,11:30,LONG,18238.5,18273.5,35.0,64.0,TP
2024-04-02,13:15,15:00,LONG,18280.75,18285.5,4.75,3.5,EOD_FORCED
2024-04-03,13:00,15:00,LONG,18415.5,18380.5,-35.0,-76.0,SL
2024-04-05,11:15,11:30,LONG,18282.75,18317.75,35.0,64.0,TP
2024-04-05,12:30,12:45,LONG,18360.5,18395.5,35.0,64.0,TP
2024-04-05,14:15,14:30,SHORT,18280.0,18315.0,-35.0,-76.0,SL
2024-04-08,13:00,15:00,SHORT,18301.75,18306.0,-4.25,-14.5,EOD_FORCED
2024-04-09,13:00,14:00,LONG,18281.25,18246.25,-35.0,-76.0,SL
2024-04-09,14:15,15:00,SHORT,18260.5,18225.5,35.0,64.0,TP
2024-04-10,12:00,12:30,SHORT,18129.25,18164.25,-35.0,-76.0,SL
2024-04-10,14:15,14:30,SHORT,18142.5,18177.5,-35.0,-76.0,SL
2024-04-11,12:30,13:00,LONG,18307.75,18342.75,35.0,64.0,TP
2024-04-12,14:15,14:45,SHORT,18168.5,18133.5,35.0,64.0,TP
2024-04-15,11:30,11:45,SHORT,18186.75,18221.75,-35.0,-76.0,SL
2024-04-15,13:00,13:15,SHORT,18099.25,18064.25,35.0,64.0,TP
2024-04-16,12:00,13:30,LONG,17909.0,17874.0,-35.0,-76.0,SL
2024-04-18,12:15,12:30,LONG,17685.25,17650.25,-35.0,-76.0,SL
2024-04-19,10:45,11:00,SHORT,17389.5,17354.5,35.0,64.0,TP
2024-04-22,09:45,10:15,SHORT,17283.25,17248.25,35.0,64.0,TP
2024-04-24,13:00,13:15,SHORT,17618.75,17653.75,-35.0,-76.0,SL
2024-04-25,09:45,10:00,SHORT,17357.25,17392.25,-35.0,-76.0,SL
2024-04-25,13:15,13:30,LONG,17494.75,17529.75,35.0,64.0,TP
2024-04-29,09:45,10:15,LONG,17867.0,17902.0,35.0,64.0,TP
2024-04-29,11:30,13:15,LONG,17883.25,17918.25,35.0,64.0,TP
2024-04-30,09:45,10:15,SHORT,17871.0,17836.0,35.0,64.0,TP
2024-04-30,10:45,11:00,SHORT,17838.5,17803.5,35.0,64.0,TP
2024-04-30,14:00,14:45,SHORT,17717.75,17682.75,35.0,64.0,TP
2024-05-02,10:30,10:45,SHORT,17468.0,17503.0,-35.0,-76.0,SL
2024-05-02,11:30,11:45,LONG,17524.25,17559.25,35.0,64.0,TP
2024-05-02,12:15,12:30,LONG,17539.25,17504.25,-35.0,-76.0,SL
2024-05-03,10:45,11:30,SHORT,17925.75,17960.75,-35.0,-76.0,SL
2024-05-03,12:15,14:15,LONG,17987.25,18022.25,35.0,64.0,TP
2024-05-06,13:15,14:15,LONG,18111.75,18146.75,35.0,64.0,TP
2024-05-07,10:00,10:45,LONG,18215.25,18250.25,35.0,64.0,TP
2024-05-07,11:30,13:45,LONG,18252.5,18217.5,-35.0,-76.0,SL
2024-05-09,09:45,10:30,LONG,18157.0,18192.0,35.0,64.0,TP
2024-05-09,12:00,14:45,LONG,18199.25,18234.25,35.0,64.0,TP
2024-05-13,09:45,13:00,LONG,18286.0,18251.0,-35.0,-76.0,SL
2024-05-14,09:45,10:15,SHORT,18290.0,18325.0,-35.0,-76.0,SL
2024-05-14,13:00,13:30,SHORT,18303.5,18338.5,-35.0,-76.0,SL
2024-05-15,12:00,12:45,LONG,18596.25,18631.25,35.0,64.0,TP
2024-05-16,11:15,12:30,LONG,18745.0,18710.0,-35.0,-76.0,SL
2024-05-17,12:00,14:00,SHORT,18642.0,18607.0,35.0,64.0,TP
2024-05-20,13:45,14:00,SHORT,18745.5,18710.5,35.0,64.0,TP
2024-05-23,10:15,10:45,SHORT,18893.75,18858.75,35.0,64.0,TP
2024-05-23,12:30,12:45,SHORT,18897.0,18862.0,35.0,64.0,TP
2024-05-24,11:30,14:45,LONG,18906.5,18871.5,-35.0,-76.0,SL
2024-05-28,13:00,13:45,LONG,18926.5,18891.5,-35.0,-76.0,SL
2024-05-29,11:15,14:45,LONG,18849.75,18814.75,-35.0,-76.0,SL
2024-05-30,12:30,13:00,LONG,18689.75,18724.75,35.0,64.0,TP
2024-06-04,13:30,14:00,SHORT,18618.0,18653.0,-35.0,-76.0,SL
2024-06-05,12:00,12:45,LONG,18966.25,19001.25,35.0,64.0,TP
2024-06-05,14:15,15:00,LONG,19026.0,19046.25,20.25,34.5,EOD_FORCED
2024-06-11,11:15,11:30,LONG,19115.75,19080.75,-35.0,-76.0,SL
2024-06-12,10:45,14:00,LONG,19504.75,19469.75,-35.0,-76.0,SL
2024-06-13,12:45,13:15,SHORT,19544.0,19579.0,-35.0,-76.0,SL
2024-06-14,11:45,13:00,LONG,19617.75,19652.75,35.0,64.0,TP
2024-06-17,09:45,11:00,LONG,19690.75,19725.75,35.0,64.0,TP
2024-06-17,14:15,15:00,LONG,19970.25,19971.75,1.5,-3.0,EOD_FORCED
2024-06-18,10:15,11:00,SHORT,19905.25,19870.25,35.0,64.0,TP
2024-06-18,12:15,13:15,LONG,19901.0,19936.0,35.0,64.0,TP
2024-06-19,10:45,12:45,SHORT,19959.25,19951.0,8.25,10.5,EOD_FORCED
2024-06-20,09:45,10:00,SHORT,19961.25,19926.25,35.0,64.0,TP
2024-06-24,09:45,10:00,LONG,19946.25,19981.25,35.0,64.0,TP
2024-06-24,10:45,12:45,LONG,19906.75,19871.75,-35.0,-76.0,SL
2024-06-28,13:15,14:15,SHORT,20050.5,20015.5,35.0,64.0,TP
2024-07-01,13:15,14:15,LONG,20006.5,20041.5,35.0,64.0,TP
2024-07-02,09:45,10:00,SHORT,20063.75,20028.75,35.0,64.0,TP
2024-07-03,12:45,13:00,LONG,20414.25,20419.0,4.75,3.5,EOD_FORCED
2024-07-04,10:30,12:45,SHORT,20372.5,20381.5,-9.0,-24.0,EOD_FORCED
2024-07-05,12:45,13:30,LONG,20589.25,20624.25,35.0,64.0,TP
2024-07-05,14:00,15:00,LONG,20624.75,20625.5,0.75,-4.5,EOD_FORCED
2024-07-09,10:45,11:15,SHORT,20708.5,20673.5,35.0,64.0,TP
2024-07-09,12:00,12:30,SHORT,20696.5,20661.5,35.0,64.0,TP
2024-07-09,14:00,15:00,SHORT,20654.5,20676.75,-22.25,-50.5,EOD_FORCED
2024-07-12,14:00,14:15,LONG,20715.5,20680.5,-35.0,-76.0,SL
2024-07-15,09:45,10:00,LONG,20627.75,20662.75,35.0,64.0,TP
2024-07-15,11:45,12:00,LONG,20701.75,20666.75,-35.0,-76.0,SL
2024-07-15,12:30,13:00,SHORT,20655.0,20620.0,35.0,64.0,TP
2024-07-17,13:30,15:00,SHORT,20042.0,20007.0,35.0,64.0,TP
2024-07-18,09:45,10:00,LONG,20068.0,20103.0,35.0,64.0,TP
2024-07-18,13:30,13:45,LONG,19905.75,19870.75,-35.0,-76.0,SL
2024-07-19,11:00,11:15,SHORT,19789.0,19824.0,-35.0,-76.0,SL
2024-07-24,13:15,14:00,SHORT,19347.25,19312.25,35.0,64.0,TP
2024-07-26,10:45,11:15,LONG,19128.25,19093.25,-35.0,-76.0,SL
2024-08-01,14:00,14:15,SHORT,18953.75,18918.75,35.0,64.0,TP
2024-08-02,10:30,10:45,SHORT,18453.75,18488.75,-35.0,-76.0,SL
2024-08-02,13:00,13:15,LONG,18549.5,18514.5,-35.0,-76.0,SL
2024-08-02,14:00,14:15,SHORT,18474.25,18509.25,-35.0,-76.0,SL
2024-08-05,11:45,12:00,LONG,18106.75,18071.75,-35.0,-76.0,SL
2024-08-06,09:45,10:00,LONG,18141.5,18106.5,-35.0,-76.0,SL
2024-08-06,13:15,13:45,LONG,18422.75,18387.75,-35.0,-76.0,SL
2024-08-08,09:45,10:00,LONG,18208.5,18243.5,35.0,64.0,TP
2024-08-08,11:15,11:30,LONG,18382.25,18417.25,35.0,64.0,TP
2024-08-09,11:30,11:45,LONG,18513.5,18478.5,-35.0,-76.0,SL
2024-08-12,14:15,15:00,SHORT,18620.75,18619.75,1.0,-4.0,EOD_FORCED
2024-08-13,10:15,10:30,LONG,18904.75,18869.75,-35.0,-76.0,SL
2024-08-13,13:30,13:45,LONG,19073.75,19038.75,-35.0,-76.0,SL
2024-08-15,12:00,13:45,LONG,19538.25,19573.25,35.0,64.0,TP
2024-08-15,14:15,15:00,LONG,19581.75,19579.25,-2.5,-11.0,EOD_FORCED
2024-08-16,13:15,13:45,LONG,19638.25,19603.25,-35.0,-76.0,SL
2024-08-19,10:30,10:45,SHORT,19602.25,19637.25,-35.0,-76.0,SL
2024-08-19,11:15,11:45,LONG,19658.0,19623.0,-35.0,-76.0,SL
2024-08-20,11:15,11:30,SHORT,19789.75,19824.75,-35.0,-76.0,SL
2024-08-21,10:15,10:30,LONG,19874.75,19839.75,-35.0,-76.0,SL
2024-08-21,11:00,11:30,LONG,19886.25,19851.25,-35.0,-76.0,SL
2024-08-28,12:00,12:15,SHORT,19420.0,19385.0,35.0,64.0,TP
2024-08-29,11:00,11:15,LONG,19668.0,19633.0,-35.0,-76.0,SL
2024-09-02,09:45,10:30,SHORT,19619.5,19654.5,-35.0,-76.0,SL
2024-09-02,11:30,12:45,LONG,19649.25,19646.75,-2.5,-11.0,EOD_FORCED
2024-09-03,11:15,11:30,SHORT,19196.25,19161.25,35.0,64.0,TP
2024-09-03,12:15,12:45,SHORT,19166.25,19131.25,35.0,64.0,TP
2024-09-04,12:45,13:00,LONG,19065.25,19030.25,-35.0,-76.0,SL
2024-09-05,11:45,12:00,SHORT,18860.5,18895.5,-35.0,-76.0,SL
2024-09-06,13:15,13:30,SHORT,18492.5,18457.5,35.0,64.0,TP
2024-09-10,10:15,10:30,LONG,18781.0,18746.0,-35.0,-76.0,SL
2024-09-10,13:30,14:00,LONG,18772.5,18807.5,35.0,64.0,TP
2024-09-11,12:45,13:00,LONG,18912.5,18947.5,35.0,64.0,TP
2024-09-13,10:15,10:30,SHORT,19461.75,19496.75,-35.0,-76.0,SL
2024-09-16,12:00,12:15,SHORT,19350.25,19315.25,35.0,64.0,TP
2024-09-16,12:30,12:45,SHORT,19344.5,19379.5,-35.0,-76.0,SL
2024-09-17,11:15,12:15,SHORT,19530.25,19495.25,35.0,64.0,TP
2024-09-17,14:00,14:45,SHORT,19417.5,19382.5,35.0,64.0,TP
2024-09-18,09:45,10:00,LONG,19472.25,19437.25,-35.0,-76.0,SL
2024-09-18,10:45,11:15,SHORT,19455.5,19420.5,35.0,64.0,TP
2024-09-18,13:15,14:00,LONG,19468.75,19433.75,-35.0,-76.0,SL
2024-09-19,11:00,11:15,LONG,19862.75,19897.75,35.0,64.0,TP
2024-09-24,13:00,14:00,LONG,20180.5,20145.5,-35.0,-76.0,SL
2024-09-25,10:30,11:30,LONG,20231.25,20196.25,-35.0,-76.0,SL
2024-09-25,14:00,14:15,SHORT,20163.25,20198.25,-35.0,-76.0,SL
2024-09-26,12:45,13:15,SHORT,20252.25,20217.25,35.0,64.0,TP
2024-09-27,10:45,11:00,SHORT,20307.75,20272.75,35.0,64.0,TP
2024-09-27,14:00,14:15,SHORT,20250.75,20215.75,35.0,64.0,TP
2024-09-30,09:45,10:00,SHORT,20203.75,20168.75,35.0,64.0,TP
2024-09-30,10:30,11:00,SHORT,20173.5,20208.5,-35.0,-76.0,SL
2024-10-01,12:45,13:00,LONG,19934.75,19899.75,-35.0,-76.0,SL
2024-10-02,09:45,10:00,LONG,19915.75,19950.75,35.0,64.0,TP
2024-10-03,14:00,15:00,SHORT,19954.75,19919.75,35.0,64.0,TP
2024-10-04,11:00,11:15,SHORT,20096.5,20061.5,35.0,64.0,TP
2024-10-04,12:00,12:30,SHORT,20096.5,20131.5,-35.0,-76.0,SL
2024-10-04,13:00,13:30,LONG,20157.0,20122.0,-35.0,-76.0,SL
2024-10-07,10:45,11:00,LONG,20164.75,20129.75,-35.0,-76.0,SL
2024-10-07,11:30,12:00,SHORT,20149.25,20114.25,35.0,64.0,TP
2024-10-08,11:15,13:00,LONG,20233.5,20198.5,-35.0,-76.0,SL
2024-10-09,12:15,13:45,LONG,20413.25,20378.25,-35.0,-76.0,SL
2024-10-10,10:45,11:00,SHORT,20382.25,20417.25,-35.0,-76.0,SL
2024-10-11,12:45,14:15,LONG,20440.5,20475.5,35.0,64.0,TP
2024-10-14,10:15,10:45,LONG,20642.0,20607.0,-35.0,-76.0,SL
2024-10-14,11:15,11:45,SHORT,20546.5,20581.5,-35.0,-76.0,SL
2024-10-15,11:15,11:30,SHORT,20396.75,20431.75,-35.0,-76.0,SL
2024-10-15,12:15,13:00,SHORT,20385.25,20350.25,35.0,64.0,TP
2024-10-15,13:45,14:45,SHORT,20358.75,20323.75,35.0,64.0,TP
2024-10-17,12:30,12:45,LONG,20488.25,20453.25,-35.0,-76.0,SL
2024-10-18,09:45,10:00,SHORT,20475.25,20510.25,-35.0,-76.0,SL
2024-10-18,13:30,14:00,LONG,20496.5,20461.5,-35.0,-76.0,SL
2024-10-22,10:45,11:15,LONG,20493.0,20458.0,-35.0,-76.0,SL
2024-10-22,14:15,14:45,LONG,20551.75,20516.75,-35.0,-76.0,SL
2024-10-23,12:45,13:00,SHORT,20248.5,20213.5,35.0,64.0,TP
2024-10-24,11:00,11:30,LONG,20357.0,20322.0,-35.0,-76.0,SL
2024-10-24,14:00,15:00,LONG,20372.75,20384.0,11.25,16.5,EOD_FORCED
2024-10-29,12:30,13:00,LONG,20630.0,20665.0,35.0,64.0,TP
2024-10-30,12:45,13:30,SHORT,20645.25,20610.25,35.0,64.0,TP
2024-10-31,12:45,13:30,SHORT,20086.75,20051.75,35.0,64.0,TP
2024-11-01,10:45,11:15,LONG,20235.25,20270.25,35.0,64.0,TP
2024-11-04,13:30,14:30,LONG,20160.5,20125.5,-35.0,-76.0,SL
2024-11-05,10:30,10:45,LONG,20296.25,20261.25,-35.0,-76.0,SL
2024-11-05,11:00,11:30,LONG,20292.75,20327.75,35.0,64.0,TP
2024-11-05,12:30,13:15,LONG,20353.75,20318.75,-35.0,-76.0,SL
2024-11-08,10:15,11:45,LONG,21192.5,21227.5,35.0,64.0,TP
2024-11-08,12:15,13:30,LONG,21203.75,21238.75,35.0,64.0,TP
2024-11-12,12:30,12:45,SHORT,21139.5,21104.5,35.0,64.0,TP
2024-11-13,13:15,13:45,LONG,21227.75,21262.75,35.0,64.0,TP
2024-11-14,09:45,10:15,LONG,21092.0,21057.0,-35.0,-76.0,SL
2024-11-14,10:45,11:30,SHORT,21090.5,21125.5,-35.0,-76.0,SL
2024-11-18,12:45,13:30,LONG,20661.5,20626.5,-35.0,-76.0,SL
2024-11-19,12:00,13:00,LONG,20675.25,20710.25,35.0,64.0,TP
2024-11-20,14:00,14:30,SHORT,20573.75,20608.75,-35.0,-76.0,SL
2024-11-21,14:15,15:00,LONG,20832.25,20867.25,35.0,64.0,TP
2024-11-22,13:45,14:15,LONG,20846.75,20811.75,-35.0,-76.0,SL
2024-11-25,13:15,14:15,SHORT,20868.25,20833.25,35.0,64.0,TP
2024-11-26,09:45,10:00,SHORT,20971.5,20936.5,35.0,64.0,TP
2024-11-26,10:45,14:15,SHORT,20950.0,20915.0,35.0,64.0,TP
2024-11-29,13:00,13:00,LONG,20991.5,20991.5,0.0,-6.0,EOD_FORCED
2024-12-02,12:30,13:15,LONG,21242.75,21207.75,-35.0,-76.0,SL
2024-12-02,13:30,14:00,LONG,21218.75,21183.75,-35.0,-76.0,SL
2024-12-03,12:30,13:00,LONG,21208.75,21243.75,35.0,64.0,TP
2024-12-05,14:15,15:00,SHORT,21495.75,21493.0,2.75,-0.5,EOD_FORCED
2024-12-09,09:45,10:15,SHORT,21623.5,21588.5,35.0,64.0,TP
2024-12-09,12:00,13:45,SHORT,21507.5,21542.5,-35.0,-76.0,SL
2024-12-10,09:45,10:00,SHORT,21546.75,21581.75,-35.0,-76.0,SL
2024-12-10,10:15,10:45,SHORT,21561.75,21526.75,35.0,64.0,TP
2024-12-10,12:00,12:15,SHORT,21453.75,21488.75,-35.0,-76.0,SL
2024-12-10,13:30,14:30,SHORT,21467.0,21432.0,35.0,64.0,TP
2024-12-11,11:45,13:00,LONG,21760.0,21795.0,35.0,64.0,TP
2024-12-13,09:45,10:00,SHORT,21880.5,21845.5,35.0,64.0,TP
2024-12-17,09:45,10:00,SHORT,22004.75,21969.75,35.0,64.0,TP
2024-12-17,13:00,13:45,LONG,22037.5,22002.5,-35.0,-76.0,SL
2024-12-18,11:15,14:00,LONG,22012.75,21977.75,-35.0,-76.0,SL
2024-12-19,10:00,10:15,LONG,21356.25,21321.25,-35.0,-76.0,SL
2024-12-23,09:45,10:00,LONG,21629.75,21594.75,-35.0,-76.0,SL
2024-12-23,12:15,12:45,LONG,21671.75,21706.75,35.0,64.0,TP
2024-12-26,10:30,11:00,SHORT,21975.0,22010.0,-35.0,-76.0,SL
2024-12-26,12:30,12:45,LONG,22029.5,21994.5,-35.0,-76.0,SL
2024-12-27,09:45,10:00,LONG,21695.75,21660.75,-35.0,-76.0,SL
2024-12-27,11:30,11:45,SHORT,21581.75,21546.75,35.0,64.0,TP
2024-12-30,10:00,10:15,LONG,21350.5,21315.5,-35.0,-76.0,SL
2024-12-31,13:00,13:15,SHORT,21281.0,21246.0,35.0,64.0,TP
2024-12-31,13:45,14:00,SHORT,21220.0,21255.0,-35.0,-76.0,SL
2025-01-03,09:45,10:00,SHORT,21383.5,21418.5,-35.0,-76.0,SL
2025-01-03,12:30,13:15,LONG,21453.75,21488.75,35.0,64.0,TP
2025-01-07,11:00,11:15,SHORT,21514.75,21549.75,-35.0,-76.0,SL
2025-01-10,11:45,12:15,SHORT,20901.0,20936.0,-35.0,-76.0,SL
2025-01-10,14:15,14:30,LONG,21096.0,21061.0,-35.0,-76.0,SL
2025-01-13,10:00,10:15,SHORT,20772.75,20807.75,-35.0,-76.0,SL
2025-01-13,12:00,12:15,LONG,20811.5,20846.5,35.0,64.0,TP
2025-01-13,14:15,15:00,LONG,20893.25,20893.0,-0.25,-6.5,EOD_FORCED
2025-01-14,10:15,10:30,SHORT,21016.25,20981.25,35.0,64.0,TP
2025-01-14,12:45,13:15,SHORT,20863.0,20898.0,-35.0,-76.0,SL
2025-01-20,12:45,12:45,SHORT,21680.5,21680.5,0.0,-6.0,EOD_FORCED
2025-01-21,09:45,10:00,LONG,21630.75,21595.75,-35.0,-76.0,SL
2025-01-21,13:45,14:15,LONG,21753.25,21718.25,-35.0,-76.0,SL
2025-01-22,11:00,11:15,LONG,22005.75,22040.75,35.0,64.0,TP
2025-01-22,12:45,13:15,LONG,22056.75,22021.75,-35.0,-76.0,SL
2025-01-22,13:45,15:00,SHORT,22027.5,22024.5,3.0,0.0,EOD_FORCED
2025-01-23,09:45,10:30,SHORT,21898.0,21933.0,-35.0,-76.0,SL
2025-01-23,14:15,15:00,LONG,21945.25,21968.0,22.75,39.5,EOD_FORCED
2025-01-27,12:30,12:45,SHORT,21218.5,21183.5,35.0,64.0,TP
2025-01-27,13:15,13:30,SHORT,21149.5,21184.5,-35.0,-76.0,SL
2025-01-28,09:45,10:00,LONG,21284.5,21319.5,35.0,64.0,TP
2025-01-28,10:45,11:00,LONG,21455.75,21420.75,-35.0,-76.0,SL
2025-01-28,12:45,13:15,LONG,21544.5,21579.5,35.0,64.0,TP
2025-01-29,09:45,10:00,LONG,21518.25,21553.25,35.0,64.0,TP
2025-01-29,13:30,14:00,SHORT,21465.25,21430.25,35.0,64.0,TP
2025-01-31,12:45,13:15,LONG,21915.5,21880.5,-35.0,-76.0,SL
2025-02-03,11:30,11:45,LONG,21432.5,21397.5,-35.0,-76.0,SL
2025-02-03,12:00,12:15,LONG,21395.75,21430.75,35.0,64.0,TP
2025-02-05,09:45,10:00,SHORT,21563.5,21598.5,-35.0,-76.0,SL
2025-02-06,10:15,10:30,SHORT,21792.5,21827.5,-35.0,-76.0,SL
2025-02-06,14:00,14:30,LONG,21819.75,21784.75,-35.0,-76.0,SL
2025-02-07,12:45,13:00,SHORT,21652.0,21687.0,-35.0,-76.0,SL
2025-02-10,09:45,10:00,SHORT,21792.75,21827.75,-35.0,-76.0,SL
2025-02-10,11:00,11:45,LONG,21871.75,21836.75,-35.0,-76.0,SL
2025-02-11,09:45,10:00,SHORT,21777.5,21812.5,-35.0,-76.0,SL
2025-02-11,11:30,11:45,LONG,21835.0,21800.0,-35.0,-76.0,SL
2025-02-11,12:30,13:30,SHORT,21768.25,21803.25,-35.0,-76.0,SL
2025-02-11,14:15,14:30,LONG,21800.25,21835.25,35.0,64.0,TP
2025-02-14,11:45,12:00,LONG,22139.25,22104.25,-35.0,-76.0,SL
2025-02-19,12:30,13:00,LONG,22232.0,22197.0,-35.0,-76.0,SL
2025-02-20,10:30,10:45,SHORT,22059.0,22024.0,35.0,64.0,TP
2025-02-20,13:00,13:15,LONG,22066.25,22031.25,-35.0,-76.0,SL
2025-02-21,11:15,12:00,SHORT,21992.75,21957.75,35.0,64.0,TP
2025-02-24,10:15,10:45,SHORT,21507.0,21472.0,35.0,64.0,TP
2025-02-26,12:00,12:15,LONG,21395.5,21360.5,-35.0,-76.0,SL
2025-02-27,11:00,11:15,LONG,21120.0,21085.0,-35.0,-76.0,SL
2025-02-27,12:30,12:45,SHORT,21008.25,21043.25,-35.0,-76.0,SL
2025-02-28,12:00,12:15,LONG,20712.75,20677.75,-35.0,-76.0,SL
2025-03-03,11:15,11:30,SHORT,20886.5,20851.5,35.0,64.0,TP
2025-03-04,10:45,11:00,SHORT,20196.5,20161.5,35.0,64.0,TP
2025-03-04,13:30,13:45,LONG,20455.0,20490.0,35.0,64.0,TP
2025-03-07,09:45,10:00,SHORT,20140.0,20175.0,-35.0,-76.0,SL
2025-03-07,12:00,12:15,SHORT,19821.0,19856.0,-35.0,-76.0,SL
2025-03-10,11:30,11:45,SHORT,19604.25,19639.25,-35.0,-76.0,SL
2025-03-11,09:45,10:00,SHORT,19522.0,19557.0,-35.0,-76.0,SL
2025-03-11,10:45,11:00,SHORT,19314.0,19349.0,-35.0,-76.0,SL
2025-03-11,12:30,12:45,SHORT,19361.75,19326.75,35.0,64.0,TP
2025-03-13,10:00,10:15,LONG,19478.0,19513.0,35.0,64.0,TP
2025-03-14,09:45,10:00,SHORT,19545.0,19580.0,-35.0,-76.0,SL
2025-03-17,10:00,10:15,LONG,19809.25,19774.25,-35.0,-76.0,SL
2025-03-17,11:15,11:30,SHORT,19681.0,19646.0,35.0,64.0,TP
2025-03-18,10:15,10:45,LONG,19496.5,19461.5,-35.0,-76.0,SL
2025-03-18,12:45,13:00,LONG,19528.25,19493.25,-35.0,-76.0,SL
2025-03-19,12:15,12:30,LONG,19702.0,19667.0,-35.0,-76.0,SL
2025-03-20,11:00,11:15,LONG,19845.5,19810.5,-35.0,-76.0,SL
2025-03-20,13:45,14:00,SHORT,19650.25,19685.25,-35.0,-76.0,SL
2025-03-24,13:15,15:00,LONG,20337.5,20372.5,35.0,64.0,TP
2025-03-25,09:45,10:00,LONG,20412.75,20377.75,-35.0,-76.0,SL
2025-03-25,14:15,15:00,SHORT,20434.0,20434.0,0.0,-6.0,EOD_FORCED
2025-03-26,12:30,12:45,SHORT,20175.75,20140.75,35.0,64.0,TP
2025-03-27,12:15,12:45,SHORT,20079.5,20044.5,35.0,64.0,TP
2025-03-27,13:15,13:45,SHORT,20009.75,20044.75,-35.0,-76.0,SL
2025-03-31,09:45,10:00,LONG,19089.25,19124.25,35.0,64.0,TP
2025-04-01,09:45,10:00,SHORT,19367.5,19402.5,-35.0,-76.0,SL
2025-04-01,11:30,11:45,LONG,19573.5,19608.5,35.0,64.0,TP
2025-04-02,11:45,12:00,LONG,19668.5,19703.5,35.0,64.0,TP
2025-04-04,09:45,10:00,LONG,18195.0,18160.0,-35.0,-76.0,SL
2025-04-04,11:15,11:30,SHORT,17940.25,17975.25,-35.0,-76.0,SL
2025-04-07,10:30,10:45,LONG,17443.0,17408.0,-35.0,-76.0,SL
2025-04-07,12:30,12:45,SHORT,17346.0,17311.0,35.0,64.0,TP
2025-04-09,10:00,10:15,SHORT,17363.5,17398.5,-35.0,-76.0,SL
2025-04-10,13:15,13:30,LONG,18283.25,18248.25,-35.0,-76.0,SL
2025-04-11,10:30,10:45,LONG,18495.0,18460.0,-35.0,-76.0,SL
2025-04-15,09:45,10:00,SHORT,19067.5,19102.5,-35.0,-76.0,SL
2025-04-16,11:00,11:15,LONG,18634.0,18599.0,-35.0,-76.0,SL
2025-04-16,14:15,14:30,SHORT,18350.0,18315.0,35.0,64.0,TP
2025-04-17,09:45,10:00,LONG,18467.25,18432.25,-35.0,-76.0,SL
2025-04-17,10:45,11:00,SHORT,18303.75,18338.75,-35.0,-76.0,SL
2025-04-17,11:15,11:30,SHORT,18338.5,18373.5,-35.0,-76.0,SL
2025-04-17,12:30,12:45,SHORT,18384.5,18419.5,-35.0,-76.0,SL
2025-04-21,12:15,12:30,SHORT,17814.0,17849.0,-35.0,-76.0,SL
2025-04-23,10:15,10:30,LONG,19101.75,19136.75,35.0,64.0,TP
2025-04-24,10:45,11:00,LONG,19140.5,19175.5,35.0,64.0,TP
2025-04-24,11:30,11:45,LONG,19153.0,19188.0,35.0,64.0,TP
2025-04-24,13:15,14:00,LONG,19252.75,19287.75,35.0,64.0,TP
2025-04-25,10:30,10:45,LONG,19357.5,19322.5,-35.0,-76.0,SL
2025-04-28,10:15,10:30,SHORT,19489.0,19524.0,-35.0,-76.0,SL
2025-04-28,10:45,11:00,SHORT,19470.75,19435.75,35.0,64.0,TP
2025-04-28,12:45,13:00,SHORT,19317.75,19282.75,35.0,64.0,TP
2025-04-29,11:45,12:00,SHORT,19538.75,19573.75,-35.0,-76.0,SL
2025-04-29,12:30,12:45,LONG,19576.0,19541.0,-35.0,-76.0,SL
2025-05-01,12:30,12:45,SHORT,19967.0,19932.0,35.0,64.0,TP
2025-05-01,13:45,14:00,LONG,19982.25,20017.25,35.0,64.0,TP
2025-05-02,10:45,11:30,LONG,20166.0,20131.0,-35.0,-76.0,SL
2025-05-05,13:15,14:00,LONG,20131.5,20166.5,35.0,64.0,TP
2025-05-06,11:00,11:30,LONG,19910.75,19945.75,35.0,64.0,TP
2025-05-08,12:30,13:15,LONG,20319.5,20284.5,-35.0,-76.0,SL
2025-05-08,14:15,14:30,SHORT,20267.0,20302.0,-35.0,-76.0,SL
2025-05-09,09:45,10:15,LONG,20254.25,20219.25,-35.0,-76.0,SL
2025-05-12,10:30,11:15,LONG,20794.75,20759.75,-35.0,-76.0,SL
2025-05-13,12:00,12:30,LONG,21288.5,21323.5,35.0,64.0,TP
2025-05-13,14:00,15:00,LONG,21307.25,21332.0,24.75,43.5,EOD_FORCED
2025-05-14,10:30,10:45,SHORT,21321.5,21356.5,-35.0,-76.0,SL
2025-05-16,12:45,13:15,LONG,21427.5,21462.5,35.0,64.0,TP
2025-05-20,10:45,11:45,SHORT,21407.75,21442.75,-35.0,-76.0,SL
2025-05-22,10:45,11:15,LONG,21231.75,21266.75,35.0,64.0,TP
2025-05-22,11:30,12:00,LONG,21258.75,21293.75,35.0,64.0,TP
2025-05-23,12:00,12:15,LONG,20944.75,20979.75,35.0,64.0,TP
2025-05-26,12:30,12:45,LONG,21278.75,21284.5,5.75,5.5,EOD_FORCED
2025-05-29,11:15,11:30,LONG,21500.5,21465.5,-35.0,-76.0,SL
2025-06-02,10:30,10:45,SHORT,21366.75,21401.75,-35.0,-76.0,SL
2025-06-02,11:30,11:45,LONG,21397.75,21432.75,35.0,64.0,TP
2025-06-02,13:45,14:15,LONG,21445.5,21480.5,35.0,64.0,TP
2025-06-04,10:30,10:45,SHORT,21725.5,21760.5,-35.0,-76.0,SL
2025-06-06,10:30,11:00,LONG,21828.25,21863.25,35.0,64.0,TP
2025-06-10,11:00,11:30,LONG,21870.25,21835.25,-35.0,-76.0,SL
2025-06-11,09:45,10:00,LONG,21980.25,22015.25,35.0,64.0,TP
2025-06-11,12:30,13:00,SHORT,21964.75,21999.75,-35.0,-76.0,SL
2025-06-12,09:45,10:00,SHORT,21857.25,21892.25,-35.0,-76.0,SL
2025-06-12,13:00,14:15,LONG,21951.75,21916.75,-35.0,-76.0,SL
2025-06-13,09:45,10:00,SHORT,21731.25,21766.25,-35.0,-76.0,SL
2025-06-16,12:15,13:15,SHORT,21942.75,21977.75,-35.0,-76.0,SL
2025-06-17,09:45,10:15,LONG,21869.75,21904.75,35.0,64.0,TP
2025-06-17,11:30,12:30,LONG,21893.25,21858.25,-35.0,-76.0,SL
2025-06-18,12:00,13:00,LONG,21830.75,21795.75,-35.0,-76.0,SL
2025-06-23,12:45,13:00,SHORT,21840.75,21875.75,-35.0,-76.0,SL
2025-06-24,09:45,10:30,SHORT,22293.25,22328.25,-35.0,-76.0,SL
2025-06-24,12:00,12:30,LONG,22372.25,22407.25,35.0,64.0,TP
2025-06-25,13:00,13:30,SHORT,22439.75,22404.75,35.0,64.0,TP
2025-06-26,09:45,10:30,LONG,22544.0,22579.0,35.0,64.0,TP
2025-06-26,10:45,11:15,LONG,22570.25,22605.25,35.0,64.0,TP
2025-06-26,11:30,12:00,LONG,22594.0,22629.0,35.0,64.0,TP
2025-06-26,12:45,13:30,LONG,22607.25,22642.25,35.0,64.0,TP
2025-06-27,10:30,10:45,LONG,22800.25,22765.25,-35.0,-76.0,SL
2025-06-27,11:00,11:30,LONG,22778.5,22813.5,35.0,64.0,TP
2025-06-27,12:45,13:30,LONG,22795.0,22760.0,-35.0,-76.0,SL
2025-06-30,09:45,12:00,LONG,22827.0,22862.0,35.0,64.0,TP
2025-07-01,13:30,15:00,LONG,22730.0,22695.0,-35.0,-76.0,SL
2025-07-03,10:45,11:30,LONG,23047.0,23082.0,35.0,64.0,TP
2025-07-04,09:45,12:45,SHORT,22923.5,22904.5,19.0,32.0,EOD_FORCED
2025-07-07,09:45,10:00,SHORT,22945.25,22910.25,35.0,64.0,TP
2025-07-07,11:30,12:00,SHORT,22914.5,22949.5,-35.0,-76.0,SL
2025-07-07,13:15,13:30,SHORT,22872.5,22907.5,-35.0,-76.0,SL
2025-07-07,14:00,14:15,SHORT,22868.0,22833.0,35.0,64.0,TP
2025-07-08,13:15,15:00,LONG,22913.0,22878.0,-35.0,-76.0,SL
2025-07-09,11:45,12:30,SHORT,22948.25,22983.25,-35.0,-76.0,SL
2025-07-10,10:45,11:15,SHORT,22963.25,22998.25,-35.0,-76.0,SL
2025-07-11,11:15,11:30,LONG,22950.0,22985.0,35.0,64.0,TP
2025-07-14,09:45,10:00,LONG,22911.75,22946.75,35.0,64.0,TP
2025-07-14,10:30,10:45,LONG,22957.75,22992.75,35.0,64.0,TP
2025-07-14,14:00,15:00,LONG,23047.25,23046.25,-1.0,-8.0,EOD_FORCED
2025-07-16,14:00,14:45,LONG,23031.5,23066.5,35.0,64.0,TP
2025-07-17,14:15,15:00,LONG,23256.0,23258.0,2.0,-2.0,EOD_FORCED
2025-07-18,10:45,11:45,SHORT,23205.0,23240.0,-35.0,-76.0,SL
2025-07-18,12:45,13:30,SHORT,23187.5,23222.5,-35.0,-76.0,SL
2025-07-21,11:00,12:15,LONG,23397.5,23362.5,-35.0,-76.0,SL
2025-07-22,10:15,10:30,SHORT,23169.0,23204.0,-35.0,-76.0,SL
2025-07-22,11:00,12:15,SHORT,23207.25,23172.25,35.0,64.0,TP
2025-07-25,14:00,15:00,LONG,23445.25,23447.25,2.0,-2.0,EOD_FORCED
2025-07-28,14:15,15:00,SHORT,23462.5,23459.25,3.25,0.5,EOD_FORCED
2025-07-29,14:00,15:00,SHORT,23490.75,23482.5,8.25,10.5,EOD_FORCED
2025-07-30,09:45,10:15,SHORT,23483.25,23518.25,-35.0,-76.0,SL
2025-07-31,09:45,10:15,LONG,23671.0,23636.0,-35.0,-76.0,SL
2025-08-04,13:45,15:00,LONG,23268.0,23272.75,4.75,3.5,EOD_FORCED
2025-08-05,11:15,11:30,SHORT,23170.5,23135.5,35.0,64.0,TP
2025-08-06,09:45,10:00,SHORT,23200.75,23235.75,-35.0,-76.0,SL
2025-08-06,12:45,14:00,LONG,23370.75,23405.75,35.0,64.0,TP
2025-08-07,10:00,10:15,SHORT,23608.25,23573.25,35.0,64.0,TP
2025-08-07,12:15,12:30,SHORT,23493.5,23458.5,35.0,64.0,TP
2025-08-07,13:00,13:30,SHORT,23440.75,23405.75,35.0,64.0,TP
2025-08-08,11:00,11:30,LONG,23679.5,23644.5,-35.0,-76.0,SL
2025-08-11,11:00,12:00,LONG,23747.25,23782.25,35.0,64.0,TP
2025-08-12,10:00,10:15,LONG,23721.75,23756.75,35.0,64.0,TP
2025-08-14,13:45,14:00,LONG,23962.5,23927.5,-35.0,-76.0,SL
2025-08-15,11:15,11:30,SHORT,23802.5,23767.5,35.0,64.0,TP
2025-08-15,13:15,13:45,LONG,23805.75,23840.75,35.0,64.0,TP
2025-08-15,14:15,15:00,LONG,23824.0,23789.0,-35.0,-76.0,SL
2025-08-18,10:45,11:15,LONG,23778.25,23743.25,-35.0,-76.0,SL
2025-08-19,11:30,12:00,SHORT,23578.0,23543.0,35.0,64.0,TP
2025-08-22,09:45,10:00,SHORT,23265.25,23300.25,-35.0,-76.0,SL
2025-08-25,12:30,13:00,LONG,23606.75,23571.75,-35.0,-76.0,SL
2025-08-26,11:00,11:30,LONG,23530.0,23495.0,-35.0,-76.0,SL
2025-08-27,09:45,10:15,LONG,23534.75,23569.75,35.0,64.0,TP
2025-08-27,11:30,12:15,LONG,23600.5,23565.5,-35.0,-76.0,SL
2025-08-28,13:00,13:30,LONG,23735.75,23770.75,35.0,64.0,TP
2025-08-29,10:30,10:45,SHORT,23471.0,23436.0,35.0,64.0,TP
2025-08-29,12:15,12:45,SHORT,23454.25,23489.25,-35.0,-76.0,SL
2025-09-02,10:15,10:30,LONG,23261.5,23226.5,-35.0,-76.0,SL
2025-09-03,13:15,13:30,SHORT,23426.25,23391.25,35.0,64.0,TP
2025-09-05,12:15,13:15,SHORT,23620.75,23655.75,-35.0,-76.0,SL
2025-09-08,10:15,12:15,LONG,23862.75,23827.75,-35.0,-76.0,SL
2025-09-09,11:00,11:45,SHORT,23776.25,23811.25,-35.0,-76.0,SL
2025-09-10,11:00,11:15,LONG,23969.0,23934.0,-35.0,-76.0,SL
2025-09-10,11:45,12:15,SHORT,23949.75,23914.75,35.0,64.0,TP
2025-09-10,13:45,14:15,SHORT,23898.0,23863.0,35.0,64.0,TP
2025-09-11,09:45,10:30,LONG,23979.25,24014.25,35.0,64.0,TP
2025-09-11,11:45,15:00,LONG,24024.25,24023.5,-0.75,-7.5,EOD_FORCED
2025-09-12,10:00,10:15,SHORT,24031.25,24066.25,-35.0,-76.0,SL
2025-09-12,13:30,14:30,LONG,24103.5,24138.5,35.0,64.0,TP
2025-09-15,10:15,11:45,LONG,24254.5,24289.5,35.0,64.0,TP
2025-09-17,09:45,10:15,LONG,24237.0,24202.0,-35.0,-76.0,SL
2025-09-17,11:15,12:30,SHORT,24173.25,24138.25,35.0,64.0,TP
2025-09-17,14:15,14:30,LONG,24201.75,24166.75,-35.0,-76.0,SL
2025-09-18,09:45,10:00,LONG,24453.0,24488.0,35.0,64.0,TP
2025-09-18,12:00,12:45,LONG,24508.5,24543.5,35.0,64.0,TP
2025-09-22,11:15,12:00,LONG,24920.25,24955.25,35.0,64.0,TP
2025-09-22,13:15,15:00,LONG,24988.5,25023.5,35.0,64.0,TP
2025-09-23,10:00,12:00,LONG,24958.0,24923.0,-35.0,-76.0,SL
2025-09-23,14:00,15:00,SHORT,24810.5,24804.0,6.5,7.0,EOD_FORCED
2025-09-26,11:30,12:00,SHORT,24606.5,24571.5,35.0,64.0,TP
2025-09-29,12:15,13:00,SHORT,24848.25,24813.25,35.0,64.0,TP
2025-10-02,09:45,10:45,LONG,25063.5,25028.5,-35.0,-76.0,SL
2025-10-06,10:15,11:30,SHORT,25143.0,25178.0,-35.0,-76.0,SL
2025-10-06,12:15,14:15,LONG,25202.75,25237.75,35.0,64.0,TP
2025-10-07,09:45,10:30,SHORT,25241.75,25206.75,35.0,64.0,TP
2025-10-08,12:45,14:00,LONG,25251.25,25286.25,35.0,64.0,TP
2025-10-09,09:45,10:30,LONG,25279.0,25244.0,-35.0,-76.0,SL
2025-10-10,09:45,10:00,SHORT,25357.5,25322.5,35.0,64.0,TP
2025-10-10,11:45,12:00,SHORT,24828.0,24793.0,35.0,64.0,TP
2025-10-10,13:30,13:45,SHORT,24708.5,24673.5,35.0,64.0,TP
2025-10-10,14:15,14:30,SHORT,24668.25,24633.25,35.0,64.0,TP
2025-10-14,09:45,10:00,LONG,24575.75,24610.75,35.0,64.0,TP
2025-10-14,13:00,15:00,LONG,24913.0,24895.75,-17.25,-40.5,EOD_FORCED
2025-10-15,10:45,11:00,LONG,25099.75,25064.75,-35.0,-76.0,SL
2025-10-15,12:15,12:45,SHORT,24958.75,24923.75,35.0,64.0,TP
2025-10-16,11:00,11:15,LONG,25123.75,25088.75,-35.0,-76.0,SL
2025-10-16,13:00,13:15,SHORT,24888.5,24923.5,-35.0,-76.0,SL
2025-10-20,12:15,13:15,LONG,25311.75,25346.75,35.0,64.0,TP
2025-10-21,10:30,10:45,LONG,25247.5,25282.5,35.0,64.0,TP
2025-10-21,13:00,13:15,LONG,25306.5,25271.5,-35.0,-76.0,SL
2025-10-22,11:00,11:15,SHORT,25141.75,25106.75,35.0,64.0,TP
2025-10-22,14:00,14:15,SHORT,24857.5,24892.5,-35.0,-76.0,SL
2025-10-23,10:15,10:30,LONG,25147.0,25182.0,35.0,64.0,TP
2025-10-23,11:15,11:30,LONG,25180.0,25145.0,-35.0,-76.0,SL
2025-10-23,14:15,15:00,LONG,25276.25,25276.75,0.5,-5.0,EOD_FORCED
2025-10-24,09:45,10:00,SHORT,25475.25,25510.25,-35.0,-76.0,SL
2025-10-24,10:30,10:45,LONG,25531.5,25496.5,-35.0,-76.0,SL
2025-10-24,11:45,12:15,LONG,25523.0,25558.0,35.0,64.0,TP
2025-10-24,13:15,15:00,LONG,25546.25,25556.75,10.5,15.0,EOD_FORCED
2025-10-29,13:45,14:00,SHORT,26245.75,26280.75,-35.0,-76.0,SL
2025-11-03,10:45,11:15,SHORT,26088.5,26053.5,35.0,64.0,TP
2025-11-03,12:15,12:30,SHORT,26101.25,26136.25,-35.0,-76.0,SL
2025-11-04,14:00,14:30,SHORT,25652.25,25617.25,35.0,64.0,TP
2025-11-07,10:15,10:30,SHORT,24969.5,24934.5,35.0,64.0,TP
2025-11-07,12:45,13:00,LONG,24841.25,24876.25,35.0,64.0,TP
2025-11-10,10:00,10:15,SHORT,25625.0,25660.0,-35.0,-76.0,SL
2025-11-10,12:00,12:15,SHORT,25517.75,25552.75,-35.0,-76.0,SL
2025-11-10,14:00,14:30,LONG,25662.25,25697.25,35.0,64.0,TP
2025-11-11,11:15,12:00,SHORT,25511.0,25546.0,-35.0,-76.0,SL
2025-11-12,11:30,11:45,SHORT,25549.5,25514.5,35.0,64.0,TP
2025-11-12,12:15,12:30,SHORT,25555.75,25590.75,-35.0,-76.0,SL
2025-11-12,14:00,14:30,SHORT,25592.0,25557.0,35.0,64.0,TP
2025-11-13,09:45,10:00,LONG,25381.25,25346.25,-35.0,-76.0,SL
2025-11-13,12:30,12:45,SHORT,25189.25,25154.25,35.0,64.0,TP
2025-11-14,11:45,12:00,LONG,25247.75,25282.75,35.0,64.0,TP
2025-11-14,13:00,13:15,LONG,25220.0,25185.0,-35.0,-76.0,SL
2025-11-17,10:30,10:45,SHORT,25135.75,25100.75,35.0,64.0,TP
2025-11-20,10:15,10:30,LONG,25258.5,25293.5,35.0,64.0,TP
2025-11-20,13:15,13:30,SHORT,24501.0,24466.0,35.0,64.0,TP
2025-11-24,11:30,11:45,LONG,24872.0,24837.0,-35.0,-76.0,SL
2025-11-25,09:45,10:00,LONG,24815.5,24780.5,-35.0,-76.0,SL
2025-11-26,12:15,13:00,LONG,25338.25,25303.25,-35.0,-76.0,SL
2025-12-01,10:30,10:45,LONG,25333.75,25368.75,35.0,64.0,TP
2025-12-01,11:15,11:30,LONG,25380.75,25415.75,35.0,64.0,TP
2025-12-01,13:00,14:00,LONG,25476.25,25441.25,-35.0,-76.0,SL
2025-12-02,10:30,10:45,LONG,25622.0,25657.0,35.0,64.0,TP
2025-12-03,09:45,10:00,LONG,25495.25,25530.25,35.0,64.0,TP
2025-12-04,11:30,11:45,SHORT,25569.0,25604.0,-35.0,-76.0,SL
2025-12-04,12:30,13:00,LONG,25613.25,25578.25,-35.0,-76.0,SL
2025-12-11,10:00,10:15,LONG,25556.0,25591.0,35.0,64.0,TP
2025-12-11,11:45,12:00,SHORT,25500.75,25535.75,-35.0,-76.0,SL
2025-12-12,09:45,10:00,LONG,25558.0,25523.0,-35.0,-76.0,SL
2025-12-12,12:15,12:30,SHORT,25222.0,25257.0,-35.0,-76.0,SL
2025-12-15,10:45,11:00,SHORT,25152.75,25187.75,-35.0,-76.0,SL
2025-12-15,14:00,15:00,SHORT,25141.0,25136.0,5.0,4.0,EOD_FORCED
2025-12-16,11:00,11:15,SHORT,25018.0,24983.0,35.0,64.0,TP
2025-12-16,13:15,13:30,SHORT,24963.0,24998.0,-35.0,-76.0,SL
2025-12-16,14:15,14:30,LONG,25040.75,25075.75,35.0,64.0,TP
2025-12-17,09:45,10:00,LONG,25099.0,25064.0,-35.0,-76.0,SL
2025-12-17,12:30,13:00,SHORT,24782.25,24817.25,-35.0,-76.0,SL
2025-12-18,09:45,10:00,LONG,25043.0,25008.0,-35.0,-76.0,SL
2025-12-23,09:45,10:00,SHORT,25692.25,25657.25,35.0,64.0,TP
2025-12-26,09:45,10:00,SHORT,25880.75,25845.75,35.0,64.0,TP
2025-12-26,10:30,15:00,SHORT,25881.75,25873.0,8.75,11.5,EOD_FORCED
2025-12-30,12:30,15:00,SHORT,25721.75,25686.75,35.0,64.0,TP
2026-01-02,11:15,11:30,SHORT,25377.0,25412.0,-35.0,-76.0,SL
2026-01-02,12:15,12:45,SHORT,25387.25,25352.25,35.0,64.0,TP
2026-01-05,12:00,12:15,LONG,25671.5,25636.5,-35.0,-76.0,SL
2026-01-05,13:45,14:30,SHORT,25612.75,25577.75,35.0,64.0,TP
2026-01-06,13:00,13:45,LONG,25763.75,25798.75,35.0,64.0,TP
2026-01-08,10:45,11:00,LONG,25684.75,25649.75,-35.0,-76.0,SL
2026-01-08,11:30,12:45,LONG,25649.0,25684.0,35.0,64.0,TP
2026-01-08,13:15,14:00,LONG,25658.25,25623.25,-35.0,-76.0,SL
2026-01-09,10:00,10:15,LONG,25748.0,25783.0,35.0,64.0,TP
2026-01-09,10:45,11:00,LONG,25811.75,25846.75,35.0,64.0,TP
2026-01-09,11:30,11:45,LONG,25868.25,25903.25,35.0,64.0,TP
2026-01-09,13:15,13:30,LONG,25908.0,25943.0,35.0,64.0,TP
2026-01-12,10:45,11:15,LONG,25916.0,25951.0,35.0,64.0,TP
2026-01-12,14:00,14:30,LONG,25981.0,26016.0,35.0,64.0,TP
2026-01-13,13:15,13:45,SHORT,25874.0,25839.0,35.0,64.0,TP
2026-01-14,10:15,10:30,SHORT,25613.0,25578.0,35.0,64.0,TP
2026-01-14,11:30,11:45,SHORT,25513.75,25478.75,35.0,64.0,TP
2026-01-15,10:15,10:30,SHORT,25862.75,25897.75,-35.0,-76.0,SL
2026-01-20,09:45,10:00,SHORT,25323.0,25288.0,35.0,64.0,TP
2026-01-20,11:30,11:45,SHORT,25354.0,25389.0,-35.0,-76.0,SL
2026-01-20,13:00,13:15,SHORT,25284.75,25249.75,35.0,64.0,TP
2026-01-21,11:15,11:30,LONG,25458.0,25423.0,-35.0,-76.0,SL
2026-01-21,13:30,13:45,SHORT,25217.5,25252.5,-35.0,-76.0,SL
2026-01-21,14:00,14:15,SHORT,25242.25,25277.25,-35.0,-76.0,SL
2026-01-22,10:45,11:00,SHORT,25606.0,25641.0,-35.0,-76.0,SL
2026-01-22,12:00,14:45,LONG,25688.5,25653.5,-35.0,-76.0,SL
2026-01-23,11:30,12:00,LONG,25812.0,25777.0,-35.0,-76.0,SL
2026-01-26,11:45,15:00,LONG,25906.25,25871.25,-35.0,-76.0,SL
2026-01-28,09:45,10:00,SHORT,26253.5,26218.5,35.0,64.0,TP
2026-01-28,12:15,12:45,SHORT,26127.0,26162.0,-35.0,-76.0,SL
2026-01-30,10:30,10:45,LONG,25893.25,25858.25,-35.0,-76.0,SL
2026-01-30,12:30,12:45,SHORT,25742.0,25707.0,35.0,64.0,TP
2026-02-02,10:30,10:45,LONG,25874.25,25839.25,-35.0,-76.0,SL
2026-02-02,11:00,11:15,LONG,25855.5,25890.5,35.0,64.0,TP
2026-02-03,14:15,14:45,SHORT,25295.25,25260.25,35.0,64.0,TP
2026-02-04,12:00,12:15,SHORT,25031.0,24996.0,35.0,64.0,TP
2026-02-04,13:00,13:15,SHORT,24850.75,24885.75,-35.0,-76.0,SL
2026-02-05,09:45,10:00,SHORT,24769.75,24804.75,-35.0,-76.0,SL
2026-02-06,09:45,10:00,SHORT,24855.0,24820.0,35.0,64.0,TP
2026-02-09,09:45,10:00,SHORT,25113.5,25148.5,-35.0,-76.0,SL
2026-02-09,13:00,13:15,LONG,25373.25,25338.25,-35.0,-76.0,SL
2026-02-10,09:45,10:00,LONG,25391.75,25356.75,-35.0,-76.0,SL
2026-02-10,14:00,15:00,SHORT,25301.0,25266.0,35.0,64.0,TP
2026-02-11,11:15,11:30,SHORT,25193.0,25228.0,-35.0,-76.0,SL
2026-02-12,10:15,10:30,SHORT,25233.0,25198.0,35.0,64.0,TP
2026-02-13,10:45,11:00,LONG,24811.0,24846.0,35.0,64.0,TP
2026-02-13,13:00,13:15,LONG,24943.5,24978.5,35.0,64.0,TP
2026-02-13,14:00,14:30,LONG,24947.0,24912.0,-35.0,-76.0,SL
2026-02-17,11:30,11:45,LONG,24735.0,24770.0,35.0,64.0,TP
2026-02-17,12:15,12:30,LONG,24755.5,24720.5,-35.0,-76.0,SL
2026-02-17,12:45,13:00,LONG,24697.5,24662.5,-35.0,-76.0,SL
2026-02-20,09:45,10:00,SHORT,24900.0,24935.0,-35.0,-76.0,SL
2026-02-20,13:00,13:15,SHORT,25002.5,24967.5,35.0,64.0,TP
2026-02-23,09:45,10:00,LONG,24913.25,24878.25,-35.0,-76.0,SL
2026-02-23,11:30,11:45,SHORT,24764.75,24729.75,35.0,64.0,TP
2026-02-24,09:45,10:00,SHORT,24876.75,24911.75,-35.0,-76.0,SL
2026-02-24,12:45,14:00,LONG,25046.25,25011.25,-35.0,-76.0,SL
2026-02-25,10:15,10:30,LONG,25334.25,25299.25,-35.0,-76.0,SL
2026-02-27,11:45,12:00,LONG,24969.25,25004.25,35.0,64.0,TP
2026-03-02,10:30,10:45,LONG,24939.0,24904.0,-35.0,-76.0,SL
2026-03-04,09:45,10:00,LONG,24921.0,24956.0,35.0,64.0,TP
2026-03-04,10:45,11:00,LONG,25127.25,25092.25,-35.0,-76.0,SL
2026-03-04,11:15,11:30,LONG,25106.5,25141.5,35.0,64.0,TP
2026-03-04,13:15,13:30,LONG,25172.0,25207.0,35.0,64.0,TP
2026-03-05,12:00,12:15,SHORT,25032.25,24997.25,35.0,64.0,TP
2026-03-05,14:15,14:30,SHORT,24838.75,24803.75,35.0,64.0,TP
2026-03-06,11:15,11:30,LONG,24844.25,24809.25,-35.0,-76.0,SL
2026-03-06,13:30,13:45,LONG,24841.0,24806.0,-35.0,-76.0,SL
2026-03-11,13:15,13:30,LONG,25007.25,24972.25,-35.0,-76.0,SL
2026-03-12,10:45,11:00,SHORT,24619.75,24584.75,35.0,64.0,TP
2026-03-12,12:30,12:45,LONG,24689.0,24654.0,-35.0,-76.0,SL
2026-03-13,09:45,10:00,SHORT,24727.75,24762.75,-35.0,-76.0,SL
2026-03-13,12:30,12:45,SHORT,24428.25,24463.25,-35.0,-76.0,SL
2026-03-13,13:15,13:30,SHORT,24450.25,24415.25,35.0,64.0,TP
2026-03-16,10:45,11:00,LONG,24694.5,24659.5,-35.0,-76.0,SL
2026-03-16,12:30,13:00,LONG,24680.5,24715.5,35.0,64.0,TP
2026-03-17,10:15,11:00,LONG,25062.5,25027.5,-35.0,-76.0,SL
2026-03-17,12:45,13:00,SHORT,24995.5,25030.5,-35.0,-76.0,SL
2026-03-17,13:30,14:00,SHORT,25012.0,25047.0,-35.0,-76.0,SL
2026-03-18,12:15,12:30,SHORT,24887.25,24852.25,35.0,64.0,TP
2026-03-19,13:30,13:45,SHORT,24428.75,24463.75,-35.0,-76.0,SL
2026-03-20,11:15,11:30,SHORT,24265.0,24300.0,-35.0,-76.0,SL
2026-03-20,14:00,14:15,SHORT,24185.5,24150.5,35.0,64.0,TP
2026-03-23,10:45,11:00,LONG,24610.75,24645.75,35.0,64.0,TP
2026-03-23,12:45,13:15,SHORT,24368.5,24333.5,35.0,64.0,TP
2026-03-24,09:45,10:00,LONG,24216.0,24181.0,-35.0,-76.0,SL
2026-03-24,14:15,14:30,LONG,24259.75,24294.75,35.0,64.0,TP
2026-03-25,10:00,10:15,LONG,24457.25,24492.25,35.0,64.0,TP
2026-03-25,11:30,12:00,SHORT,24370.0,24335.0,35.0,64.0,TP
2026-03-25,14:15,14:45,SHORT,24412.75,24377.75,35.0,64.0,TP
2026-03-27,10:15,10:45,SHORT,23477.25,23512.25,-35.0,-76.0,SL
2026-03-27,11:00,11:15,SHORT,23495.0,23530.0,-35.0,-76.0,SL
2026-03-30,11:00,11:15,SHORT,23317.5,23352.5,-35.0,-76.0,SL
2026-03-30,13:45,14:00,SHORT,23210.75,23175.75,35.0,64.0,TP
2026-04-06,13:30,14:00,SHORT,24292.25,24257.25,35.0,64.0,TP
2026-04-07,10:30,10:45,SHORT,24075.25,24110.25,-35.0,-76.0,SL
2026-04-07,11:30,11:45,SHORT,24053.25,24088.25,-35.0,-76.0,SL
2026-04-09,12:45,13:00,LONG,25196.75,25231.75,35.0,64.0,TP
2026-04-10,12:15,12:30,SHORT,25276.0,25241.0,35.0,64.0,TP
2026-04-13,10:15,10:45,LONG,25296.0,25331.0,35.0,64.0,TP
2026-04-14,09:45,10:00,SHORT,25722.0,25757.0,-35.0,-76.0,SL
2026-04-17,11:15,11:30,LONG,26842.25,26877.25,35.0,64.0,TP
2026-04-20,09:45,10:00,LONG,26781.0,26746.0,-35.0,-76.0,SL
2026-04-20,12:15,13:15,SHORT,26675.0,26710.0,-35.0,-76.0,SL
2026-04-21,11:15,11:45,SHORT,26723.25,26758.25,-35.0,-76.0,SL
2026-04-22,09:45,10:00,LONG,26865.0,26900.0,35.0,64.0,TP
2026-04-22,11:45,13:00,LONG,26980.5,27015.5,35.0,64.0,TP
2026-04-23,09:45,10:00,SHORT,27017.25,26982.25,35.0,64.0,TP
2026-04-24,10:30,10:45,LONG,27252.5,27287.5,35.0,64.0,TP
2026-04-27,09:45,10:00,LONG,27401.75,27366.75,-35.0,-76.0,SL
2026-04-28,09:45,10:15,SHORT,27202.25,27167.25,35.0,64.0,TP
2026-04-28,13:00,13:30,SHORT,27071.75,27106.75,-35.0,-76.0,SL
2026-04-29,11:15,11:45,LONG,27275.25,27240.25,-35.0,-76.0,SL
2026-04-29,12:45,13:45,SHORT,27199.5,27234.5,-35.0,-76.0,SL
2026-04-30,11:45,12:00,LONG,27388.5,27423.5,35.0,64.0,TP
2026-05-01,11:00,11:30,LONG,27836.5,27871.5,35.0,64.0,TP
2026-05-01,14:15,14:30,LONG,27867.75,27832.75,-35.0,-76.0,SL
2026-05-04,10:45,11:00,SHORT,27882.0,27847.0,35.0,64.0,TP
2026-05-05,10:45,11:00,LONG,28096.0,28131.0,35.0,64.0,TP
2026-05-06,09:45,10:00,SHORT,28468.75,28433.75,35.0,64.0,TP
2026-05-07,12:30,12:45,SHORT,28726.0,28691.0,35.0,64.0,TP
2026-05-07,14:00,14:15,SHORT,28677.5,28642.5,35.0,64.0,TP
2026-05-08,11:15,11:45,LONG,29183.75,29218.75,35.0,64.0,TP
2026-05-11,10:30,10:45,LONG,29365.5,29400.5,35.0,64.0,TP
2026-05-14,09:45,10:00,SHORT,29541.75,29576.75,-35.0,-76.0,SL
2026-05-14,12:45,13:00,LONG,29728.0,29693.0,-35.0,-76.0,SL
2026-05-15,11:00,11:15,LONG,29285.25,29320.25,35.0,64.0,TP
2026-05-18,09:45,10:00,LONG,29244.0,29209.0,-35.0,-76.0,SL
2026-05-18,10:15,10:30,SHORT,29153.5,29118.5,35.0,64.0,TP
2026-05-18,13:15,13:30,LONG,29009.75,28974.75,-35.0,-76.0,SL
2026-05-20,09:45,10:00,SHORT,29099.75,29064.75,35.0,64.0,TP
2026-05-20,12:45,13:00,SHORT,29262.5,29297.5,-35.0,-76.0,SL
2026-05-21,14:15,14:45,LONG,29458.75,29423.75,-35.0,-76.0,SL
2026-05-26,12:30,13:00,SHORT,29964.25,29999.25,-35.0,-76.0,SL
2026-05-27,09:45,10:00,LONG,30060.25,30025.25,-35.0,-76.0,SL
2026-05-27,10:30,10:45,LONG,29993.75,29958.75,-35.0,-76.0,SL
2026-05-27,11:30,11:45,SHORT,29890.75,29925.75,-35.0,-76.0,SL
2026-05-27,13:30,13:45,SHORT,29947.75,29982.75,-35.0,-76.0,SL
2026-05-28,09:45,10:00,LONG,29992.75,30027.75,35.0,64.0,TP
2026-05-28,11:45,12:15,LONG,30264.5,30299.5,35.0,64.0,TP
2026-05-28,14:15,14:45,LONG,30315.25,30280.25,-35.0,-76.0,SL
2026-05-29,11:15,11:45,SHORT,30397.5,30362.5,35.0,64.0,TP
2026-05-29,12:30,12:45,LONG,30422.0,30387.0,-35.0,-76.0,SL
2026-06-01,09:45,10:00,SHORT,30316.0,30351.0,-35.0,-76.0,SL
2026-06-01,12:15,12:45,LONG,30510.0,30545.0,35.0,64.0,TP
2026-06-01,14:15,15:00,LONG,30646.75,30611.75,-35.0,-76.0,SL
2026-06-03,13:00,13:30,SHORT,30543.5,30578.5,-35.0,-76.0,SL
2026-06-04,09:45,10:00,LONG,30248.0,30213.0,-35.0,-76.0,SL
2026-06-05,10:15,10:30,SHORT,29824.5,29859.5,-35.0,-76.0,SL
2026-06-05,13:30,13:45,SHORT,29418.5,29453.5,-35.0,-76.0,SL
2026-06-08,11:30,11:45,LONG,29685.25,29650.25,-35.0,-76.0,SL
2026-06-08,12:00,12:15,LONG,29635.25,29600.25,-35.0,-76.0,SL
2026-06-08,13:30,13:45,SHORT,29512.25,29547.25,-35.0,-76.0,SL
2026-06-09,09:45,10:00,SHORT,29672.0,29707.0,-35.0,-76.0,SL
2026-06-10,09:45,10:00,SHORT,29020.75,29055.75,-35.0,-76.0,SL
2026-06-10,10:30,10:45,SHORT,29082.0,29117.0,-35.0,-76.0,SL
2026-06-10,12:00,12:15,SHORT,28728.75,28763.75,-35.0,-76.0,SL
2026-06-11,10:15,10:30,LONG,28868.25,28833.25,-35.0,-76.0,SL
2026-06-11,11:15,11:30,SHORT,28757.75,28792.75,-35.0,-76.0,SL
2026-06-11,12:30,12:45,LONG,28886.0,28851.0,-35.0,-76.0,SL
2026-06-12,09:45,10:00,LONG,29349.5,29384.5,35.0,64.0,TP
2026-06-12,14:15,14:30,LONG,29665.25,29700.25,35.0,64.0,TP
2026-06-15,09:45,10:00,SHORT,30703.75,30738.75,-35.0,-76.0,SL
2026-06-15,10:30,10:45,SHORT,30716.25,30751.25,-35.0,-76.0,SL
2026-06-15,14:00,14:30,LONG,30867.5,30832.5,-35.0,-76.0,SL
2026-06-16,09:45,10:00,SHORT,30806.5,30841.5,-35.0,-76.0,SL
2026-06-18,10:30,10:45,LONG,30573.25,30608.25,35.0,64.0,TP
2026-06-19,10:15,11:00,LONG,30668.5,30703.5,35.0,64.0,TP
2026-06-23,13:30,13:45,SHORT,29829.25,29794.25,35.0,64.0,TP
2026-06-24,09:45,10:00,LONG,29684.25,29649.25,-35.0,-76.0,SL
2026-06-24,11:15,11:30,LONG,29801.0,29766.0,-35.0,-76.0,SL
2026-06-25,11:15,11:30,LONG,29612.75,29647.75,35.0,64.0,TP
2026-06-26,12:15,12:30,LONG,29557.25,29592.25,35.0,64.0,TP
2026-06-29,09:45,10:00,SHORT,29617.75,29582.75,35.0,64.0,TP
2026-06-30,13:30,14:00,LONG,30543.25,30508.25,-35.0,-76.0,SL
2026-07-03,10:30,12:45,SHORT,29904.5,29903.75,0.75,-4.5,EOD_FORCED
2026-07-07,13:15,13:30,LONG,29533.75,29568.75,35.0,64.0,TP
2026-07-09,12:30,13:00,LONG,29909.0,29944.0,35.0,64.0,TP
2026-07-13,09:45,10:00,LONG,29630.0,29595.0,-35.0,-76.0,SL
2026-07-13,10:45,11:00,LONG,29717.75,29682.75,-35.0,-76.0,SL
2026-07-13,11:15,11:30,LONG,29707.25,29672.25,-35.0,-76.0,SL
2026-07-15,11:00,11:15,SHORT,29592.25,29627.25,-35.0,-76.0,SL
2026-07-15,11:30,11:45,SHORT,29615.75,29580.75,35.0,64.0,TP
2026-07-16,09:45,10:00,LONG,29347.5,29382.5,35.0,64.0,TP
2026-07-16,11:30,11:45,SHORT,29397.75,29432.75,-35.0,-76.0,SL
2026-07-16,12:30,12:45,SHORT,29292.75,29327.75,-35.0,-76.0,SL
2026-07-16,14:00,14:15,SHORT,29233.0,29268.0,-35.0,-76.0,SL
2026-07-20,10:30,10:45,SHORT,28964.5,28999.5,-35.0,-76.0,SL
2026-07-21,09:45,10:00,LONG,29152.75,29117.75,-35.0,-76.0,SL
2026-07-22,12:45,13:45,LONG,29310.5,29275.5,-35.0,-76.0,SL
2026-07-23,13:00,13:30,LONG,28642.5,28607.5,-35.0,-76.0,SL
2026-07-24,13:30,13:45,SHORT,28464.75,28499.75,-35.0,-76.0,SL
2026-07-27,11:00,11:15,SHORT,28124.75,28089.75,35.0,64.0,TP
2026-07-28,12:30,12:45,LONG,28032.75,27997.75,-35.0,-76.0,SL
2026-07-29,11:00,11:15,SHORT,27577.75,27612.75,-35.0,-76.0,SL
2026-07-29,12:30,12:45,SHORT,27504.0,27539.0,-35.0,-76.0,SL
2026-07-29,13:30,13:45,LONG,27681.0,27716.0,35.0,64.0,TP
2026-08-04,14:00,14:45,LONG,29859.0,29894.0,35.0,64.0,TP
2026-08-05,09:45,10:00,SHORT,30048.75,30013.75,35.0,64.0,TP
2026-08-05,12:30,12:45,SHORT,29788.5,29823.5,-35.0,-76.0,SL
2026-08-06,13:00,14:15,SHORT,29523.75,29558.75,-35.0,-76.0,SL
2026-08-07,12:45,14:15,SHORT,29739.5,29704.5,35.0,64.0,TP
2026-08-10,11:30,11:45,LONG,29808.25,29843.25,35.0,64.0,TP
2026-08-10,13:15,13:45,SHORT,29787.5,29752.5,35.0,64.0,TP
2026-08-11,09:45,10:00,LONG,29732.75,29767.75,35.0,64.0,TP
2026-08-11,13:45,14:15,SHORT,29628.75,29593.75,35.0,64.0,TP
2026-08-12,10:45,11:30,SHORT,29868.0,29833.0,35.0,64.0,TP
2026-08-13,11:00,11:15,LONG,30217.5,30182.5,-35.0,-76.0,SL
2026-08-14,09:45,10:00,SHORT,30228.25,30263.25,-35.0,-76.0,SL
