symbol,daily_range,cluster
AAL,3.118208735319534,MID
AAON,3.384663259625676,MID
AAPL,1.7525337837837902,CALM
ABBV,1.8312355159721911,CALM
ACLS,3.767394891764274,WILD
AEHR,6.581511060794375,WILD
AEM,2.4741928392584533,CALM
AG,4.50885668276973,WILD
AGX,3.9693402682726475,WILD
AI,4.4356607340219245,WILD
ALGT,4.254510921177592,WILD
ALK,3.098720452245651,MID
AMAT,2.782084692539765,MID
AMD,3.596611606033985,MID
AMKR,3.4366613617924253,MID
AMZN,2.086932825297292,CALM
APD,1.6919073549559547,CALM
APLD,8.210128146114707,WILD
APP,4.759963054190485,WILD
ARM,4.4455151596231675,WILD
ARRY,6.010139234192089,WILD
ATI,2.7759697040338334,MID
AVAV,3.8097892653832504,WILD
AVGO,3.137068937478481,MID
AXON,2.8245211385575244,MID
AXTI,7.682209990005674,WILD
BAC,1.7461383478844887,CALM
BBAI,7.202505219206675,WILD
BEAM,5.339121796286324,WILD
BHE,2.47908132824244,MID
BITQ,3.5026269702276585,MID
BKNG,2.1252012899383708,CALM
BLDR,3.0886357650535423,MID
BRKR,3.36007042848475,MID
BSX,1.703370820459433,CALM
BWXT,2.4410993873335585,CALM
C,1.9990623490519313,CALM
CACI,2.256965598256839,CALM
CAR,4.001382080980413,WILD
CAT,2.087587259024354,CALM
CBOE,1.9605388656479206,CALM
CC,3.8218010013171027,WILD
CCJ,3.590242766049119,MID
CCOI,3.3145254665044575,MID
CDE,4.8390719055217,WILD
CEG,3.440036771917717,MID
CELH,4.2590546428947,WILD
CENX,4.512515026758589,WILD
CHPT,5.970149253731331,WILD
CIEN,3.2516513551062616,MID
CIFR,8.89103700123517,WILD
CLF,4.052016639807487,WILD
CLS,4.742481613494017,WILD
CLSK,7.610932188226869,WILD
CMG,2.3183252474769263,CALM
CMI,1.931044322759637,CALM
CNC,2.568748636744888,MID
CNQ,2.003498171410396,CALM
COHR,4.602865858259149,WILD
COHU,3.4285714285714275,MID
COIN,5.277710889035659,WILD
COST,1.5525758645024685,CALM
CPNG,2.6621432239383163,MID
CRDO,5.810081681129331,WILD
CRM,2.3601772873501954,CALM
CRS,3.1633513957753636,MID
CRWV,7.1160308361336115,WILD
CSGP,2.4758167202521895,CALM
CSL,2.1847345132743405,CALM
CTRA,2.0878093622558245,CALM
CTSH,1.834584546713293,CALM
CVNA,4.881618125546148,WILD
CVX,1.6037614324359197,CALM
CW,2.1758990117099946,CALM
CYTK,3.666434929690271,WILD
DAL,2.6642206234263597,MID
DDOG,3.155472614099595,MID
DE,1.9580198546808396,CALM
DECK,2.7074069506068583,MID
DELL,3.507687815243981,MID
DHI,2.372629164714639,CALM
DKS,2.700738171949337,MID
DNN,4.610951008645524,WILD
DOCU,2.9864625253511927,MID
DT,2.392323494077246,CALM
DUOL,4.420752147937758,WILD
DVN,2.3529411764705843,CALM
DXCM,2.7364282057013485,MID
DY,2.846446782417864,MID
ELF,4.516429023357453,WILD
EME,2.456519112348295,CALM
EOSE,8.250825160415182,WILD
EPAM,2.7005357525027103,MID
EQT,2.5838118170031543,MID
EW,2.113296154975048,CALM
EXTR,2.8932801504620853,MID
EZPW,2.4390179919827,CALM
FCX,2.6712692031393033,MID
FFIV,1.961382168345887,CALM
FICO,2.78036810802851,MID
FIX,3.2510092992699935,MID
FLEX,2.958290347271906,MID
FN,3.9687093690695816,WILD
FSLR,4.062759135097283,WILD
FTNT,2.5745358022329725,MID
GDDY,2.0802629188300887,CALM
GDX,2.2321681491133636,CALM
GE,2.1548909494580197,CALM
GILD,2.013045934622691,CALM
GLW,2.230286886667911,CALM
GMED,2.1733859802740776,CALM
GOOGL,2.036742230415605,CALM
GS,1.9815546170400609,CALM
GVA,2.187681651745254,CALM
HAL,2.5275103163686365,MID
HIMS,6.3497512051532485,WILD
HL,4.2906234658812,WILD
HLIT,2.7607686418418886,MID
HOLX,1.4545237686781496,CALM
HOOD,4.675078523890618,WILD
HPE,2.6783843467269444,MID
HPQ,2.351389935813271,CALM
HUBS,3.2290851909526346,MID
HUT,7.815449428703083,WILD
HWM,2.202110195465603,CALM
HXL,2.171189979123177,CALM
IBB,1.4440939362075025,CALM
IBKR,2.426772725042965,CALM
INDI,5.86734693877551,WILD
INTC,3.7046343353322246,WILD
IONQ,6.954494920103808,WILD
IRDM,3.145928966960335,MID
IREN,8.430901115213945,WILD
ISRG,2.025575242602054,CALM
IT,2.109020418663371,CALM
ITA,1.3031914893617074,CALM
IWM,1.430637330854241,CALM
JBL,2.556582104163271,MID
JOBY,5.3669662710492325,WILD
JPM,1.6519285042333183,CALM
KKR,2.5597628844622595,MID
KLAC,2.8394376667083843,MID
KNX,2.5704641062034055,MID
KTOS,4.008069178065793,WILD
LAC,5.329153605015672,WILD
LFUS,2.4230005492416296,CALM
LITE,4.684821355166019,WILD
LLY,2.389957243764355,CALM
LMT,1.5946805875740668,CALM
LQDA,4.461894589186095,WILD
LRCX,3.1127524228819934,MID
LULU,2.754888266232549,MID
MA,1.4401532514623814,CALM
MARA,6.968554077351504,WILD
MDB,3.758400902619753,WILD
MDY,1.116148681387147,CALM
META,2.2875940447243246,CALM
MIR,3.1338970699278654,MID
MP,4.863386536162747,WILD
MRNA,4.731447852564143,WILD
MRVL,3.978505022902464,WILD
MSFT,1.6168960857241927,CALM
MSTR,5.878717198095808,WILD
MTRN,2.6801701303638255,MID
MTSI,3.1631006686863223,MID
MTZ,3.144483031989413,MID
MU,3.7195999816783387,WILD
MXL,4.806285490602769,WILD
MYRG,3.1993525762071644,MID
NBIS,7.444596102692527,WILD
NEM,2.5105344619105177,MID
NFLX,2.2666490872569884,CALM
NIO,4.140127388535043,WILD
NKE,2.1596513202837344,CALM
NOC,1.6313459861846988,CALM
NRG,3.0726817363488528,MID
NTAP,2.1944354546164258,CALM
NTLA,5.602218852385164,WILD
NTNX,2.886290464876317,MID
NU,2.953556260733209,MID
NUTX,6.490795217308791,WILD
NVDA,3.019777403334239,MID
NVT,2.7811876867321574,MID
NWL,3.713413321238942,WILD
OKLO,8.592813652982624,WILD
OKTA,2.9867139264961917,MID
OLLI,2.8824524784734904,MID
ON,3.4603959265107687,MID
ONDS,9.530317245132036,WILD
ONTO,3.8073828108853007,WILD
ORCL,2.694916954545656,MID
OUST,6.956250814953011,WILD
OXY,2.081440488973318,CALM
P,4.713331358625437,WILD
PANW,2.685745494093026,MID
PATH,3.7024723172101437,WILD
PENG,3.8952852661014084,WILD
PEP,1.4860652860870789,CALM
PFE,1.7683290284124786,CALM
PGR,1.7366118212724873,CALM
PI,4.05740211311293,WILD
PLAB,3.1407336872372102,MID
PLTR,4.129212049673886,WILD
PNR,1.8737607769506899,CALM
POET,7.372175980975021,WILD
POWL,4.766152197888747,WILD
PRIM,3.1238496101843714,MID
PTGX,3.5021323736309533,MID
PWR,2.5387337606809064,MID
QBTS,8.62793994380333,WILD
QCLN,1.9396328181723936,CALM
QCOM,2.4534352307160714,CALM
QQQ,1.2174549479189798,CALM
RBLX,3.5895806031259925,MID
RBRK,4.455519815473588,WILD
RDW,7.095864661654143,WILD
RGTI,8.262235277806662,WILD
RIOT,6.768911348767983,WILD
RIVN,4.828034449900633,WILD
RKLB,6.267887589206948,WILD
RKT,3.9861303906247736,WILD
RMBS,3.7629221730321847,WILD
RMD,1.9726463761218584,CALM
RRX,2.930771736593032,MID
RTX,1.5796570988248944,CALM
RUN,6.441250146713326,WILD
SAIA,3.4928978445002477,MID
SAIC,2.1198648721439586,CALM
SANM,2.7616062098820637,MID
SBUX,2.063914780292958,CALM
SHOP,3.4506338979018976,MID
SITM,4.559476019437985,WILD
SLB,2.3119918699186908,CALM
SMCI,5.982920197204269,WILD
SMH,2.1646730584158935,CALM
SMPL,2.4974801821468353,MID
SMTC,4.665241577509674,WILD
SNEX,2.6492933594058625,MID
SOUN,6.591703201207607,WILD
SOXX,2.106176900584802,CALM
SPY,0.8549566109519942,CALM
SSYS,3.4663366771209922,MID
STRL,4.033027046998955,WILD
STX,3.129738309257537,MID
TGTX,3.955951571721307,WILD
THC,2.754896451200942,MID
TKO,2.229804329767597,CALM
TMUS,1.7200846685321398,CALM
TOST,3.557136696970276,MID
TPL,3.0901136477924216,MID
TPR,2.5131829479919907,MID
TSLA,3.768820539232843,WILD
TT,1.96521306580961,CALM
TTD,3.4613775097173836,MID
TTMI,3.53504246181343,MID
TWLO,3.0975844812013085,MID
TXT,1.6687183695800831,CALM
TYL,1.9810261176665978,CALM
UAL,3.27084329666826,MID
UBER,2.669032881741685,MID
UCTT,3.985906188064308,WILD
UFPT,3.7771596726730374,WILD
UNH,2.1121381101520025,CALM
UPST,5.657447382322355,WILD
URA,2.986678126342932,MID
USAR,8.469607660982327,WILD
UTI,3.2599665625503524,MID
UUUU,5.495617713870272,WILD
V,1.4408393518019442,CALM
VECO,3.249566735178608,MID
VERI,7.563027651344701,WILD
VIAV,2.954110331112071,MID
VICR,4.225209147199585,WILD
VIRT,2.423698743735656,CALM
VSAT,5.5711587163199985,WILD
VSEC,3.263863935800705,MID
VST,4.12147153254473,WILD
WCC,2.5996877498397266,MID
WDC,3.6019720310147547,MID
WEN,2.609211408530622,MID
WFC,1.9263849590785027,CALM
WFRD,3.195211912379559,MID
WULF,8.562655848301816,WILD
XAR,1.4810113191579355,CALM
XBI,2.1185977181522553,CALM
XLE,1.5462366429067858,CALM
XLF,1.0955414012738847,CALM
XLK,1.4349465261214196,CALM
XOM,1.7203546037040232,CALM
XRT,1.497306101992223,CALM
YUM,1.5893156451978756,CALM
ZM,2.352910833927098,CALM
ZS,2.9368385225044173,MID
